# Blender v2.92.0 OBJ File: 'kettle.blend'
# www.blender.org
mtllib kettle.mtl
o Kettle
v 0.120571 0.156394 0.010008
v 0.119518 0.158314 0.010595
v 0.118747 0.159721 0.012199
v 0.118464 0.160235 0.014390
v 0.118747 0.159721 0.016581
v 0.119518 0.158314 0.018185
v 0.120571 0.156394 0.018772
v 0.121625 0.154473 0.018185
v 0.122396 0.153066 0.016581
v 0.122678 0.152552 0.014390
v 0.122396 0.153066 0.012199
v 0.121625 0.154473 0.010595
v 0.121400 0.156848 0.011188
v 0.120630 0.158251 0.011617
v 0.120067 0.159279 0.012789
v 0.119860 0.159655 0.014390
v 0.120067 0.159279 0.015991
v 0.120630 0.158251 0.017162
v 0.121400 0.156848 0.017591
v 0.122170 0.155444 0.017162
v 0.122733 0.154417 0.015991
v 0.122939 0.154041 0.014390
v 0.122733 0.154417 0.012789
v 0.122170 0.155444 0.011617
v 0.121711 0.157019 0.012174
v 0.121178 0.157990 0.012471
v 0.120788 0.158701 0.013282
v 0.120645 0.158962 0.014390
v 0.120788 0.158701 0.015498
v 0.121178 0.157990 0.016309
v 0.121711 0.157019 0.016606
v 0.122244 0.156047 0.016309
v 0.122634 0.155336 0.015498
v 0.122777 0.155075 0.014390
v 0.122634 0.155336 0.013282
v 0.122244 0.156047 0.012471
v 0.121950 0.157150 0.013894
v 0.121831 0.157367 0.013961
v 0.121744 0.157526 0.014142
v 0.121712 0.157584 0.014390
v 0.121744 0.157526 0.014638
v 0.121831 0.157367 0.014819
v 0.121950 0.157150 0.014885
v 0.122069 0.156933 0.014819
v 0.122157 0.156773 0.014638
v 0.122189 0.156715 0.014390
v 0.122157 0.156773 0.014142
v 0.122069 0.156933 0.013961
v 0.121960 0.157155 0.014390
v 0.120028 0.156096 0.009805
v 0.118926 0.158106 0.010419
v 0.118119 0.159577 0.012097
v 0.117823 0.160116 0.014390
v 0.118119 0.159577 0.016682
v 0.118926 0.158106 0.018361
v 0.120028 0.156096 0.018975
v 0.121130 0.154086 0.018361
v 0.121938 0.152614 0.016682
v 0.122233 0.152075 0.014390
v 0.121938 0.152614 0.012097
v 0.121130 0.154085 0.010419
v 0.119112 0.155593 0.009805
v 0.118010 0.157603 0.010419
v 0.117203 0.159075 0.012097
v 0.116908 0.159613 0.014390
v 0.117203 0.159075 0.016682
v 0.118010 0.157603 0.018361
v 0.119112 0.155593 0.018975
v 0.120215 0.153583 0.018361
v 0.121022 0.152112 0.016682
v 0.121317 0.151573 0.014390
v 0.121022 0.152112 0.012097
v 0.120215 0.153583 0.010419
v -0.120571 0.156394 0.010008
v -0.119518 0.158314 0.010595
v -0.118747 0.159721 0.012199
v -0.118464 0.160235 0.014390
v -0.118747 0.159721 0.016581
v -0.119518 0.158314 0.018185
v -0.120571 0.156394 0.018772
v -0.121625 0.154473 0.018185
v -0.122396 0.153066 0.016581
v -0.122678 0.152552 0.014390
v -0.122396 0.153066 0.012199
v -0.121625 0.154473 0.010595
v -0.121400 0.156848 0.011188
v -0.120630 0.158251 0.011617
v -0.120067 0.159279 0.012789
v -0.119860 0.159655 0.014390
v -0.120067 0.159279 0.015991
v -0.120630 0.158251 0.017162
v -0.121400 0.156848 0.017591
v -0.122170 0.155444 0.017162
v -0.122733 0.154417 0.015991
v -0.122939 0.154041 0.014390
v -0.122733 0.154417 0.012789
v -0.122170 0.155444 0.011617
v -0.121711 0.157019 0.012174
v -0.121178 0.157990 0.012471
v -0.120788 0.158701 0.013282
v -0.120645 0.158962 0.014390
v -0.120788 0.158701 0.015498
v -0.121178 0.157990 0.016309
v -0.121711 0.157019 0.016606
v -0.122244 0.156047 0.016309
v -0.122634 0.155336 0.015498
v -0.122777 0.155075 0.014390
v -0.122634 0.155336 0.013282
v -0.122244 0.156047 0.012471
v -0.121950 0.157150 0.013894
v -0.121831 0.157367 0.013961
v -0.121744 0.157526 0.014142
v -0.121712 0.157584 0.014390
v -0.121744 0.157526 0.014638
v -0.121831 0.157367 0.014819
v -0.121950 0.157150 0.014885
v -0.122069 0.156933 0.014819
v -0.122157 0.156773 0.014638
v -0.122189 0.156715 0.014390
v -0.122157 0.156773 0.014142
v -0.122069 0.156933 0.013961
v -0.121960 0.157155 0.014390
v -0.120028 0.156096 0.009805
v -0.118926 0.158106 0.010419
v -0.118119 0.159577 0.012097
v -0.117823 0.160116 0.014390
v -0.118119 0.159577 0.016682
v -0.118926 0.158106 0.018361
v -0.120028 0.156096 0.018975
v -0.121130 0.154086 0.018361
v -0.121938 0.152614 0.016682
v -0.122233 0.152075 0.014390
v -0.121938 0.152614 0.012097
v -0.121130 0.154085 0.010419
v -0.119112 0.155593 0.009805
v -0.118010 0.157603 0.010419
v -0.117203 0.159075 0.012097
v -0.116908 0.159613 0.014390
v -0.117203 0.159075 0.016682
v -0.118010 0.157603 0.018361
v -0.119112 0.155593 0.018975
v -0.120215 0.153583 0.018361
v -0.121022 0.152112 0.016682
v -0.121317 0.151573 0.014390
v -0.121022 0.152112 0.012097
v -0.120215 0.153583 0.010419
v 0.120571 0.156394 -0.010008
v 0.119518 0.158314 -0.010595
v 0.118747 0.159721 -0.012199
v 0.118464 0.160235 -0.014390
v 0.118747 0.159721 -0.016581
v 0.119518 0.158314 -0.018185
v 0.120571 0.156394 -0.018772
v 0.121625 0.154473 -0.018185
v 0.122396 0.153066 -0.016581
v 0.122678 0.152552 -0.014390
v 0.122396 0.153066 -0.012199
v 0.121625 0.154473 -0.010595
v 0.121400 0.156848 -0.011188
v 0.120630 0.158251 -0.011617
v 0.120067 0.159279 -0.012789
v 0.119860 0.159655 -0.014390
v 0.120067 0.159279 -0.015991
v 0.120630 0.158251 -0.017162
v 0.121400 0.156848 -0.017591
v 0.122170 0.155444 -0.017162
v 0.122733 0.154417 -0.015991
v 0.122939 0.154041 -0.014390
v 0.122733 0.154417 -0.012789
v 0.122170 0.155444 -0.011617
v 0.121711 0.157019 -0.012174
v 0.121178 0.157990 -0.012471
v 0.120788 0.158701 -0.013282
v 0.120645 0.158962 -0.014390
v 0.120788 0.158701 -0.015498
v 0.121178 0.157990 -0.016309
v 0.121711 0.157019 -0.016606
v 0.122244 0.156047 -0.016309
v 0.122634 0.155336 -0.015498
v 0.122777 0.155075 -0.014390
v 0.122634 0.155336 -0.013282
v 0.122244 0.156047 -0.012471
v 0.121950 0.157150 -0.013894
v 0.121831 0.157367 -0.013961
v 0.121744 0.157526 -0.014142
v 0.121712 0.157584 -0.014390
v 0.121744 0.157526 -0.014638
v 0.121831 0.157367 -0.014819
v 0.121950 0.157150 -0.014885
v 0.122069 0.156933 -0.014819
v 0.122157 0.156773 -0.014638
v 0.122189 0.156715 -0.014390
v 0.122157 0.156773 -0.014142
v 0.122069 0.156933 -0.013961
v 0.121960 0.157155 -0.014390
v 0.120028 0.156096 -0.009805
v 0.118926 0.158106 -0.010419
v 0.118119 0.159577 -0.012097
v 0.117823 0.160116 -0.014390
v 0.118119 0.159577 -0.016682
v 0.118926 0.158106 -0.018361
v 0.120028 0.156096 -0.018975
v 0.121130 0.154086 -0.018361
v 0.121938 0.152614 -0.016682
v 0.122233 0.152075 -0.014390
v 0.121938 0.152614 -0.012097
v 0.121130 0.154085 -0.010419
v 0.119112 0.155593 -0.009805
v 0.118010 0.157603 -0.010419
v 0.117203 0.159075 -0.012097
v 0.116908 0.159613 -0.014390
v 0.117203 0.159075 -0.016682
v 0.118010 0.157603 -0.018361
v 0.119112 0.155593 -0.018975
v 0.120215 0.153583 -0.018361
v 0.121022 0.152112 -0.016682
v 0.121317 0.151573 -0.014390
v 0.121022 0.152112 -0.012097
v 0.120215 0.153583 -0.010419
v -0.120571 0.156394 -0.010008
v -0.119518 0.158314 -0.010595
v -0.118747 0.159721 -0.012199
v -0.118464 0.160235 -0.014390
v -0.118747 0.159721 -0.016581
v -0.119518 0.158314 -0.018185
v -0.120571 0.156394 -0.018772
v -0.121625 0.154473 -0.018185
v -0.122396 0.153066 -0.016581
v -0.122678 0.152552 -0.014390
v -0.122396 0.153066 -0.012199
v -0.121625 0.154473 -0.010595
v -0.121400 0.156848 -0.011188
v -0.120630 0.158251 -0.011617
v -0.120067 0.159279 -0.012789
v -0.119860 0.159655 -0.014390
v -0.120067 0.159279 -0.015991
v -0.120630 0.158251 -0.017162
v -0.121400 0.156848 -0.017591
v -0.122170 0.155444 -0.017162
v -0.122733 0.154417 -0.015991
v -0.122939 0.154041 -0.014390
v -0.122733 0.154417 -0.012789
v -0.122170 0.155444 -0.011617
v -0.121711 0.157019 -0.012174
v -0.121178 0.157990 -0.012471
v -0.120788 0.158701 -0.013282
v -0.120645 0.158962 -0.014390
v -0.120788 0.158701 -0.015498
v -0.121178 0.157990 -0.016309
v -0.121711 0.157019 -0.016606
v -0.122244 0.156047 -0.016309
v -0.122634 0.155336 -0.015498
v -0.122777 0.155075 -0.014390
v -0.122634 0.155336 -0.013282
v -0.122244 0.156047 -0.012471
v -0.121950 0.157150 -0.013894
v -0.121831 0.157367 -0.013961
v -0.121744 0.157526 -0.014142
v -0.121712 0.157584 -0.014390
v -0.121744 0.157526 -0.014638
v -0.121831 0.157367 -0.014819
v -0.121950 0.157150 -0.014885
v -0.122069 0.156933 -0.014819
v -0.122157 0.156773 -0.014638
v -0.122189 0.156715 -0.014390
v -0.122157 0.156773 -0.014142
v -0.122069 0.156933 -0.013961
v -0.121960 0.157155 -0.014390
v -0.120028 0.156096 -0.009805
v -0.118926 0.158106 -0.010419
v -0.118119 0.159577 -0.012097
v -0.117823 0.160116 -0.014390
v -0.118119 0.159577 -0.016682
v -0.118926 0.158106 -0.018361
v -0.120028 0.156096 -0.018975
v -0.121130 0.154086 -0.018361
v -0.121938 0.152614 -0.016682
v -0.122233 0.152075 -0.014390
v -0.121938 0.152614 -0.012097
v -0.121130 0.154085 -0.010419
v -0.119112 0.155593 -0.009805
v -0.118010 0.157603 -0.010419
v -0.117203 0.159075 -0.012097
v -0.116908 0.159613 -0.014390
v -0.117203 0.159075 -0.016682
v -0.118010 0.157603 -0.018361
v -0.119112 0.155593 -0.018975
v -0.120215 0.153583 -0.018361
v -0.121022 0.152112 -0.016682
v -0.121317 0.151573 -0.014390
v -0.121022 0.152112 -0.012097
v -0.120215 0.153583 -0.010419
v 0.023296 0.158746 -0.109408
v 0.000000 0.158746 -0.111552
v 0.045697 0.158746 -0.103060
v 0.066341 0.158746 -0.092752
v 0.084436 0.158746 -0.078879
v 0.099286 0.158746 -0.061975
v 0.110321 0.158746 -0.042689
v 0.117116 0.158746 -0.021763
v 0.119411 0.158746 -0.000000
v 0.117116 0.158746 0.021763
v 0.110321 0.158746 0.042689
v 0.099286 0.158746 0.061975
v 0.084436 0.158746 0.078879
v 0.066341 0.158746 0.092752
v 0.045697 0.158746 0.103060
v 0.023296 0.158746 0.109408
v -0.000000 0.158746 0.111552
v -0.023296 0.158746 0.109408
v -0.045697 0.158746 0.103060
v -0.066341 0.158746 0.092752
v -0.084436 0.158746 0.078879
v -0.099286 0.158746 0.061975
v -0.110321 0.158746 0.042689
v -0.117116 0.158746 0.021763
v -0.119411 0.158746 -0.000000
v -0.117116 0.158746 -0.021763
v -0.110321 0.158746 -0.042689
v -0.099286 0.158746 -0.061975
v -0.084436 0.158746 -0.078879
v -0.066341 0.158746 -0.092752
v -0.045696 0.158746 -0.103060
v -0.023296 0.158746 -0.109408
v 0.021260 0.176958 -0.099849
v 0.000000 0.176958 -0.101805
v 0.041704 0.176958 -0.094056
v 0.060545 0.176958 -0.084648
v 0.077059 0.176958 -0.071987
v 0.090611 0.176958 -0.056560
v 0.100682 0.176958 -0.038959
v 0.106883 0.176958 -0.019861
v 0.108977 0.176958 -0.000000
v 0.106883 0.176958 0.019861
v 0.100682 0.176958 0.038959
v 0.090611 0.176958 0.056560
v 0.077059 0.176958 0.071987
v 0.060545 0.176958 0.084648
v 0.041704 0.176958 0.094056
v 0.021260 0.176958 0.099849
v -0.000000 0.176958 0.101805
v -0.021260 0.176958 0.099849
v -0.041704 0.176958 0.094056
v -0.060545 0.176958 0.084648
v -0.077059 0.176958 0.071987
v -0.090611 0.176958 0.056560
v -0.100682 0.176958 0.038959
v -0.106884 0.176958 0.019861
v -0.108977 0.176958 -0.000000
v -0.106883 0.176958 -0.019861
v -0.100682 0.176958 -0.038959
v -0.090611 0.176958 -0.056560
v -0.077059 0.176958 -0.071987
v -0.060545 0.176958 -0.084648
v -0.041704 0.176958 -0.094056
v -0.021260 0.176958 -0.099849
v 0.020200 0.188825 -0.094869
v 0.000000 0.188825 -0.096727
v 0.039624 0.188825 -0.089364
v 0.057525 0.188825 -0.080426
v 0.073215 0.188825 -0.068397
v 0.086092 0.188825 -0.053739
v 0.095660 0.188825 -0.037016
v 0.101553 0.188825 -0.018871
v 0.103542 0.188825 -0.000000
v 0.101553 0.188825 0.018871
v 0.095660 0.188825 0.037016
v 0.086092 0.188825 0.053739
v 0.073215 0.188825 0.068397
v 0.057525 0.188825 0.080426
v 0.039624 0.188825 0.089364
v 0.020200 0.188825 0.094869
v -0.000000 0.188825 0.096727
v -0.020200 0.188825 0.094869
v -0.039624 0.188825 0.089364
v -0.057525 0.188825 0.080426
v -0.073215 0.188825 0.068397
v -0.086092 0.188825 0.053739
v -0.095660 0.188825 0.037016
v -0.101553 0.188825 0.018870
v -0.103542 0.188825 -0.000000
v -0.101553 0.188825 -0.018871
v -0.095660 0.188825 -0.037016
v -0.086092 0.188825 -0.053739
v -0.073215 0.188825 -0.068397
v -0.057525 0.188825 -0.080426
v -0.039624 0.188825 -0.089365
v -0.020200 0.188825 -0.094869
v 0.000000 -0.000182 -0.096102
v 0.020069 -0.000182 -0.094255
v 0.039368 -0.000182 -0.088787
v 0.057153 -0.000182 -0.079906
v 0.072742 -0.000182 -0.067954
v 0.085536 -0.000182 -0.053391
v 0.095042 -0.000182 -0.036777
v 0.100896 -0.000182 -0.018749
v 0.102873 -0.000182 -0.000000
v 0.100896 -0.000182 0.018749
v 0.095042 -0.000182 0.036777
v 0.085536 -0.000182 0.053391
v 0.072742 -0.000182 0.067954
v 0.057153 -0.000182 0.079906
v 0.039368 -0.000182 0.088787
v 0.020069 -0.000182 0.094255
v -0.000000 -0.000182 0.096102
v -0.020070 -0.000182 0.094255
v -0.039368 -0.000182 0.088787
v -0.057153 -0.000182 0.079906
v -0.072742 -0.000182 0.067954
v -0.085536 -0.000182 0.053391
v -0.095042 -0.000182 0.036777
v -0.100896 -0.000182 0.018748
v -0.102873 -0.000182 -0.000000
v -0.100896 -0.000182 -0.018749
v -0.095042 -0.000182 -0.036777
v -0.085535 -0.000182 -0.053392
v -0.072742 -0.000182 -0.067955
v -0.057153 -0.000182 -0.079906
v -0.039368 -0.000182 -0.088787
v -0.020069 -0.000182 -0.094256
v 0.000000 -0.008296 -0.074232
v 0.015502 -0.008296 -0.072805
v 0.030409 -0.008296 -0.068581
v 0.044146 -0.008296 -0.061721
v 0.056188 -0.008296 -0.052490
v 0.066070 -0.008296 -0.041241
v 0.073413 -0.008296 -0.028407
v 0.077935 -0.008296 -0.014482
v 0.079461 -0.008296 -0.000000
v 0.077935 -0.008296 0.014482
v 0.073413 -0.008296 0.028407
v 0.066070 -0.008296 0.041241
v 0.056188 -0.008296 0.052490
v 0.044146 -0.008296 0.061721
v 0.030409 -0.008296 0.068581
v 0.015502 -0.008296 0.072805
v -0.000000 -0.008296 0.074232
v -0.015502 -0.008296 0.072805
v -0.030409 -0.008296 0.068581
v -0.044146 -0.008296 0.061721
v -0.056188 -0.008296 0.052490
v -0.066070 -0.008296 0.041241
v -0.073413 -0.008296 0.028407
v -0.077935 -0.008296 0.014482
v -0.079461 -0.008296 -0.000000
v -0.077935 -0.008296 -0.014482
v -0.073413 -0.008296 -0.028407
v -0.066070 -0.008296 -0.041241
v -0.056188 -0.008296 -0.052490
v -0.044146 -0.008296 -0.061721
v -0.030408 -0.008296 -0.068581
v -0.015502 -0.008296 -0.072805
v 0.000000 -0.009992 -0.000000
v 0.020654 0.191834 -0.097000
v -0.000000 0.191834 -0.098901
v 0.040514 0.191834 -0.091372
v 0.058817 0.191834 -0.082233
v 0.074860 0.191834 -0.069933
v 0.088027 0.191834 -0.054946
v 0.097810 0.191834 -0.037848
v 0.103834 0.191834 -0.019295
v 0.105869 0.191834 -0.000000
v 0.103834 0.191834 0.019295
v 0.097810 0.191834 0.037848
v 0.088027 0.191834 0.054946
v 0.074860 0.191834 0.069933
v 0.058817 0.191834 0.082233
v 0.040514 0.191834 0.091372
v 0.020654 0.191834 0.097000
v -0.000000 0.191834 0.098901
v -0.020654 0.191834 0.097000
v -0.040514 0.191834 0.091372
v -0.058817 0.191834 0.082233
v -0.074860 0.191834 0.069933
v -0.088027 0.191834 0.054946
v -0.097810 0.191834 0.037848
v -0.103834 0.191834 0.019294
v -0.105869 0.191834 -0.000000
v -0.103834 0.191834 -0.019295
v -0.097810 0.191834 -0.037848
v -0.088026 0.191834 -0.054946
v -0.074860 0.191834 -0.069934
v -0.058817 0.191834 -0.082233
v -0.040514 0.191834 -0.091372
v -0.020654 0.191834 -0.097000
v 0.000000 0.146025 -0.118152
v 0.024674 0.146025 -0.115881
v 0.048400 0.146025 -0.109158
v 0.070266 0.146025 -0.098239
v 0.089432 0.146025 -0.083546
v 0.105161 0.146025 -0.065641
v 0.116848 0.146025 -0.045215
v 0.124045 0.146025 -0.023050
v 0.126476 0.146025 -0.000000
v 0.124045 0.146025 0.023050
v 0.116848 0.146025 0.045215
v 0.105161 0.146025 0.065641
v 0.089432 0.146025 0.083546
v 0.070266 0.146025 0.098239
v 0.048400 0.146025 0.109158
v 0.024674 0.146025 0.115881
v -0.000000 0.146025 0.118152
v -0.024674 0.146025 0.115881
v -0.048400 0.146025 0.109158
v -0.070266 0.146025 0.098239
v -0.089432 0.146025 0.083546
v -0.105161 0.146025 0.065641
v -0.116848 0.146025 0.045215
v -0.124045 0.146025 0.023050
v -0.126476 0.146025 -0.000000
v -0.124045 0.146025 -0.023050
v -0.116848 0.146025 -0.045215
v -0.105161 0.146025 -0.065642
v -0.089432 0.146025 -0.083546
v -0.070266 0.146025 -0.098239
v -0.048400 0.146025 -0.109158
v -0.024674 0.146025 -0.115881
v 0.020654 0.191834 -0.097000
v -0.000000 0.191834 -0.098901
v 0.040514 0.191834 -0.091372
v 0.058817 0.191834 -0.082233
v 0.074860 0.191834 -0.069933
v 0.088027 0.191834 -0.054946
v 0.097810 0.191834 -0.037848
v 0.103834 0.191834 -0.019295
v 0.105869 0.191834 -0.000000
v 0.103834 0.191834 0.019295
v 0.097810 0.191834 0.037848
v 0.088027 0.191834 0.054946
v 0.074860 0.191834 0.069933
v 0.058817 0.191834 0.082233
v 0.040514 0.191834 0.091372
v 0.020654 0.191834 0.097000
v -0.000000 0.191834 0.098901
v -0.020654 0.191834 0.097000
v -0.040514 0.191834 0.091372
v -0.058817 0.191834 0.082233
v -0.074860 0.191834 0.069933
v -0.088027 0.191834 0.054946
v -0.097810 0.191834 0.037848
v -0.103834 0.191834 0.019294
v -0.105869 0.191834 -0.000000
v -0.103834 0.191834 -0.019295
v -0.097810 0.191834 -0.037848
v -0.088026 0.191834 -0.054946
v -0.074860 0.191834 -0.069934
v -0.058817 0.191834 -0.082233
v -0.040514 0.191834 -0.091372
v -0.020654 0.191834 -0.097000
v 0.020461 0.191834 -0.096093
v -0.000000 0.191834 -0.097976
v 0.040135 0.191834 -0.090518
v 0.058267 0.191834 -0.081464
v 0.074160 0.191834 -0.069279
v 0.087203 0.191834 -0.054432
v 0.096895 0.191834 -0.037494
v 0.102863 0.191834 -0.019114
v 0.104878 0.191834 -0.000000
v 0.102863 0.191834 0.019114
v 0.096895 0.191834 0.037494
v 0.087203 0.191834 0.054432
v 0.074160 0.191834 0.069279
v 0.058267 0.191834 0.081464
v 0.040135 0.191834 0.090518
v 0.020461 0.191834 0.096093
v -0.000000 0.191834 0.097976
v -0.020461 0.191834 0.096093
v -0.040135 0.191834 0.090518
v -0.058267 0.191834 0.081464
v -0.074160 0.191834 0.069279
v -0.087203 0.191834 0.054432
v -0.096895 0.191834 0.037494
v -0.102863 0.191834 0.019114
v -0.104878 0.191834 -0.000000
v -0.102863 0.191834 -0.019114
v -0.096895 0.191834 -0.037494
v -0.087203 0.191834 -0.054432
v -0.074160 0.191834 -0.069279
v -0.058267 0.191834 -0.081464
v -0.040135 0.191834 -0.090518
v -0.020461 0.191834 -0.096093
v 0.020461 0.192559 -0.096093
v -0.000000 0.192559 -0.097976
v 0.040135 0.192559 -0.090518
v 0.058267 0.192559 -0.081464
v 0.074160 0.192559 -0.069279
v 0.087203 0.192559 -0.054432
v 0.096895 0.192559 -0.037494
v 0.102863 0.192559 -0.019114
v 0.104878 0.192559 -0.000000
v 0.102863 0.192559 0.019114
v 0.096895 0.192559 0.037494
v 0.087203 0.192559 0.054432
v 0.074160 0.192559 0.069279
v 0.058267 0.192559 0.081464
v 0.040135 0.192559 0.090518
v 0.020461 0.192559 0.096093
v -0.000000 0.192559 0.097976
v -0.020461 0.192559 0.096093
v -0.040135 0.192559 0.090518
v -0.058267 0.192559 0.081464
v -0.074160 0.192559 0.069279
v -0.087203 0.192559 0.054432
v -0.096895 0.192559 0.037494
v -0.102863 0.192559 0.019114
v -0.104878 0.192559 -0.000000
v -0.102863 0.192559 -0.019114
v -0.096895 0.192559 -0.037494
v -0.087203 0.192559 -0.054432
v -0.074160 0.192559 -0.069279
v -0.058267 0.192559 -0.081464
v -0.040135 0.192559 -0.090518
v -0.020461 0.192559 -0.096093
v 0.020659 0.192559 -0.097024
v -0.000000 0.192559 -0.098925
v 0.040524 0.192559 -0.091395
v 0.058832 0.192559 -0.082253
v 0.074879 0.192559 -0.069951
v 0.088048 0.192559 -0.054960
v 0.097834 0.192559 -0.037857
v 0.103860 0.192559 -0.019299
v 0.105895 0.192559 -0.000000
v 0.103860 0.192559 0.019299
v 0.097834 0.192559 0.037857
v 0.088048 0.192559 0.054960
v 0.074879 0.192559 0.069951
v 0.058832 0.192559 0.082253
v 0.040524 0.192559 0.091395
v 0.020659 0.192559 0.097024
v -0.000000 0.192559 0.098925
v -0.020659 0.192559 0.097024
v -0.040524 0.192559 0.091395
v -0.058832 0.192559 0.082253
v -0.074879 0.192559 0.069951
v -0.088048 0.192559 0.054960
v -0.097834 0.192559 0.037857
v -0.103860 0.192559 0.019299
v -0.105895 0.192559 -0.000000
v -0.103860 0.192559 -0.019299
v -0.097834 0.192559 -0.037857
v -0.088048 0.192559 -0.054960
v -0.074879 0.192559 -0.069951
v -0.058832 0.192559 -0.082253
v -0.040524 0.192559 -0.091395
v -0.020659 0.192559 -0.097025
v 0.021252 0.194922 -0.099808
v -0.000000 0.194922 -0.101764
v 0.041687 0.194922 -0.094017
v 0.060520 0.194922 -0.084613
v 0.077027 0.194922 -0.071958
v 0.090575 0.194922 -0.056537
v 0.100641 0.194922 -0.038943
v 0.106840 0.194922 -0.019853
v 0.108933 0.194922 -0.000000
v 0.106840 0.194922 0.019853
v 0.100641 0.194922 0.038943
v 0.090575 0.194922 0.056537
v 0.077027 0.194922 0.071958
v 0.060520 0.194922 0.084613
v 0.041687 0.194922 0.094017
v 0.021252 0.194922 0.099808
v -0.000000 0.194922 0.101764
v -0.021252 0.194922 0.099808
v -0.041687 0.194922 0.094017
v -0.060520 0.194922 0.084613
v -0.077027 0.194922 0.071958
v -0.090575 0.194922 0.056537
v -0.100641 0.194922 0.038943
v -0.106840 0.194922 0.019853
v -0.108933 0.194922 -0.000000
v -0.106840 0.194922 -0.019853
v -0.100641 0.194922 -0.038943
v -0.090574 0.194922 -0.056537
v -0.077027 0.194922 -0.071958
v -0.060520 0.194922 -0.084613
v -0.041687 0.194922 -0.094017
v -0.021252 0.194922 -0.099808
v 0.019388 0.201890 -0.097457
v -0.001363 0.201890 -0.099367
v 0.039342 0.201890 -0.091803
v 0.057731 0.201890 -0.082620
v 0.073850 0.201890 -0.070263
v 0.087078 0.201890 -0.055205
v 0.096907 0.201890 -0.038026
v 0.102960 0.201890 -0.019385
v 0.105004 0.201890 -0.000000
v 0.102960 0.201890 0.019385
v 0.096907 0.201890 0.038026
v 0.087078 0.201890 0.055205
v 0.073850 0.201890 0.070263
v 0.057731 0.201890 0.082620
v 0.039342 0.201890 0.091803
v 0.019388 0.201890 0.097457
v -0.001363 0.201890 0.099367
v -0.022114 0.201890 0.097457
v -0.042068 0.201890 0.091803
v -0.060458 0.201890 0.082620
v -0.076576 0.201890 0.070263
v -0.089804 0.201890 0.055205
v -0.099634 0.201890 0.038026
v -0.105687 0.201890 0.019385
v -0.107730 0.201890 -0.000000
v -0.105687 0.201890 -0.019386
v -0.099634 0.201890 -0.038026
v -0.089804 0.201890 -0.055205
v -0.076576 0.201890 -0.070263
v -0.060458 0.201890 -0.082620
v -0.042068 0.201890 -0.091803
v -0.022114 0.201890 -0.097457
v -0.069034 0.209009 0.042240
v -0.058913 0.209009 0.053762
v 0.080024 0.209009 -0.000000
v 0.078460 0.209009 -0.014833
v -0.076555 0.209009 0.029096
v 0.078460 0.209009 0.014833
v -0.081187 0.209009 0.014833
v 0.073829 0.209009 0.029096
v -0.082750 0.209009 -0.000000
v 0.066308 0.209009 0.042240
v -0.081187 0.209009 -0.014833
v 0.056186 0.209009 0.053762
v -0.076555 0.209009 -0.029096
v 0.043853 0.209009 0.063217
v -0.069034 0.209009 -0.042240
v 0.029782 0.209009 0.070243
v 0.014515 0.209009 -0.074570
v -0.001363 0.209009 -0.076031
v -0.058913 0.209009 -0.053762
v 0.014515 0.209009 0.074570
v 0.029782 0.209009 -0.070243
v -0.046579 0.209009 -0.063217
v -0.001363 0.209009 0.076031
v 0.043853 0.209009 -0.063217
v -0.032509 0.209009 -0.070243
v -0.017241 0.209009 0.074570
v 0.056186 0.209009 -0.053762
v -0.017241 0.209009 -0.074570
v -0.032509 0.209009 0.070243
v 0.066308 0.209009 -0.042240
v -0.046580 0.209009 0.063217
v 0.073829 0.209009 -0.029096
v -0.044580 0.212569 0.040372
v 0.058580 0.212569 -0.011139
v -0.001363 0.212569 -0.057095
v -0.052181 0.212569 0.031720
v 0.059754 0.212569 -0.000000
v -0.057828 0.212569 0.021849
v 0.058580 0.212569 0.011139
v -0.061306 0.212569 0.011139
v 0.055102 0.212569 0.021849
v -0.062481 0.212569 -0.000000
v 0.049454 0.212569 0.031720
v -0.061306 0.212569 -0.011139
v 0.041853 0.212569 0.040372
v -0.057828 0.212569 -0.021849
v 0.032592 0.212569 0.047473
v -0.052180 0.212569 -0.031720
v 0.022025 0.212569 0.052749
v 0.010560 0.212569 -0.055998
v -0.044580 0.212569 -0.040372
v 0.010560 0.212569 0.055998
v 0.022025 0.212569 -0.052749
v -0.035318 0.212569 -0.047473
v -0.001363 0.212569 0.057095
v 0.032592 0.212569 -0.047473
v -0.024752 0.212569 -0.052749
v -0.013287 0.212569 0.055998
v 0.041853 0.212569 -0.040372
v -0.013287 0.212569 -0.055998
v -0.024752 0.212569 0.052749
v 0.049454 0.212569 -0.031720
v -0.035318 0.212569 0.047473
v 0.055102 0.212569 -0.021849
v -0.021741 0.196698 -0.100473
v -0.022192 0.200059 -0.099506
v -0.022089 0.198390 -0.100556
v -0.042565 0.200062 -0.093730
v -0.042312 0.196699 -0.094644
v -0.042677 0.198391 -0.094721
v -0.042313 0.196699 0.094644
v -0.042565 0.200062 0.093730
v -0.042678 0.198391 0.094721
v -0.022193 0.200059 0.099506
v -0.021741 0.196698 0.100473
v -0.022089 0.198390 0.100556
v 0.090828 0.196690 -0.056911
v 0.089315 0.200043 -0.056376
v 0.090579 0.198383 -0.056963
v 0.075804 0.200045 -0.071751
v 0.077191 0.196691 -0.072434
v 0.076930 0.198384 -0.072499
v -0.000347 0.196696 -0.102440
v -0.001005 0.200056 -0.101459
v -0.000678 0.198388 -0.102526
v -0.061272 0.196701 0.085178
v -0.061339 0.200064 0.084352
v -0.061651 0.198392 0.085246
v 0.100961 0.196689 -0.039201
v 0.099355 0.200041 -0.038833
v 0.100722 0.198382 -0.039237
v -0.077890 0.196702 0.072439
v -0.077794 0.200067 0.071734
v -0.078282 0.198393 0.072495
v 0.107201 0.196689 -0.019984
v 0.105537 0.200040 -0.019797
v 0.106968 0.198382 -0.020003
v -0.091529 0.196703 0.056915
v -0.091298 0.200068 0.056360
v -0.091930 0.198394 0.056959
v 0.109308 0.196689 -0.000000
v 0.107625 0.200040 -0.000000
v 0.109077 0.198382 -0.000000
v -0.101663 0.196704 0.039204
v -0.101331 0.200070 0.038821
v -0.102072 0.198395 0.039234
v 0.107201 0.196689 0.019984
v 0.105537 0.200040 0.019797
v 0.106968 0.198382 0.020003
v -0.107904 0.196705 0.019986
v -0.107510 0.200071 0.019790
v -0.108317 0.198395 0.020001
v 0.100961 0.196689 0.039201
v 0.099355 0.200041 0.038833
v 0.100722 0.198382 0.039237
v -0.110011 0.196705 -0.000000
v -0.109596 0.200071 -0.000000
v -0.110425 0.198395 -0.000000
v 0.090828 0.196690 0.056911
v 0.089315 0.200043 0.056376
v 0.090579 0.198383 0.056963
v -0.107904 0.196705 -0.019986
v -0.107510 0.200071 -0.019790
v -0.108317 0.198395 -0.020001
v 0.077191 0.196691 0.072434
v 0.075804 0.200045 0.071751
v 0.076930 0.198384 0.072499
v -0.101663 0.196704 -0.039204
v -0.101331 0.200070 -0.038821
v -0.102072 0.198395 -0.039234
v 0.060575 0.196692 0.085174
v 0.059342 0.200047 0.084368
v 0.060297 0.198385 0.085250
v -0.091529 0.196703 -0.056915
v -0.091297 0.200068 -0.056360
v -0.091930 0.198394 -0.056959
v 0.041617 0.196693 0.094641
v 0.040562 0.200050 0.093742
v 0.041322 0.198386 0.094724
v 0.021046 0.196695 -0.100471
v 0.020185 0.200053 -0.099513
v 0.020733 0.198387 -0.100557
v -0.077890 0.196702 -0.072439
v -0.077794 0.200067 -0.071734
v -0.078282 0.198393 -0.072495
v 0.021046 0.196695 0.100471
v 0.020185 0.200053 0.099513
v 0.020733 0.198387 0.100557
v 0.041617 0.196693 -0.094641
v 0.040562 0.200050 -0.093742
v 0.041322 0.198386 -0.094724
v -0.061272 0.196701 -0.085178
v -0.061339 0.200064 -0.084352
v -0.061651 0.198392 -0.085246
v -0.000347 0.196696 0.102440
v -0.001005 0.200056 0.101459
v -0.000678 0.198388 0.102526
v 0.060575 0.196692 -0.085174
v 0.059342 0.200047 -0.084368
v 0.060297 0.198385 -0.085250
v -0.026869 0.215396 0.023827
v 0.034014 0.215396 -0.006574
v -0.001363 0.215396 -0.033696
v -0.031355 0.215396 0.018721
v 0.034707 0.215396 -0.000000
v -0.034688 0.215396 0.012895
v 0.034014 0.215396 0.006574
v -0.036740 0.215396 0.006574
v 0.031961 0.215396 0.012895
v -0.037433 0.215396 -0.000000
v 0.028628 0.215396 0.018721
v -0.036740 0.215396 -0.006574
v 0.024142 0.215396 0.023827
v -0.034688 0.215396 -0.012895
v 0.018676 0.215396 0.028017
v -0.031355 0.215396 -0.018721
v 0.012440 0.215396 0.031131
v 0.005674 0.215396 -0.033049
v -0.026869 0.215396 -0.023827
v 0.005674 0.215396 0.033049
v 0.012440 0.215396 -0.031131
v -0.021403 0.215396 -0.028017
v -0.001363 0.215396 0.033696
v 0.018676 0.215396 -0.028017
v -0.015167 0.215396 -0.031131
v -0.008400 0.215396 0.033049
v 0.024142 0.215396 -0.023827
v -0.008400 0.215396 -0.033049
v -0.015167 0.215396 0.031131
v 0.028628 0.215396 -0.018721
v -0.021403 0.215396 0.028017
v 0.031961 0.215396 -0.012895
v -0.001290 0.241440 -0.000000
v 0.001483 0.239650 -0.013030
v -0.001291 0.239650 -0.013285
v 0.004151 0.239650 -0.012274
v 0.006609 0.239650 -0.011046
v 0.008764 0.239650 -0.009394
v 0.010533 0.239650 -0.007381
v 0.011847 0.239650 -0.005084
v 0.012656 0.239650 -0.002592
v 0.012929 0.239650 -0.000000
v 0.012656 0.239650 0.002592
v 0.011847 0.239650 0.005084
v 0.010533 0.239650 0.007381
v 0.008764 0.239650 0.009394
v 0.006609 0.239650 0.011046
v 0.004151 0.239650 0.012273
v 0.001483 0.239650 0.013029
v -0.001291 0.239650 0.013285
v -0.004066 0.239650 0.013029
v -0.006733 0.239650 0.012273
v -0.009192 0.239650 0.011046
v -0.011347 0.239650 0.009394
v -0.013115 0.239650 0.007381
v -0.014430 0.239650 0.005084
v -0.015239 0.239650 0.002592
v -0.015512 0.239650 -0.000000
v -0.015239 0.239650 -0.002592
v -0.014430 0.239650 -0.005084
v -0.013115 0.239650 -0.007381
v -0.011347 0.239650 -0.009394
v -0.009192 0.239650 -0.011046
v -0.006733 0.239650 -0.012274
v -0.004066 0.239650 -0.013030
v -0.010272 0.217032 0.008323
v 0.010996 0.217032 -0.002296
v -0.001362 0.217032 -0.011771
v -0.011839 0.217032 0.006540
v 0.011238 0.217032 -0.000000
v -0.013003 0.217032 0.004505
v 0.010996 0.217032 0.002296
v -0.013720 0.217032 0.002296
v 0.010279 0.217032 0.004505
v -0.013962 0.217032 -0.000000
v 0.009115 0.217032 0.006540
v -0.013720 0.217032 -0.002296
v 0.007548 0.217032 0.008323
v -0.013003 0.217032 -0.004505
v 0.005638 0.217032 0.009787
v -0.011839 0.217032 -0.006540
v 0.003460 0.217032 0.010875
v 0.001096 0.217032 -0.011545
v -0.010272 0.217032 -0.008323
v 0.001096 0.217032 0.011545
v 0.003460 0.217032 -0.010875
v -0.008362 0.217032 -0.009787
v -0.001362 0.217032 0.011771
v 0.005638 0.217032 -0.009787
v -0.006184 0.217032 -0.010875
v -0.003820 0.217032 0.011545
v 0.007548 0.217032 -0.008323
v -0.003820 0.217032 -0.011545
v -0.006184 0.217032 0.010875
v 0.009115 0.217032 -0.006540
v -0.008362 0.217032 0.009787
v 0.010279 0.217032 -0.004505
v 0.002739 0.217197 -0.009247
v 0.000730 0.217197 -0.009816
v -0.001360 0.217197 -0.010008
v -0.003450 0.217197 -0.009816
v 0.004592 0.217197 -0.008322
v 0.006215 0.217197 -0.007077
v 0.007547 0.217197 -0.005560
v 0.008538 0.217197 -0.003830
v 0.009147 0.217197 -0.001953
v 0.009353 0.217197 -0.000000
v 0.009147 0.217197 0.001952
v 0.008538 0.217197 0.003830
v 0.007547 0.217197 0.005560
v 0.006215 0.217197 0.007077
v 0.004592 0.217197 0.008322
v 0.002739 0.217197 0.009246
v 0.000730 0.217197 0.009816
v -0.001360 0.217197 0.010008
v -0.003450 0.217197 0.009816
v -0.005460 0.217197 0.009246
v -0.007312 0.217197 0.008322
v -0.008936 0.217197 0.007077
v -0.010268 0.217197 0.005560
v -0.011258 0.217197 0.003830
v -0.011868 0.217197 0.001952
v -0.012074 0.217197 -0.000000
v -0.011868 0.217197 -0.001953
v -0.011258 0.217197 -0.003830
v -0.010268 0.217197 -0.005560
v -0.008936 0.217197 -0.007077
v -0.007312 0.217197 -0.008322
v -0.005460 0.217197 -0.009247
v 0.010279 0.217276 -0.004505
v -0.008362 0.217276 0.009787
v 0.009115 0.217276 -0.006540
v -0.006184 0.217276 0.010875
v -0.003820 0.217276 -0.011545
v 0.007548 0.217276 -0.008323
v -0.003820 0.217276 0.011545
v -0.006184 0.217276 -0.010875
v 0.005638 0.217276 -0.009787
v -0.001362 0.217276 0.011771
v -0.008362 0.217276 -0.009787
v 0.003460 0.217276 -0.010875
v 0.001096 0.217276 0.011545
v -0.010272 0.217276 -0.008323
v 0.001096 0.217276 -0.011545
v 0.003460 0.217276 0.010875
v -0.011839 0.217276 -0.006540
v 0.005638 0.217276 0.009787
v -0.013003 0.217276 -0.004505
v 0.007548 0.217276 0.008323
v -0.013720 0.217276 -0.002296
v 0.009115 0.217276 0.006540
v -0.013962 0.217276 -0.000000
v 0.010279 0.217276 0.004505
v -0.013720 0.217276 0.002296
v 0.010996 0.217276 0.002296
v -0.013003 0.217276 0.004505
v 0.011238 0.217276 -0.000000
v -0.011839 0.217276 0.006540
v -0.001362 0.217276 -0.011771
v 0.010996 0.217276 -0.002296
v -0.010272 0.217276 0.008323
v 0.000000 0.019459 -0.122579
v 0.000000 0.036540 -0.127119
v 0.000000 0.027981 -0.125789
v 0.026547 0.036540 -0.124677
v 0.025599 0.019459 -0.120223
v 0.026269 0.027981 -0.123372
v 0.052074 0.036540 -0.117443
v 0.050214 0.019459 -0.113248
v 0.051529 0.027981 -0.116214
v 0.075599 0.036540 -0.105696
v 0.072899 0.019459 -0.101920
v 0.074809 0.027981 -0.104590
v 0.096220 0.036540 -0.089887
v 0.092783 0.019459 -0.086676
v 0.095213 0.027981 -0.088947
v 0.113143 0.036540 -0.070624
v 0.109101 0.019459 -0.068101
v 0.111959 0.027981 -0.069885
v 0.125717 0.036540 -0.048647
v 0.121227 0.019459 -0.046909
v 0.124402 0.027981 -0.048138
v 0.133461 0.036540 -0.024800
v 0.128693 0.019459 -0.023914
v 0.132064 0.027981 -0.024540
v 0.136075 0.036540 -0.000000
v 0.131215 0.019459 -0.000000
v 0.134652 0.027981 -0.000000
v 0.133461 0.036540 0.024800
v 0.128693 0.019459 0.023914
v 0.132064 0.027981 0.024540
v 0.125717 0.036540 0.048647
v 0.121227 0.019459 0.046909
v 0.124402 0.027981 0.048138
v 0.113143 0.036540 0.070624
v 0.109101 0.019459 0.068101
v 0.111959 0.027981 0.069885
v 0.096220 0.036540 0.089887
v 0.092783 0.019459 0.086676
v 0.095213 0.027981 0.088947
v 0.075599 0.036540 0.105696
v 0.072899 0.019459 0.101920
v 0.074809 0.027981 0.104590
v 0.052074 0.036540 0.117443
v 0.050214 0.019459 0.113248
v 0.051529 0.027981 0.116214
v 0.026547 0.036540 0.124677
v 0.025599 0.019459 0.120223
v 0.026269 0.027981 0.123372
v -0.000000 0.036540 0.127119
v -0.000000 0.019459 0.122579
v -0.000000 0.027981 0.125789
v -0.026547 0.036540 0.124677
v -0.025599 0.019459 0.120223
v -0.026269 0.027981 0.123372
v -0.052074 0.036540 0.117443
v -0.050214 0.019459 0.113248
v -0.051529 0.027981 0.116214
v -0.075600 0.036540 0.105696
v -0.072899 0.019459 0.101920
v -0.074809 0.027981 0.104590
v -0.096220 0.036540 0.089887
v -0.092783 0.019459 0.086676
v -0.095213 0.027981 0.088947
v -0.113143 0.036540 0.070624
v -0.109101 0.019459 0.068101
v -0.111959 0.027981 0.069885
v -0.125717 0.036540 0.048646
v -0.121227 0.019459 0.046909
v -0.124402 0.027981 0.048137
v -0.133461 0.036540 0.024800
v -0.128693 0.019459 0.023914
v -0.132065 0.027981 0.024540
v -0.136075 0.036540 -0.000000
v -0.131215 0.019459 -0.000000
v -0.134652 0.027981 -0.000000
v -0.133461 0.036540 -0.024800
v -0.128693 0.019459 -0.023914
v -0.132064 0.027981 -0.024540
v -0.125717 0.036540 -0.048647
v -0.121227 0.019459 -0.046909
v -0.124402 0.027981 -0.048138
v -0.113143 0.036540 -0.070624
v -0.109101 0.019459 -0.068101
v -0.111959 0.027981 -0.069885
v -0.096220 0.036540 -0.089887
v -0.092783 0.019459 -0.086676
v -0.095213 0.027981 -0.088947
v -0.075599 0.036540 -0.105696
v -0.072899 0.019459 -0.101920
v -0.074808 0.027981 -0.104590
v -0.052074 0.036540 -0.117443
v -0.050214 0.019459 -0.113248
v -0.051529 0.027981 -0.116214
v -0.026547 0.036540 -0.124677
v -0.025599 0.019459 -0.120223
v -0.026269 0.027981 -0.123373
v -0.000000 0.081834 -0.127941
v 0.026719 0.081834 -0.125483
v -0.026718 0.081834 -0.125483
v 0.052410 0.081834 -0.118202
v 0.076088 0.081834 -0.106379
v 0.096842 0.081834 -0.090468
v 0.113874 0.081834 -0.071080
v 0.126530 0.081834 -0.048961
v 0.134323 0.081834 -0.024960
v 0.136955 0.081834 -0.000000
v 0.134323 0.081834 0.024960
v 0.126530 0.081834 0.048961
v 0.113874 0.081834 0.071080
v 0.096842 0.081834 0.090468
v 0.076088 0.081834 0.106379
v 0.052410 0.081834 0.118202
v 0.026719 0.081834 0.125483
v -0.000000 0.081834 0.127941
v -0.026719 0.081834 0.125483
v -0.052410 0.081834 0.118202
v -0.076088 0.081834 0.106379
v -0.096842 0.081834 0.090468
v -0.113874 0.081834 0.071080
v -0.126530 0.081834 0.048961
v -0.134323 0.081834 0.024960
v -0.136955 0.081834 -0.000000
v -0.134323 0.081834 -0.024960
v -0.126530 0.081834 -0.048961
v -0.113874 0.081834 -0.071080
v -0.096842 0.081834 -0.090468
v -0.076088 0.081834 -0.106379
v -0.052410 0.081834 -0.118202
v -0.000000 0.120925 -0.127232
v 0.000000 0.133285 -0.124344
v 0.025967 0.133285 -0.121955
v 0.026571 0.120925 -0.124787
v 0.050937 0.133285 -0.114879
v 0.052120 0.120925 -0.117547
v 0.073949 0.133285 -0.103388
v 0.075666 0.120925 -0.105790
v 0.094119 0.133285 -0.087925
v 0.096305 0.120925 -0.089967
v 0.110673 0.133285 -0.069082
v 0.113243 0.120925 -0.070686
v 0.122973 0.133285 -0.047584
v 0.125829 0.120925 -0.048690
v 0.130547 0.133285 -0.024258
v 0.133579 0.120925 -0.024822
v 0.133105 0.133285 -0.000000
v 0.136196 0.120925 -0.000000
v 0.130547 0.133285 0.024258
v 0.133579 0.120925 0.024822
v 0.122973 0.133285 0.047584
v 0.125829 0.120925 0.048690
v 0.110673 0.133285 0.069082
v 0.113243 0.120925 0.070686
v 0.094119 0.133285 0.087925
v 0.096305 0.120925 0.089967
v 0.073949 0.133285 0.103388
v 0.075666 0.120925 0.105790
v 0.050937 0.133285 0.114879
v 0.052120 0.120925 0.117547
v 0.025967 0.133285 0.121955
v 0.026570 0.120925 0.124787
v -0.000000 0.133285 0.124344
v -0.000000 0.120925 0.127232
v -0.025967 0.133285 0.121955
v -0.026571 0.120925 0.124787
v -0.050937 0.133285 0.114879
v -0.052120 0.120925 0.117547
v -0.073949 0.133285 0.103388
v -0.075666 0.120925 0.105789
v -0.094119 0.133285 0.087925
v -0.096305 0.120925 0.089967
v -0.110673 0.133285 0.069082
v -0.113243 0.120925 0.070686
v -0.122973 0.133285 0.047584
v -0.125829 0.120925 0.048689
v -0.130547 0.133285 0.024258
v -0.133579 0.120925 0.024822
v -0.133105 0.133285 -0.000000
v -0.136196 0.120925 -0.000000
v -0.130547 0.133285 -0.024258
v -0.133579 0.120925 -0.024822
v -0.122973 0.133285 -0.047585
v -0.125829 0.120925 -0.048690
v -0.110672 0.133285 -0.069082
v -0.113243 0.120925 -0.070686
v -0.094119 0.133285 -0.087925
v -0.096305 0.120925 -0.089967
v -0.073949 0.133285 -0.103389
v -0.075666 0.120925 -0.105790
v -0.050937 0.133285 -0.114879
v -0.052120 0.120925 -0.117547
v -0.025967 0.133285 -0.121955
v -0.026570 0.120925 -0.124787
v -0.012533 0.241054 -0.007017
v -0.008684 0.241440 -0.004615
v 0.003648 0.241440 0.006906
v 0.006220 0.241054 0.010502
v -0.009506 0.241440 -0.003179
v -0.013782 0.241054 -0.004833
v 0.004996 0.241440 0.005873
v 0.008269 0.241054 0.008931
v -0.010012 0.241440 -0.001620
v -0.014552 0.241054 -0.002464
v 0.006101 0.241440 0.004615
v 0.009950 0.241054 0.007017
v -0.010183 0.241440 -0.000000
v -0.014811 0.241054 -0.000000
v 0.006923 0.241440 0.003179
v 0.011199 0.241054 0.004833
v -0.010012 0.241440 0.001620
v -0.014552 0.241054 0.002464
v 0.007429 0.241440 0.001620
v 0.011969 0.241054 0.002464
v -0.009506 0.241440 0.003179
v -0.013782 0.241054 0.004833
v 0.012229 0.241054 -0.000000
v 0.007600 0.241440 -0.000000
v -0.012533 0.241054 0.007017
v -0.008684 0.241440 0.004615
v 0.007429 0.241440 -0.001620
v 0.011969 0.241054 -0.002464
v -0.007578 0.241440 0.005873
v -0.010852 0.241054 0.008931
v 0.006923 0.241440 -0.003179
v 0.011199 0.241054 -0.004833
v -0.006231 0.241440 0.006906
v -0.008803 0.241054 0.010502
v -0.001291 0.241440 -0.008306
v -0.001291 0.241054 -0.012630
v 0.006101 0.241440 -0.004615
v 0.009950 0.241054 -0.007017
v -0.004694 0.241440 0.007674
v -0.006465 0.241054 0.011669
v -0.003026 0.241440 -0.008146
v -0.003929 0.241054 -0.012388
v 0.004996 0.241440 -0.005873
v 0.008269 0.241054 -0.008931
v -0.003026 0.241440 0.008146
v -0.003929 0.241054 0.012387
v -0.004694 0.241440 -0.007674
v -0.006465 0.241054 -0.011669
v 0.006220 0.241054 -0.010502
v 0.003648 0.241440 -0.006906
v -0.001291 0.241054 0.012630
v -0.001291 0.241440 0.008306
v -0.008803 0.241054 -0.010502
v -0.006231 0.241440 -0.006906
v -0.007578 0.241440 -0.005873
v -0.010851 0.241054 -0.008931
v 0.002111 0.241440 -0.007674
v 0.003882 0.241054 -0.011669
v 0.001346 0.241054 -0.012388
v 0.000443 0.241440 -0.008146
v 0.000443 0.241440 0.008146
v 0.001346 0.241054 0.012387
v 0.003882 0.241054 0.011669
v 0.002111 0.241440 0.007674
v 0.020595 0.190444 -0.096722
v 0.020363 0.189124 -0.095634
v 0.000000 0.189123 -0.097507
v -0.000000 0.190444 -0.098617
v 0.040398 0.190444 -0.091110
v 0.039944 0.189124 -0.090087
v 0.058649 0.190443 -0.081997
v 0.057992 0.189126 -0.081079
v 0.074645 0.190443 -0.069733
v 0.073812 0.189127 -0.068954
v 0.087774 0.190443 -0.054788
v 0.086797 0.189128 -0.054179
v 0.097529 0.190443 -0.037739
v 0.096447 0.189129 -0.037320
v 0.103536 0.190443 -0.019239
v 0.102389 0.189130 -0.019026
v 0.105564 0.190443 -0.000000
v 0.104396 0.189130 -0.000000
v 0.103536 0.190443 0.019239
v 0.102389 0.189130 0.019026
v 0.097529 0.190443 0.037739
v 0.096447 0.189129 0.037320
v 0.087774 0.190443 0.054788
v 0.086797 0.189128 0.054179
v 0.074645 0.190443 0.069733
v 0.073812 0.189127 0.068954
v 0.058649 0.190443 0.081997
v 0.057992 0.189126 0.081079
v 0.040398 0.190444 0.091110
v 0.039944 0.189124 0.090087
v 0.020595 0.190444 0.096722
v 0.020363 0.189124 0.095634
v -0.000000 0.190444 0.098617
v -0.000000 0.189123 0.097507
v -0.020595 0.190444 0.096722
v -0.020363 0.189124 0.095634
v -0.040398 0.190443 0.091110
v -0.039944 0.189124 0.090087
v -0.058649 0.190443 0.081997
v -0.057992 0.189126 0.081078
v -0.074645 0.190443 0.069732
v -0.073812 0.189127 0.068954
v -0.087774 0.190443 0.054788
v -0.086797 0.189128 0.054179
v -0.097529 0.190443 0.037739
v -0.096447 0.189129 0.037320
v -0.103536 0.190443 0.019239
v -0.102389 0.189130 0.019026
v -0.105564 0.190443 -0.000000
v -0.104396 0.189130 -0.000000
v -0.103536 0.190443 -0.019239
v -0.102389 0.189130 -0.019026
v -0.097529 0.190443 -0.037739
v -0.096446 0.189129 -0.037320
v -0.087774 0.190443 -0.054789
v -0.086797 0.189128 -0.054179
v -0.074645 0.190443 -0.069733
v -0.073812 0.189127 -0.068954
v -0.058648 0.190443 -0.081997
v -0.057992 0.189126 -0.081079
v -0.040398 0.190444 -0.091110
v -0.039944 0.189124 -0.090087
v -0.020594 0.190444 -0.096722
v -0.020363 0.189124 -0.095634
v 0.175944 0.143763 0.014796
v 0.178861 0.138373 0.016015
v 0.182635 0.132114 0.014796
v 0.185108 0.127545 0.011325
v 0.171819 0.151386 0.006129
v 0.186761 0.124491 0.006129
v 0.173471 0.148332 0.011325
v 0.148655 0.110812 0.004068
v 0.147558 0.112839 0.007516
v 0.145917 0.115871 0.009820
v 0.143981 0.119449 0.010629
v 0.142045 0.123026 0.009820
v 0.140404 0.126059 0.007516
v 0.139307 0.128085 0.004068
v 0.227583 0.149356 0.005411
v 0.227552 0.148317 0.005706
v 0.227782 0.148843 0.005619
v 0.225417 0.151524 0.009998
v 0.225267 0.150604 0.010543
v 0.225532 0.151095 0.010383
v 0.222174 0.154769 0.013062
v 0.221848 0.154025 0.013775
v 0.222165 0.154465 0.013566
v 0.218350 0.158596 0.014139
v 0.217815 0.158061 0.014910
v 0.218193 0.158440 0.014684
v 0.214525 0.162424 0.013062
v 0.213781 0.162098 0.013775
v 0.214221 0.162415 0.013566
v 0.211283 0.165668 0.009998
v 0.210362 0.165519 0.010543
v 0.210854 0.165784 0.010383
v 0.209117 0.167836 0.005411
v 0.208078 0.167806 0.005706
v 0.208604 0.168036 0.005619
v 0.224048 0.151698 0.003787
v 0.224954 0.151725 0.004044
v 0.224507 0.151899 0.003862
v 0.222531 0.153215 0.006997
v 0.223335 0.153345 0.007473
v 0.222960 0.153446 0.007137
v 0.220262 0.155486 0.009142
v 0.220911 0.155770 0.009764
v 0.220646 0.155762 0.009324
v 0.217586 0.158165 0.009896
v 0.218052 0.158631 0.010568
v 0.217916 0.158495 0.010093
v 0.214909 0.160843 0.009142
v 0.215194 0.161492 0.009764
v 0.215186 0.161227 0.009324
v 0.212640 0.163114 0.006997
v 0.212770 0.163917 0.007473
v 0.212871 0.163543 0.007137
v 0.211123 0.164632 0.003787
v 0.211151 0.165538 0.004044
v 0.211325 0.165090 0.003862
v 0.128961 0.124929 0.014796
v 0.132580 0.058856 0.014841
v 0.131927 0.047724 0.006207
v 0.126488 0.129499 0.011325
v 0.131878 0.119539 0.016015
v 0.132535 0.052580 0.011325
v 0.124835 0.132552 0.006129
v 0.155369 0.128956 0.016015
v 0.164014 0.094407 0.011325
v 0.148327 0.141969 0.006129
v 0.152452 0.134346 0.014796
v 0.162492 0.099620 0.014813
v 0.164813 0.090672 0.006158
v 0.149979 0.138916 0.011325
v 0.175944 0.143763 -0.014796
v 0.178861 0.138373 -0.016015
v 0.182635 0.132114 -0.014796
v 0.185108 0.127545 -0.011325
v 0.171819 0.151386 -0.006129
v 0.186761 0.124491 -0.006129
v 0.173471 0.148332 -0.011325
v 0.148655 0.110812 -0.004068
v 0.147558 0.112839 -0.007516
v 0.145917 0.115871 -0.009820
v 0.143981 0.119449 -0.010629
v 0.142045 0.123026 -0.009820
v 0.140404 0.126059 -0.007516
v 0.139307 0.128085 -0.004068
v 0.227583 0.149356 -0.005411
v 0.227552 0.148317 -0.005706
v 0.227782 0.148843 -0.005619
v 0.225417 0.151524 -0.009998
v 0.225267 0.150604 -0.010543
v 0.225532 0.151095 -0.010383
v 0.222174 0.154769 -0.013062
v 0.221848 0.154025 -0.013775
v 0.222165 0.154465 -0.013566
v 0.218350 0.158596 -0.014139
v 0.217815 0.158061 -0.014910
v 0.218193 0.158440 -0.014684
v 0.214525 0.162424 -0.013062
v 0.213781 0.162098 -0.013775
v 0.214221 0.162415 -0.013566
v 0.211283 0.165668 -0.009998
v 0.210362 0.165519 -0.010543
v 0.210854 0.165784 -0.010383
v 0.209117 0.167836 -0.005411
v 0.208078 0.167806 -0.005706
v 0.208604 0.168036 -0.005619
v 0.224048 0.151698 -0.003787
v 0.224954 0.151725 -0.004044
v 0.224507 0.151899 -0.003862
v 0.222531 0.153215 -0.006997
v 0.223335 0.153345 -0.007473
v 0.222960 0.153446 -0.007137
v 0.220262 0.155486 -0.009142
v 0.220911 0.155770 -0.009764
v 0.220646 0.155762 -0.009324
v 0.217586 0.158165 -0.009896
v 0.218052 0.158631 -0.010568
v 0.217916 0.158495 -0.010093
v 0.214909 0.160843 -0.009142
v 0.215194 0.161492 -0.009764
v 0.215186 0.161227 -0.009324
v 0.212640 0.163114 -0.006997
v 0.212770 0.163917 -0.007473
v 0.212871 0.163543 -0.007137
v 0.211123 0.164632 -0.003787
v 0.211151 0.165538 -0.004044
v 0.211325 0.165090 -0.003862
v 0.187341 0.123419 0.000000
v 0.171239 0.152458 0.000000
v 0.149040 0.110101 0.000000
v 0.138922 0.128797 0.000000
v 0.228344 0.148595 0.000000
v 0.228354 0.147514 0.000000
v 0.228573 0.148052 0.000000
v 0.208356 0.168597 0.000000
v 0.207275 0.168608 0.000000
v 0.207813 0.168827 0.000000
v 0.224580 0.151165 0.000000
v 0.225523 0.151155 0.000000
v 0.225050 0.151355 0.000000
v 0.210591 0.165164 0.000000
v 0.210582 0.166107 0.000000
v 0.210782 0.165634 0.000000
v 0.143500 0.119242 0.000000
v 0.128961 0.124929 -0.014796
v 0.132580 0.058856 -0.014841
v 0.124255 0.133624 0.000000
v 0.131927 0.047724 -0.006207
v 0.126488 0.129499 -0.011325
v 0.131878 0.119539 -0.016015
v 0.132535 0.052580 -0.011325
v 0.124835 0.132552 -0.006129
v 0.132500 0.046665 0.000000
v 0.155369 0.128956 -0.016015
v 0.164014 0.094407 -0.011325
v 0.148327 0.141969 -0.006129
v 0.152452 0.134346 -0.014796
v 0.162492 0.099620 -0.014813
v 0.147747 0.143041 0.000000
v 0.164813 0.090672 -0.006158
v 0.149979 0.138916 -0.011325
v 0.165391 0.089605 0.000000
v 0.115967 0.162798 0.015348
v 0.124290 0.147895 0.015545
v 0.117612 0.158956 0.020605
v 0.119575 0.155154 0.022019
v 0.121750 0.151424 0.021041
v 0.116714 0.160761 0.019319
v 0.115967 0.162798 -0.015349
v 0.124290 0.147895 -0.015545
v 0.117612 0.158956 -0.020605
v 0.119575 0.155154 -0.022019
v 0.121750 0.151424 -0.021041
v 0.116714 0.160761 -0.019320
v 0.116420 0.164493 -0.000000
v 0.125397 0.148507 -0.000000
v 0.119167 0.159698 -0.000000
v 0.121205 0.156055 -0.000000
v 0.123301 0.152281 -0.000000
v 0.118104 0.161554 -0.000000
v 0.124930 0.148249 0.007611
v 0.118534 0.159336 0.009818
v 0.120495 0.155663 0.010628
v 0.122621 0.151906 0.010249
v 0.117526 0.161224 0.009116
v 0.115994 0.164287 0.007007
v 0.115994 0.164287 -0.007010
v 0.124930 0.148249 -0.007612
v 0.118534 0.159336 -0.009818
v 0.120495 0.155663 -0.010629
v 0.122621 0.151906 -0.010250
v 0.117526 0.161224 -0.009117
v 0.122944 0.149617 0.019239
v 0.122944 0.149617 -0.019239
v 0.124349 0.150394 -0.000000
v 0.123738 0.150057 0.009403
v 0.123738 0.150057 -0.009404
v 0.115350 0.162444 0.015283
v 0.123668 0.147550 0.015479
v 0.116992 0.158608 0.020540
v 0.118953 0.154808 0.021953
v 0.121128 0.151078 0.020975
v 0.116097 0.160408 0.019254
v 0.115349 0.162444 -0.015284
v 0.123668 0.147550 -0.015480
v 0.116992 0.158608 -0.020540
v 0.118953 0.154808 -0.021953
v 0.121128 0.151078 -0.020975
v 0.116097 0.160408 -0.019254
v 0.124918 0.148241 -0.000000
v 0.124308 0.147904 0.007546
v 0.115479 0.163933 0.006942
v 0.115479 0.163933 -0.006945
v 0.124308 0.147904 -0.007546
v 0.122322 0.149272 0.019173
v 0.122322 0.149272 -0.019174
v 0.116933 0.178164 0.007470
v 0.116933 0.178164 -0.007473
v 0.116315 0.177810 0.007401
v 0.116315 0.177811 -0.007403
v 0.115397 0.168113 -0.007219
v 0.116015 0.168062 -0.007286
v 0.116015 0.168062 0.007284
v 0.115397 0.168113 0.007216
v 0.117700 0.182929 0.007809
v 0.117700 0.182929 -0.007811
v 0.116872 0.183035 0.007736
v 0.116871 0.183035 -0.007739
v 0.118510 0.189142 0.008111
v 0.118510 0.189142 -0.008113
v 0.117338 0.189247 0.008035
v 0.117337 0.189247 -0.008038
v 0.118820 0.191159 0.007688
v 0.118819 0.191159 -0.007691
v 0.117599 0.191255 0.007617
v 0.117598 0.191255 -0.007619
v 0.119100 0.193987 0.005640
v 0.119099 0.193987 -0.005642
v 0.117879 0.194083 0.005587
v 0.117878 0.194083 -0.005590
v 0.119176 0.195864 0.003831
v 0.119176 0.195864 -0.003833
v 0.118173 0.195929 0.003795
v 0.118173 0.195929 -0.003797
v 0.119205 0.196791 0.001893
v 0.119205 0.196791 -0.001895
v 0.118376 0.196856 0.001875
v 0.118375 0.196856 -0.001877
v 0.119221 0.197112 0.000630
v 0.119221 0.197112 -0.000632
v 0.118392 0.197177 0.000624
v 0.118392 0.197177 -0.000626
v -0.115967 0.162798 0.015348
v -0.124290 0.147895 0.015545
v -0.117612 0.158956 0.020605
v -0.119575 0.155154 0.022019
v -0.121750 0.151424 0.021041
v -0.116714 0.160761 0.019319
v -0.115967 0.162798 -0.015349
v -0.124290 0.147895 -0.015545
v -0.117612 0.158956 -0.020605
v -0.119575 0.155154 -0.022019
v -0.121750 0.151424 -0.021041
v -0.116714 0.160761 -0.019320
v -0.116420 0.164493 -0.000000
v -0.125397 0.148507 -0.000000
v -0.119167 0.159698 -0.000000
v -0.121205 0.156055 -0.000000
v -0.123301 0.152281 -0.000000
v -0.118104 0.161554 -0.000000
v -0.124930 0.148249 0.007611
v -0.118534 0.159336 0.009818
v -0.120495 0.155663 0.010628
v -0.122621 0.151906 0.010249
v -0.117526 0.161224 0.009116
v -0.115994 0.164287 0.007007
v -0.115994 0.164287 -0.007010
v -0.124930 0.148249 -0.007612
v -0.118534 0.159336 -0.009818
v -0.120495 0.155663 -0.010629
v -0.122621 0.151906 -0.010250
v -0.117526 0.161224 -0.009117
v -0.122944 0.149617 0.019239
v -0.122944 0.149617 -0.019239
v -0.124349 0.150394 -0.000000
v -0.123738 0.150057 0.009403
v -0.123738 0.150057 -0.009404
v -0.115350 0.162444 0.015283
v -0.123668 0.147550 0.015479
v -0.116992 0.158608 0.020540
v -0.118953 0.154808 0.021953
v -0.121128 0.151078 0.020975
v -0.116097 0.160408 0.019254
v -0.115349 0.162444 -0.015284
v -0.123668 0.147550 -0.015480
v -0.116992 0.158608 -0.020540
v -0.118953 0.154808 -0.021953
v -0.121128 0.151078 -0.020975
v -0.116097 0.160408 -0.019254
v -0.124918 0.148241 -0.000000
v -0.124308 0.147904 0.007546
v -0.115479 0.163933 0.006942
v -0.115479 0.163933 -0.006945
v -0.124308 0.147904 -0.007546
v -0.122322 0.149272 0.019173
v -0.122322 0.149272 -0.019174
v -0.116933 0.178164 0.007470
v -0.116933 0.178164 -0.007473
v -0.116315 0.177810 0.007401
v -0.116315 0.177811 -0.007403
v -0.115397 0.168113 -0.007219
v -0.116015 0.168062 -0.007286
v -0.116015 0.168062 0.007284
v -0.115397 0.168113 0.007216
v -0.117700 0.182929 0.007809
v -0.117700 0.182929 -0.007811
v -0.116872 0.183035 0.007736
v -0.116871 0.183035 -0.007739
v -0.118510 0.189142 0.008111
v -0.118510 0.189142 -0.008113
v -0.117338 0.189247 0.008035
v -0.117337 0.189247 -0.008038
v -0.118820 0.191159 0.007688
v -0.118819 0.191159 -0.007691
v -0.117599 0.191255 0.007617
v -0.117598 0.191255 -0.007619
v -0.119100 0.193987 0.005640
v -0.119099 0.193987 -0.005642
v -0.117879 0.194083 0.005587
v -0.117878 0.194083 -0.005590
v -0.119176 0.195864 0.003831
v -0.119176 0.195864 -0.003833
v -0.118173 0.195929 0.003795
v -0.118173 0.195929 -0.003797
v -0.119205 0.196791 0.001893
v -0.119205 0.196791 -0.001895
v -0.118376 0.196856 0.001875
v -0.118375 0.196856 -0.001877
v -0.119221 0.197112 0.000630
v -0.119221 0.197112 -0.000632
v -0.118392 0.197177 0.000624
v -0.118392 0.197177 -0.000626
v 0.117274 0.187236 0.008861
v 0.117274 0.187092 -0.009110
v 0.116189 0.187467 0.008758
v 0.116189 0.187324 -0.009011
v 0.117168 0.185700 0.008101
v 0.117168 0.185568 -0.008326
v 0.116097 0.185934 0.008007
v 0.116096 0.185804 -0.008235
v 0.117151 0.184575 0.005658
v 0.117151 0.184483 -0.005865
v 0.115991 0.184824 0.005591
v 0.115991 0.184733 -0.005802
v 0.123398 0.229043 0.008844
v 0.123398 0.228894 -0.009765
v 0.121984 0.229191 0.008739
v 0.121983 0.229044 -0.009662
v 0.117978 0.195239 0.008945
v 0.116735 0.195250 0.008840
v 0.117978 0.195093 -0.009323
v 0.116735 0.195105 -0.009218
v 0.115856 0.183462 0.001407
v 0.115856 0.183438 -0.001597
v 0.131172 0.263808 0.010380
v 0.131172 0.263629 -0.011859
v 0.129739 0.263811 0.010250
v 0.129739 0.263634 -0.011729
v 0.127592 0.286977 0.010538
v 0.131172 0.274108 0.010816
v 0.130166 0.280489 0.010855
v 0.131172 0.273921 -0.012461
v 0.127591 0.286793 -0.012389
v 0.130165 0.280301 -0.012602
v 0.129743 0.274028 0.010679
v 0.126512 0.286157 0.010451
v 0.128738 0.280536 0.010723
v 0.126511 0.285974 -0.012289
v 0.129742 0.273843 -0.012323
v 0.128738 0.280350 -0.012471
v 0.130914 0.258633 0.010033
v 0.129879 0.252509 0.009681
v 0.130914 0.258460 -0.011428
v 0.129878 0.252343 -0.010979
v 0.129486 0.258723 0.009911
v 0.128451 0.252611 0.009564
v 0.129485 0.258553 -0.011309
v 0.128451 0.252447 -0.010864
v 0.097292 0.308371 0.008476
v 0.097292 0.308214 -0.011074
v 0.097002 0.307292 0.008413
v 0.097002 0.307136 -0.010994
v 0.006075 0.321677 0.008461
v 0.006075 0.321509 -0.012460
v 0.006260 0.320588 0.008395
v 0.006260 0.320421 -0.012373
v 0.029731 0.320385 0.008471
v 0.029731 0.320216 -0.012450
v 0.029575 0.319297 0.008405
v 0.029575 0.319130 -0.012363
v 0.111384 0.303114 0.009326
v 0.124542 0.292358 0.010072
v 0.119017 0.298532 0.009591
v 0.124542 0.292181 -0.012011
v 0.111384 0.302946 -0.011595
v 0.119017 0.298362 -0.011674
v 0.123513 0.291753 0.010001
v 0.110622 0.302264 0.009266
v 0.118283 0.297545 0.009551
v 0.110622 0.302097 -0.011522
v 0.123512 0.291577 -0.011929
v 0.118283 0.297375 -0.011617
v 0.118842 0.210108 0.008996
v 0.118842 0.209959 -0.009613
v 0.117437 0.210036 0.008892
v 0.117437 0.209888 -0.009508
v -0.117274 0.187236 0.008861
v -0.117274 0.187092 -0.009110
v -0.116191 0.187467 0.008758
v -0.116191 0.187324 -0.009011
v -0.117168 0.185700 0.008101
v -0.117168 0.185568 -0.008326
v -0.116098 0.185934 0.008007
v -0.116098 0.185804 -0.008235
v -0.117151 0.184575 0.005658
v -0.117151 0.184483 -0.005865
v -0.115993 0.184824 0.005591
v -0.115993 0.184733 -0.005802
v -0.117966 0.195035 0.008944
v -0.116737 0.195250 0.008840
v -0.117966 0.194888 -0.009319
v -0.116736 0.195105 -0.009218
v -0.116924 0.183306 0.001426
v -0.116924 0.183281 -0.001613
v -0.115857 0.183462 0.001407
v -0.115857 0.183438 -0.001597
v -0.145013 0.240266 -0.009752
v -0.145014 0.240414 0.008648
v -0.146320 0.239387 -0.009891
v -0.146320 0.239536 0.008718
v -0.143785 0.286364 -0.010122
v -0.143785 0.286512 0.008278
v -0.144934 0.286672 -0.010271
v -0.144934 0.286821 0.008338
v -0.014765 0.320702 -0.011280
v -0.014765 0.320864 0.008817
v -0.014872 0.322094 -0.011400
v -0.014872 0.322257 0.008894
v -0.131017 0.306839 -0.010287
v -0.115461 0.314253 -0.010523
v -0.131017 0.306987 0.008114
v -0.115461 0.314403 0.008232
v -0.116103 0.315320 -0.010690
v -0.132166 0.307659 -0.010440
v -0.116102 0.315473 0.008296
v -0.132166 0.307808 0.008169
v -0.093061 0.319076 -0.010993
v -0.071978 0.321181 -0.011220
v -0.093062 0.319234 0.008626
v -0.071977 0.321342 0.008820
v -0.072180 0.322130 -0.011400
v -0.093432 0.319990 -0.011177
v -0.072181 0.322293 0.008893
v -0.093433 0.320150 0.008705
v -0.146575 0.247368 -0.009809
v -0.147127 0.262786 -0.009933
v -0.146575 0.247516 0.008591
v -0.147127 0.262934 0.008467
v -0.148456 0.262639 -0.010078
v -0.148033 0.247178 -0.009954
v -0.148456 0.262788 0.008531
v -0.148033 0.247327 0.008655
v -0.123609 0.212147 -0.009526
v -0.138784 0.229111 -0.009662
v -0.131992 0.219939 -0.009589
v -0.123609 0.212294 0.008874
v -0.138784 0.229258 0.008738
v -0.131992 0.220087 0.008812
v -0.140078 0.228210 -0.009801
v -0.124873 0.211213 -0.009665
v -0.133273 0.219020 -0.009728
v -0.140078 0.228359 0.008808
v -0.124873 0.211362 0.008944
v -0.133273 0.219169 0.008881
v -0.142221 0.292667 -0.010173
v -0.136045 0.302298 -0.010250
v -0.142221 0.292815 0.008227
v -0.136045 0.302445 0.008150
v -0.137016 0.303414 -0.010406
v -0.143332 0.293163 -0.010323
v -0.137016 0.303563 0.008203
v -0.143333 0.293312 0.008286
v 0.116953 0.183044 0.001443
v 0.116953 0.183020 -0.001626
v 0.042919 0.318787 0.008547
v 0.077054 0.312908 0.008568
v 0.060052 0.316200 0.008594
v 0.077054 0.312745 -0.011729
v 0.042919 0.318618 -0.012374
v 0.060052 0.316034 -0.012144
v 0.076838 0.311814 0.008503
v 0.042704 0.317701 0.008480
v 0.059836 0.315109 0.008528
v 0.042704 0.317534 -0.012288
v 0.076837 0.311652 -0.011644
v 0.059836 0.314943 -0.012059
v 0.121748 0.223318 0.008890
v 0.119540 0.214382 0.008962
v 0.119540 0.214232 -0.009647
v 0.121748 0.223168 -0.009719
v 0.118133 0.214550 0.008856
v 0.120340 0.223486 0.008784
v 0.120340 0.223338 -0.009616
v 0.118132 0.214402 -0.009544
v -0.117815 0.205334 -0.009448
v -0.118884 0.208219 -0.009494
v -0.117815 0.205481 0.008905
v -0.118885 0.208367 0.008906
v -0.120120 0.207292 -0.009622
v -0.119020 0.204429 -0.009558
v -0.120120 0.207441 0.008987
v -0.119020 0.204577 0.009001
v 0.119807 0.190739 -0.004035
v 0.120082 0.192913 -0.003448
v 0.120282 0.194504 -0.001844
v 0.120355 0.195086 0.000347
v 0.120280 0.194503 0.002538
v 0.120078 0.192912 0.004142
v 0.119803 0.190738 0.004729
v 0.119529 0.188565 0.004141
v 0.119328 0.186974 0.002537
v 0.119256 0.186392 0.000346
v 0.119330 0.186974 -0.001845
v 0.119532 0.188565 -0.003448
v 0.120744 0.190620 -0.002854
v 0.120944 0.192209 -0.002425
v 0.121091 0.193371 -0.001253
v 0.121144 0.193797 0.000348
v 0.121089 0.193371 0.001948
v 0.120942 0.192208 0.003120
v 0.120741 0.190620 0.003549
v 0.120540 0.189032 0.003120
v 0.120394 0.187869 0.001948
v 0.120341 0.187444 0.000347
v 0.120395 0.187870 -0.001254
v 0.120543 0.189032 -0.002426
v 0.121096 0.190576 -0.001869
v 0.121235 0.191675 -0.001572
v 0.121336 0.192480 -0.000760
v 0.121373 0.192774 0.000348
v 0.121335 0.192480 0.001456
v 0.121233 0.191675 0.002267
v 0.121094 0.190575 0.002564
v 0.120955 0.189476 0.002266
v 0.120854 0.188671 0.001455
v 0.120817 0.188377 0.000347
v 0.120855 0.188672 -0.000761
v 0.120957 0.189476 -0.001572
v 0.121366 0.190542 -0.000148
v 0.121397 0.190787 -0.000082
v 0.121419 0.190967 0.000100
v 0.121427 0.191033 0.000348
v 0.121419 0.190967 0.000595
v 0.121396 0.190787 0.000777
v 0.121365 0.190541 0.000843
v 0.121334 0.190296 0.000777
v 0.121311 0.190116 0.000595
v 0.121303 0.190050 0.000347
v 0.121312 0.190116 0.000100
v 0.121334 0.190296 -0.000082
v 0.121376 0.190540 0.000348
v 0.119192 0.190817 -0.004239
v 0.119480 0.193091 -0.003624
v 0.119689 0.194756 -0.001945
v 0.119765 0.195365 0.000347
v 0.119687 0.194756 0.002640
v 0.119476 0.193090 0.004318
v 0.119188 0.190816 0.004932
v 0.118901 0.188542 0.004317
v 0.118691 0.186877 0.002638
v 0.118615 0.186268 0.000346
v 0.118693 0.186877 -0.001947
v 0.118905 0.188542 -0.003625
v 0.118156 0.190948 -0.004239
v 0.118443 0.193222 -0.003624
v 0.118653 0.194887 -0.001946
v 0.118729 0.195496 0.000347
v 0.118651 0.194887 0.002639
v 0.118440 0.193221 0.004317
v 0.118152 0.190947 0.004931
v 0.117865 0.188673 0.004316
v 0.117655 0.187008 0.002638
v 0.117579 0.186399 0.000345
v 0.117657 0.187008 -0.001947
v 0.117868 0.188673 -0.003625
v 0.118155 0.190948 -0.000824
v 0.118228 0.191528 -0.000667
v 0.118281 0.191953 -0.000239
v 0.118301 0.192108 0.000346
v 0.118281 0.191953 0.000931
v 0.118227 0.191528 0.001359
v 0.118154 0.190947 0.001516
v 0.118080 0.190367 0.001359
v 0.118027 0.189942 0.000931
v 0.118007 0.189787 0.000346
v 0.118027 0.189942 -0.000239
v 0.118081 0.190367 -0.000667
v 0.115792 0.191165 -0.000744
v 0.115865 0.191746 -0.000587
v 0.115919 0.192171 -0.000159
v 0.115938 0.192326 0.000426
v 0.115918 0.192170 0.001011
v 0.115864 0.191746 0.001440
v 0.115791 0.191165 0.001596
v 0.115718 0.190585 0.001439
v 0.115664 0.190160 0.001011
v 0.115645 0.190005 0.000426
v 0.115665 0.190160 -0.000159
v 0.115719 0.190585 -0.000587
v 0.116303 0.192135 0.000998
v 0.116689 0.192099 0.000985
v 0.116709 0.192255 0.000400
v 0.116323 0.192290 0.000413
v 0.116104 0.190549 -0.000600
v 0.116490 0.190514 -0.000613
v 0.116436 0.190089 -0.000185
v 0.116050 0.190125 -0.000172
v 0.116250 0.191710 -0.000600
v 0.116636 0.191675 -0.000613
v 0.116563 0.191094 -0.000770
v 0.116177 0.191130 -0.000757
v 0.116049 0.190125 0.000998
v 0.116435 0.190089 0.000985
v 0.116489 0.190514 0.001413
v 0.116103 0.190549 0.001426
v 0.116250 0.191710 0.001426
v 0.116635 0.191674 0.001413
v 0.116304 0.192135 -0.000172
v 0.116690 0.192099 -0.000185
v 0.116030 0.189969 0.000413
v 0.116416 0.189933 0.000400
v 0.116176 0.191130 0.001583
v 0.116562 0.191094 0.001570
v 0.116226 0.193338 0.001694
v 0.117065 0.193261 0.001666
v 0.117109 0.193599 0.000393
v 0.116269 0.193677 0.000421
v 0.115791 0.189888 -0.001784
v 0.116631 0.189810 -0.001813
v 0.116513 0.188886 -0.000881
v 0.115674 0.188963 -0.000853
v 0.116110 0.192414 -0.001784
v 0.116950 0.192337 -0.001813
v 0.116791 0.191073 -0.002154
v 0.115951 0.191151 -0.002125
v 0.115673 0.188963 0.001694
v 0.116512 0.188885 0.001665
v 0.116629 0.189810 0.002597
v 0.115789 0.189887 0.002626
v 0.116108 0.192414 0.002626
v 0.116948 0.192336 0.002598
v 0.116227 0.193338 -0.000852
v 0.117067 0.193261 -0.000880
v 0.115630 0.188624 0.000421
v 0.116470 0.188547 0.000392
v 0.115949 0.191150 0.002967
v 0.116788 0.191073 0.002939
v 0.115833 0.191496 -0.000150
v 0.115792 0.191165 -0.000240
v 0.115864 0.191738 0.000093
v 0.115875 0.191826 0.000426
v 0.115864 0.191737 0.000759
v 0.115833 0.191496 0.001003
v 0.115791 0.191165 0.001092
v 0.115749 0.190835 0.001003
v 0.115719 0.190593 0.000759
v 0.115708 0.190505 0.000426
v 0.115719 0.190593 0.000093
v 0.115750 0.190835 -0.000151
v 0.115005 0.191600 -0.000151
v 0.114963 0.191270 -0.000240
v 0.115036 0.191842 0.000093
v 0.115047 0.191931 0.000426
v 0.115035 0.191842 0.000759
v 0.115005 0.191600 0.001003
v 0.114963 0.191270 0.001092
v 0.114921 0.190940 0.001003
v 0.114891 0.190698 0.000759
v 0.114880 0.190609 0.000426
v 0.114891 0.190698 0.000093
v 0.114922 0.190940 -0.000151
v 0.114963 0.191270 0.000426
v -0.119807 0.190739 -0.004035
v -0.120082 0.192913 -0.003448
v -0.120282 0.194504 -0.001844
v -0.120355 0.195086 0.000347
v -0.120280 0.194503 0.002538
v -0.120078 0.192912 0.004142
v -0.119803 0.190738 0.004729
v -0.119529 0.188565 0.004141
v -0.119328 0.186974 0.002537
v -0.119256 0.186392 0.000346
v -0.119330 0.186974 -0.001845
v -0.119532 0.188565 -0.003448
v -0.120744 0.190620 -0.002854
v -0.120944 0.192209 -0.002425
v -0.121091 0.193371 -0.001253
v -0.121144 0.193797 0.000348
v -0.121089 0.193371 0.001948
v -0.120942 0.192208 0.003120
v -0.120741 0.190620 0.003549
v -0.120540 0.189032 0.003120
v -0.120394 0.187869 0.001948
v -0.120341 0.187444 0.000347
v -0.120395 0.187870 -0.001254
v -0.120543 0.189032 -0.002426
v -0.121096 0.190576 -0.001869
v -0.121235 0.191675 -0.001572
v -0.121336 0.192480 -0.000760
v -0.121373 0.192774 0.000348
v -0.121335 0.192480 0.001456
v -0.121233 0.191675 0.002267
v -0.121094 0.190575 0.002564
v -0.120955 0.189476 0.002266
v -0.120854 0.188671 0.001455
v -0.120817 0.188377 0.000347
v -0.120855 0.188672 -0.000761
v -0.120957 0.189476 -0.001572
v -0.121366 0.190542 -0.000148
v -0.121397 0.190787 -0.000082
v -0.121419 0.190967 0.000100
v -0.121427 0.191033 0.000348
v -0.121419 0.190967 0.000595
v -0.121396 0.190787 0.000777
v -0.121365 0.190541 0.000843
v -0.121334 0.190296 0.000777
v -0.121311 0.190116 0.000595
v -0.121303 0.190050 0.000347
v -0.121312 0.190116 0.000100
v -0.121334 0.190296 -0.000082
v -0.121376 0.190540 0.000348
v -0.119192 0.190817 -0.004239
v -0.119480 0.193091 -0.003624
v -0.119689 0.194756 -0.001945
v -0.119765 0.195365 0.000347
v -0.119687 0.194756 0.002640
v -0.119476 0.193090 0.004318
v -0.119188 0.190816 0.004932
v -0.118901 0.188542 0.004317
v -0.118691 0.186877 0.002638
v -0.118615 0.186268 0.000346
v -0.118693 0.186877 -0.001947
v -0.118905 0.188542 -0.003625
v -0.118156 0.190948 -0.004239
v -0.118443 0.193222 -0.003624
v -0.118653 0.194887 -0.001946
v -0.118729 0.195496 0.000347
v -0.118651 0.194887 0.002639
v -0.118440 0.193221 0.004317
v -0.118152 0.190947 0.004931
v -0.117865 0.188673 0.004316
v -0.117655 0.187008 0.002638
v -0.117579 0.186399 0.000345
v -0.117657 0.187008 -0.001947
v -0.117868 0.188673 -0.003625
v -0.118155 0.190948 -0.000824
v -0.118228 0.191528 -0.000667
v -0.118281 0.191953 -0.000239
v -0.118301 0.192108 0.000346
v -0.118281 0.191953 0.000931
v -0.118227 0.191528 0.001359
v -0.118154 0.190947 0.001516
v -0.118080 0.190367 0.001359
v -0.118027 0.189942 0.000931
v -0.118007 0.189787 0.000346
v -0.118027 0.189942 -0.000239
v -0.118081 0.190367 -0.000667
v -0.115792 0.191165 -0.000744
v -0.115865 0.191746 -0.000587
v -0.115919 0.192171 -0.000159
v -0.115938 0.192326 0.000426
v -0.115918 0.192170 0.001011
v -0.115864 0.191746 0.001440
v -0.115791 0.191165 0.001596
v -0.115718 0.190585 0.001439
v -0.115664 0.190160 0.001011
v -0.115645 0.190005 0.000426
v -0.115665 0.190160 -0.000159
v -0.115719 0.190585 -0.000587
v -0.116303 0.192135 0.000998
v -0.116689 0.192099 0.000985
v -0.116709 0.192255 0.000400
v -0.116323 0.192290 0.000413
v -0.116104 0.190549 -0.000600
v -0.116490 0.190514 -0.000613
v -0.116436 0.190089 -0.000185
v -0.116050 0.190125 -0.000172
v -0.116250 0.191710 -0.000600
v -0.116636 0.191675 -0.000613
v -0.116563 0.191094 -0.000770
v -0.116177 0.191130 -0.000757
v -0.116049 0.190125 0.000998
v -0.116435 0.190089 0.000985
v -0.116489 0.190514 0.001413
v -0.116103 0.190549 0.001426
v -0.116250 0.191710 0.001426
v -0.116635 0.191674 0.001413
v -0.116304 0.192135 -0.000172
v -0.116690 0.192099 -0.000185
v -0.116030 0.189969 0.000413
v -0.116416 0.189933 0.000400
v -0.116176 0.191130 0.001583
v -0.116562 0.191094 0.001570
v -0.116226 0.193338 0.001694
v -0.117065 0.193261 0.001666
v -0.117109 0.193599 0.000393
v -0.116269 0.193677 0.000421
v -0.115791 0.189888 -0.001784
v -0.116631 0.189810 -0.001813
v -0.116513 0.188886 -0.000881
v -0.115674 0.188963 -0.000853
v -0.116110 0.192414 -0.001784
v -0.116950 0.192337 -0.001813
v -0.116791 0.191073 -0.002154
v -0.115951 0.191151 -0.002125
v -0.115673 0.188963 0.001694
v -0.116512 0.188885 0.001665
v -0.116629 0.189810 0.002597
v -0.115789 0.189887 0.002626
v -0.116108 0.192414 0.002626
v -0.116948 0.192336 0.002598
v -0.116227 0.193338 -0.000852
v -0.117067 0.193261 -0.000880
v -0.115630 0.188624 0.000421
v -0.116470 0.188547 0.000392
v -0.115949 0.191150 0.002967
v -0.116788 0.191073 0.002939
v -0.115833 0.191496 -0.000150
v -0.115792 0.191165 -0.000240
v -0.115864 0.191738 0.000093
v -0.115875 0.191826 0.000426
v -0.115864 0.191737 0.000759
v -0.115833 0.191496 0.001003
v -0.115791 0.191165 0.001092
v -0.115749 0.190835 0.001003
v -0.115719 0.190593 0.000759
v -0.115708 0.190505 0.000426
v -0.115719 0.190593 0.000093
v -0.115750 0.190835 -0.000151
v -0.115005 0.191600 -0.000151
v -0.114963 0.191270 -0.000240
v -0.115036 0.191842 0.000093
v -0.115047 0.191931 0.000426
v -0.115035 0.191842 0.000759
v -0.115005 0.191600 0.001003
v -0.114963 0.191270 0.001092
v -0.114921 0.190940 0.001003
v -0.114891 0.190698 0.000759
v -0.114880 0.190609 0.000426
v -0.114891 0.190698 0.000093
v -0.114922 0.190940 -0.000151
v -0.114963 0.191270 0.000426
v 0.000000 0.006470 -0.108802
v 0.000000 0.014809 -0.118879
v 0.024826 0.014808 -0.116593
v 0.022723 0.006472 -0.106715
v 0.048696 0.014802 -0.109825
v 0.044577 0.006478 -0.100534
v 0.070692 0.014795 -0.098834
v 0.064725 0.006487 -0.090493
v 0.089968 0.014785 -0.084047
v 0.082395 0.006498 -0.076972
v 0.105784 0.014776 -0.066031
v 0.096905 0.006509 -0.060488
v 0.117535 0.014768 -0.045480
v 0.107692 0.006518 -0.041672
v 0.124770 0.014763 -0.023185
v 0.114337 0.006524 -0.021246
v 0.127213 0.014761 -0.000000
v 0.116582 0.006526 -0.000000
v 0.124770 0.014763 0.023185
v 0.114337 0.006524 0.021246
v 0.117535 0.014768 0.045480
v 0.107692 0.006518 0.041672
v 0.105784 0.014776 0.066031
v 0.096905 0.006509 0.060488
v 0.089968 0.014785 0.084047
v 0.082395 0.006498 0.076972
v 0.070692 0.014795 0.098834
v 0.064725 0.006487 0.090493
v 0.048696 0.014802 0.109825
v 0.044577 0.006478 0.100534
v 0.024826 0.014808 0.116593
v 0.022722 0.006472 0.106715
v -0.000000 0.014809 0.118879
v -0.000000 0.006470 0.108802
v -0.024826 0.014808 0.116593
v -0.022723 0.006472 0.106715
v -0.048696 0.014802 0.109825
v -0.044577 0.006478 0.100534
v -0.070692 0.014795 0.098834
v -0.064726 0.006487 0.090493
v -0.089968 0.014785 0.084046
v -0.082395 0.006498 0.076972
v -0.105785 0.014776 0.066031
v -0.096905 0.006509 0.060488
v -0.117535 0.014768 0.045480
v -0.107692 0.006518 0.041672
v -0.124770 0.014763 0.023185
v -0.114337 0.006524 0.021246
v -0.127213 0.014761 -0.000000
v -0.116582 0.006526 -0.000000
v -0.124770 0.014763 -0.023185
v -0.114337 0.006524 -0.021246
v -0.117535 0.014768 -0.045481
v -0.107692 0.006518 -0.041672
v -0.105784 0.014776 -0.066031
v -0.096905 0.006509 -0.060488
v -0.089968 0.014785 -0.084047
v -0.082395 0.006498 -0.076973
v -0.070692 0.014795 -0.098834
v -0.064725 0.006487 -0.090493
v -0.048696 0.014802 -0.109825
v -0.044576 0.006478 -0.100534
v -0.024826 0.014808 -0.116593
v -0.022722 0.006472 -0.106715
vt 0.919673 0.893447
vt 0.919737 0.892582
vt 0.922880 0.892912
vt 0.922748 0.893807
vt 0.910715 0.893766
vt 0.910589 0.892944
vt 0.913559 0.892602
vt 0.913620 0.893449
vt 0.931861 0.896249
vt 0.932201 0.895388
vt 0.935277 0.896725
vt 0.934836 0.897547
vt 0.902419 0.896086
vt 0.902104 0.895317
vt 0.904872 0.894317
vt 0.905125 0.895101
vt 0.926024 0.893511
vt 0.925832 0.894374
vt 0.916624 0.892470
vt 0.916627 0.893350
vt 0.907704 0.893538
vt 0.907893 0.894327
vt 0.929133 0.894307
vt 0.928864 0.895173
vt 0.029067 0.951596
vt 0.029087 0.954834
vt 0.027069 0.954333
vt 0.027072 0.952160
vt 0.016968 0.951591
vt 0.018577 0.948788
vt 0.020070 0.950234
vt 0.018972 0.952109
vt 0.021386 0.947151
vt 0.024661 0.947156
vt 0.024112 0.949190
vt 0.021953 0.949159
vt 0.021346 0.959297
vt 0.018522 0.957616
vt 0.020027 0.956173
vt 0.021909 0.957248
vt 0.027473 0.957663
vt 0.025971 0.956209
vt 0.027461 0.948804
vt 0.026001 0.950257
vt 0.016949 0.954801
vt 0.018934 0.954287
vt 0.024645 0.959307
vt 0.024078 0.957284
vt 0.025755 0.953976
vt 0.025756 0.952506
vt 0.021018 0.951206
vt 0.020280 0.952473
vt 0.023767 0.950491
vt 0.022296 0.950476
vt 0.020996 0.955218
vt 0.022265 0.955948
vt 0.025007 0.955246
vt 0.025036 0.951229
vt 0.020260 0.953943
vt 0.023728 0.955968
vt 0.022567 0.953666
vt 0.022848 0.953830
vt 0.023457 0.953671
vt 0.023621 0.953390
vt 0.023461 0.952781
vt 0.023180 0.952617
vt 0.022406 0.953384
vt 0.023173 0.953832
vt 0.023623 0.953064
vt 0.022407 0.953057
vt 0.022571 0.952776
vt 0.022854 0.952615
vt 0.023015 0.953223
vt 0.913437 0.891243
vt 0.916605 0.891077
vt 0.904458 0.893055
vt 0.907390 0.892226
vt 0.926344 0.892076
vt 0.929551 0.892928
vt 0.919824 0.891167
vt 0.910378 0.891639
vt 0.932737 0.894003
vt 0.899354 0.896551
vt 0.898814 0.895323
vt 0.901605 0.894096
vt 0.923075 0.891489
vt 0.935868 0.895346
vt 0.899767 0.897300
vt 0.766166 0.875601
vt 0.769297 0.875601
vt 0.769297 0.876467
vt 0.766165 0.876467
vt 0.756771 0.875601
vt 0.759902 0.875601
vt 0.759902 0.876467
vt 0.756771 0.876467
vt 0.778692 0.875601
vt 0.781824 0.875601
vt 0.781824 0.876467
vt 0.778692 0.876467
vt 0.747376 0.875601
vt 0.750507 0.875601
vt 0.750508 0.876467
vt 0.747376 0.876467
vt 0.772429 0.875601
vt 0.772429 0.876467
vt 0.763034 0.875601
vt 0.763034 0.876467
vt 0.753639 0.875601
vt 0.753640 0.876467
vt 0.775561 0.875601
vt 0.775561 0.876467
vt 0.075030 0.954873
vt 0.073034 0.954305
vt 0.073035 0.952132
vt 0.075055 0.951634
vt 0.062930 0.954856
vt 0.064935 0.954342
vt 0.066029 0.956219
vt 0.064534 0.957662
vt 0.067340 0.959304
vt 0.067911 0.957297
vt 0.070070 0.957270
vt 0.070615 0.959305
vt 0.067322 0.947158
vt 0.067881 0.949208
vt 0.065997 0.950279
vt 0.064495 0.948834
vt 0.071941 0.950254
vt 0.073446 0.948803
vt 0.071961 0.956206
vt 0.073417 0.957662
vt 0.064900 0.952163
vt 0.062917 0.951646
vt 0.070049 0.949176
vt 0.070621 0.947154
vt 0.071720 0.953956
vt 0.071721 0.952487
vt 0.066244 0.953980
vt 0.066979 0.955248
vt 0.068255 0.955980
vt 0.069727 0.955968
vt 0.068235 0.950508
vt 0.066965 0.951236
vt 0.070976 0.951215
vt 0.070997 0.955233
vt 0.066226 0.952510
vt 0.069698 0.950491
vt 0.068814 0.952628
vt 0.068533 0.952791
vt 0.069586 0.953070
vt 0.069422 0.952788
vt 0.069144 0.953842
vt 0.069425 0.953678
vt 0.068371 0.953073
vt 0.069139 0.952626
vt 0.069587 0.953395
vt 0.068372 0.953399
vt 0.068535 0.953681
vt 0.068818 0.953842
vt 0.068979 0.953234
vt 0.763034 0.877854
vt 0.759902 0.877854
vt 0.753639 0.877854
vt 0.750507 0.877854
vt 0.775561 0.877854
vt 0.772429 0.877854
vt 0.766166 0.877854
vt 0.756771 0.877854
vt 0.778692 0.877854
vt 0.747376 0.877854
vt 0.744244 0.877854
vt 0.744244 0.876467
vt 0.769297 0.877854
vt 0.781824 0.877854
vt 0.744244 0.875601
vt 0.948287 0.756828
vt 0.951362 0.756477
vt 0.951492 0.757372
vt 0.948349 0.757693
vt 0.939330 0.756485
vt 0.942234 0.756810
vt 0.942170 0.757657
vt 0.939201 0.757307
vt 0.960483 0.754059
vt 0.963461 0.752769
vt 0.963901 0.753592
vt 0.960820 0.754921
vt 0.931039 0.754143
vt 0.933743 0.755136
vt 0.933488 0.755919
vt 0.930722 0.754911
vt 0.954448 0.755918
vt 0.954638 0.756782
vt 0.945240 0.756917
vt 0.945235 0.757797
vt 0.936508 0.755916
vt 0.936318 0.756704
vt 0.957483 0.755127
vt 0.957749 0.755994
vt 0.918820 0.937472
vt 0.916826 0.936902
vt 0.916830 0.934729
vt 0.918850 0.934234
vt 0.906722 0.937442
vt 0.908726 0.936930
vt 0.909819 0.938808
vt 0.908323 0.940250
vt 0.911126 0.941895
vt 0.911699 0.939888
vt 0.913859 0.939864
vt 0.914401 0.941899
vt 0.911122 0.929749
vt 0.911679 0.931800
vt 0.909794 0.932868
vt 0.908294 0.931421
vt 0.915738 0.932850
vt 0.917244 0.931401
vt 0.915750 0.938802
vt 0.917206 0.940260
vt 0.908695 0.934751
vt 0.906712 0.934231
vt 0.913847 0.931770
vt 0.914421 0.929749
vt 0.915512 0.936552
vt 0.915515 0.935082
vt 0.910036 0.936570
vt 0.910770 0.937838
vt 0.912046 0.938572
vt 0.913517 0.938562
vt 0.912032 0.933100
vt 0.910760 0.933826
vt 0.914772 0.933810
vt 0.914788 0.937827
vt 0.910020 0.935099
vt 0.913494 0.933084
vt 0.912608 0.935220
vt 0.912327 0.935383
vt 0.913379 0.935663
vt 0.913216 0.935381
vt 0.912936 0.936435
vt 0.913218 0.936271
vt 0.912165 0.935665
vt 0.912933 0.935219
vt 0.913381 0.935989
vt 0.912165 0.935991
vt 0.912328 0.936273
vt 0.912611 0.936435
vt 0.912773 0.935826
vt 0.945212 0.759190
vt 0.942045 0.759016
vt 0.936000 0.758016
vt 0.933071 0.757179
vt 0.958164 0.757373
vt 0.954954 0.758217
vt 0.948432 0.759108
vt 0.938987 0.758611
vt 0.961352 0.756307
vt 0.930220 0.756130
vt 0.927432 0.754896
vt 0.927975 0.753669
vt 0.951684 0.758795
vt 0.964488 0.754972
vt 0.928391 0.752922
vt 0.969555 0.914479
vt 0.968689 0.914419
vt 0.969010 0.911274
vt 0.969905 0.911404
vt 0.969902 0.923436
vt 0.969080 0.923566
vt 0.968728 0.920597
vt 0.969575 0.920533
vt 0.972318 0.902282
vt 0.971457 0.901946
vt 0.972784 0.898865
vt 0.973607 0.899304
vt 0.972247 0.931726
vt 0.971480 0.932044
vt 0.970470 0.929278
vt 0.971253 0.929023
vt 0.969598 0.908129
vt 0.970462 0.908318
vt 0.968587 0.917532
vt 0.969467 0.917526
vt 0.969683 0.926449
vt 0.970471 0.926258
vt 0.970385 0.905017
vt 0.971252 0.905283
vt 0.029062 0.381082
vt 0.029081 0.384320
vt 0.027063 0.383820
vt 0.027067 0.381646
vt 0.016963 0.381077
vt 0.018572 0.378274
vt 0.020064 0.379720
vt 0.018966 0.381595
vt 0.021380 0.376637
vt 0.024656 0.376642
vt 0.024107 0.378676
vt 0.021948 0.378645
vt 0.021341 0.388783
vt 0.018517 0.387102
vt 0.020021 0.385659
vt 0.021904 0.386734
vt 0.027468 0.387149
vt 0.025966 0.385695
vt 0.027455 0.378290
vt 0.025995 0.379744
vt 0.016944 0.384287
vt 0.018928 0.383773
vt 0.024640 0.388793
vt 0.024072 0.386770
vt 0.025749 0.383463
vt 0.025751 0.381992
vt 0.021012 0.380693
vt 0.020275 0.381959
vt 0.023761 0.379977
vt 0.022290 0.379963
vt 0.020990 0.384705
vt 0.022260 0.385435
vt 0.025002 0.384732
vt 0.025031 0.380715
vt 0.020254 0.383429
vt 0.023723 0.385455
vt 0.022562 0.383153
vt 0.022843 0.383316
vt 0.023451 0.383157
vt 0.023615 0.382876
vt 0.023456 0.382267
vt 0.023174 0.382103
vt 0.022400 0.382870
vt 0.023168 0.383319
vt 0.023617 0.382550
vt 0.022401 0.382544
vt 0.022566 0.382263
vt 0.022849 0.382101
vt 0.023008 0.382710
vt 0.967370 0.920723
vt 0.967194 0.917555
vt 0.969210 0.929696
vt 0.968372 0.926766
vt 0.968163 0.907813
vt 0.969005 0.904603
vt 0.967275 0.914336
vt 0.967775 0.923780
vt 0.970070 0.901414
vt 0.972722 0.934790
vt 0.971496 0.935334
vt 0.970260 0.932546
vt 0.967586 0.911084
vt 0.971404 0.898278
vt 0.973469 0.934374
vt 0.770233 0.070519
vt 0.739144 0.070513
vt 0.739144 0.050155
vt 0.770233 0.050155
vt 0.677115 0.296087
vt 0.646451 0.296087
vt 0.646451 0.276140
vt 0.677115 0.276140
vt 0.616151 0.296087
vt 0.616151 0.276140
vt 0.586250 0.296087
vt 0.586250 0.276140
vt 0.556722 0.296087
vt 0.556722 0.276140
vt 0.527484 0.296087
vt 0.527484 0.276140
vt 0.498403 0.296087
vt 0.498403 0.276140
vt 0.469322 0.296087
vt 0.469322 0.276140
vt 0.440084 0.296087
vt 0.440084 0.276140
vt 0.410557 0.296087
vt 0.410557 0.276140
vt 0.380656 0.296087
vt 0.380656 0.276140
vt 0.350355 0.296087
vt 0.350355 0.276140
vt 0.319691 0.296087
vt 0.319691 0.276140
vt 0.288751 0.296087
vt 0.288751 0.276140
vt 0.257662 0.296087
vt 0.257662 0.276140
vt 0.226574 0.296087
vt 0.226574 0.276140
vt 0.195634 0.296087
vt 0.195634 0.276140
vt 0.164970 0.296087
vt 0.164970 0.276140
vt 0.134669 0.296087
vt 0.134669 0.276140
vt 0.104769 0.296087
vt 0.104769 0.276140
vt 0.075242 0.296087
vt 0.075242 0.276140
vt 0.046004 0.296087
vt 0.046004 0.276140
vt 0.016923 0.296087
vt 0.016923 0.276140
vt 0.979884 0.296087
vt 0.950804 0.296087
vt 0.950804 0.276140
vt 0.979884 0.276140
vt 0.921566 0.296087
vt 0.921566 0.276140
vt 0.892038 0.296087
vt 0.892038 0.276140
vt 0.862137 0.296087
vt 0.862137 0.276140
vt 0.831837 0.296087
vt 0.831837 0.276140
vt 0.801173 0.296087
vt 0.801173 0.276140
vt 0.770233 0.296087
vt 0.770233 0.276140
vt 0.440084 0.256439
vt 0.469322 0.256439
vt 0.739144 0.296087
vt 0.739144 0.276140
vt 0.586250 0.256439
vt 0.616151 0.256439
vt 0.288751 0.070519
vt 0.257662 0.070513
vt 0.257662 0.050155
vt 0.288751 0.050155
vt 0.319691 0.256439
vt 0.350355 0.256439
vt 0.046004 0.256439
vt 0.075242 0.256439
vt 0.498403 0.256439
vt 0.164969 0.256439
vt 0.195634 0.256439
vt 0.862137 0.256439
vt 0.892038 0.256439
vt 0.556722 0.256439
vt 0.288751 0.256439
vt 0.016923 0.256439
vt 0.410557 0.256439
vt 0.134669 0.256439
vt 0.831837 0.256439
vt 0.527484 0.256439
vt 0.257662 0.256439
vt 0.950804 0.256438
vt 0.979884 0.256438
vt 0.677115 0.256439
vt 0.708056 0.256439
vt 0.708056 0.276140
vt 0.646451 0.256439
vt 0.380656 0.256439
vt 0.104769 0.256439
vt 0.801173 0.256439
vt 0.226574 0.256439
vt 0.921566 0.256438
vt 0.770233 0.256439
vt 0.498403 0.070684
vt 0.469322 0.070677
vt 0.469322 0.050155
vt 0.498403 0.050155
vt 0.226574 0.070519
vt 0.195634 0.070538
vt 0.195634 0.050155
vt 0.226574 0.050155
vt 0.921566 0.070659
vt 0.892038 0.070631
vt 0.892038 0.050155
vt 0.921566 0.050155
vt 0.616151 0.070599
vt 0.586250 0.070631
vt 0.586250 0.050155
vt 0.616151 0.050155
vt 0.350355 0.070566
vt 0.319691 0.070538
vt 0.319691 0.050155
vt 0.350355 0.050155
vt 0.075242 0.070659
vt 0.046004 0.070678
vt 0.046004 0.050155
vt 0.075242 0.050155
vt 0.440084 0.070659
vt 0.440084 0.050155
vt 0.164969 0.070566
vt 0.164969 0.050155
vt 0.862137 0.070599
vt 0.862137 0.050155
vt 0.556722 0.070659
vt 0.556722 0.050155
vt 0.319691 0.097688
vt 0.288751 0.097688
vt 0.288751 0.089362
vt 0.319691 0.089353
vt 0.016923 0.070684
vt 0.016923 0.050156
vt 0.410556 0.070631
vt 0.410557 0.050155
vt 0.134669 0.070599
vt 0.134669 0.050155
vt 0.831837 0.070566
vt 0.831837 0.050155
vt 0.527484 0.070678
vt 0.527484 0.050155
vt 0.979884 0.070684
vt 0.950804 0.070677
vt 0.950804 0.050155
vt 0.979884 0.050156
vt 0.708056 0.070519
vt 0.677115 0.070538
vt 0.677115 0.050155
vt 0.708056 0.050155
vt 0.646451 0.070566
vt 0.646451 0.050155
vt 0.380656 0.070599
vt 0.380656 0.050155
vt 0.104769 0.070631
vt 0.104769 0.050155
vt 0.801173 0.070538
vt 0.801173 0.050155
vt 0.440084 0.324849
vt 0.410557 0.324849
vt 0.708056 0.296087
vt 0.319691 0.324849
vt 0.350355 0.324849
vt 0.350355 0.342776
vt 0.319691 0.342776
vt 0.979884 0.324848
vt 0.950804 0.324848
vt 0.380656 0.324849
vt 0.921566 0.324848
vt 0.892038 0.324849
vt 0.739144 0.324849
vt 0.708056 0.324849
vt 0.862137 0.324849
vt 0.288751 0.324849
vt 0.677115 0.324849
vt 0.831837 0.324849
vt 0.257662 0.324849
vt 0.646451 0.324849
vt 0.801173 0.324849
vt 0.226574 0.324849
vt 0.616151 0.324849
vt 0.770233 0.324849
vt 0.195634 0.324849
vt 0.586250 0.324849
vt 0.164970 0.324849
vt 0.556722 0.324849
vt 0.134669 0.324849
vt 0.527484 0.324849
vt 0.104769 0.324849
vt 0.498403 0.324849
vt 0.075242 0.324849
vt 0.469322 0.324849
vt 0.046004 0.324849
vt 0.016923 0.324849
vt 0.739144 0.342776
vt 0.708055 0.342776
vt 0.892038 0.342776
vt 0.862137 0.342776
vt 0.288750 0.342776
vt 0.677115 0.342776
vt 0.831837 0.342776
vt 0.257662 0.342776
vt 0.646451 0.342776
vt 0.801173 0.342776
vt 0.226574 0.342776
vt 0.616151 0.342776
vt 0.770233 0.342776
vt 0.195634 0.342776
vt 0.586250 0.342776
vt 0.164970 0.342776
vt 0.556722 0.342776
vt 0.134670 0.342776
vt 0.527484 0.342776
vt 0.104769 0.342777
vt 0.498403 0.342776
vt 0.075242 0.342777
vt 0.469322 0.342776
vt 0.046003 0.342777
vt 0.440084 0.342776
vt 0.016923 0.342777
vt 0.410557 0.342776
vt 0.979884 0.342776
vt 0.950804 0.342776
vt 0.380656 0.342776
vt 0.921565 0.342776
vt 0.801173 0.016926
vt 0.831837 0.016926
vt 0.708056 0.097688
vt 0.677115 0.097688
vt 0.677115 0.089353
vt 0.708056 0.089362
vt 0.862137 0.097688
vt 0.831837 0.097688
vt 0.831837 0.089339
vt 0.862137 0.089322
vt 0.257662 0.097688
vt 0.257662 0.089365
vt 0.646451 0.097688
vt 0.646451 0.089339
vt 0.801173 0.097688
vt 0.801173 0.089353
vt 0.226574 0.097688
vt 0.226574 0.089362
vt 0.616151 0.097688
vt 0.616151 0.089322
vt 0.770233 0.097688
vt 0.770233 0.089362
vt 0.195634 0.097688
vt 0.195634 0.089353
vt 0.586250 0.097688
vt 0.586250 0.089306
vt 0.739144 0.097688
vt 0.739144 0.089365
vt 0.164969 0.097688
vt 0.164969 0.089339
vt 0.556722 0.097688
vt 0.556722 0.089292
vt 0.134669 0.097688
vt 0.134669 0.089323
vt 0.527484 0.097688
vt 0.527484 0.089282
vt 0.104769 0.097688
vt 0.104769 0.089306
vt 0.498403 0.097688
vt 0.498403 0.089279
vt 0.075242 0.097688
vt 0.075242 0.089292
vt 0.469322 0.097688
vt 0.469322 0.089282
vt 0.046004 0.097688
vt 0.046004 0.089282
vt 0.440084 0.097688
vt 0.440084 0.089292
vt 0.016923 0.097688
vt 0.016923 0.089279
vt 0.410557 0.097688
vt 0.410556 0.089306
vt 0.979884 0.097688
vt 0.950804 0.097688
vt 0.950804 0.089282
vt 0.979884 0.089279
vt 0.380656 0.097688
vt 0.380656 0.089322
vt 0.921566 0.097688
vt 0.921566 0.089292
vt 0.350355 0.097688
vt 0.350355 0.089339
vt 0.892038 0.097688
vt 0.892038 0.089306
vt 0.689027 0.387812
vt 0.706106 0.398568
vt 0.638098 0.474972
vt 0.226574 0.016926
vt 0.257662 0.016926
vt 0.616151 0.016926
vt 0.646451 0.016926
vt 0.770233 0.016926
vt 0.195634 0.016926
vt 0.586250 0.016926
vt 0.739144 0.016926
vt 0.164970 0.016926
vt 0.556722 0.016926
vt 0.134670 0.016926
vt 0.527484 0.016926
vt 0.104769 0.016926
vt 0.498403 0.016926
vt 0.075242 0.016926
vt 0.469322 0.016926
vt 0.046003 0.016926
vt 0.440084 0.016926
vt 0.016923 0.016926
vt 0.410557 0.016926
vt 0.950804 0.016926
vt 0.979884 0.016926
vt 0.380656 0.016926
vt 0.921565 0.016926
vt 0.350355 0.016926
vt 0.892038 0.016926
vt 0.319691 0.016926
vt 0.708055 0.016926
vt 0.862137 0.016926
vt 0.288750 0.016926
vt 0.677115 0.016926
vt 0.544329 0.521583
vt 0.536635 0.503690
vt 0.720573 0.412260
vt 0.532841 0.484693
vt 0.731869 0.428362
vt 0.533092 0.465323
vt 0.739563 0.446255
vt 0.537379 0.446324
vt 0.743357 0.465252
vt 0.545535 0.428425
vt 0.743106 0.484623
vt 0.557250 0.412315
vt 0.738820 0.503622
vt 0.572070 0.398613
vt 0.730663 0.521521
vt 0.589429 0.387846
vt 0.647180 0.573305
vt 0.626471 0.573311
vt 0.718949 0.537630
vt 0.608658 0.380427
vt 0.606208 0.569539
vt 0.704128 0.551332
vt 0.629018 0.376641
vt 0.587171 0.562133
vt 0.686769 0.562099
vt 0.649727 0.376634
vt 0.570092 0.551377
vt 0.667540 0.569519
vt 0.669990 0.380406
vt 0.555626 0.537685
vt 0.620124 0.802177
vt 0.649502 0.802177
vt 0.649502 0.804321
vt 0.620124 0.804321
vt 0.797730 0.802177
vt 0.826759 0.802177
vt 0.826759 0.804321
vt 0.797730 0.804321
vt 0.679143 0.802177
vt 0.679143 0.804321
vt 0.855405 0.802177
vt 0.855405 0.804321
vt 0.708927 0.802177
vt 0.708927 0.804321
vt 0.883693 0.802177
vt 0.883693 0.804321
vt 0.911704 0.802177
vt 0.911704 0.804321
vt 0.939564 0.802177
vt 0.939564 0.804321
vt 0.017014 0.802177
vt 0.044874 0.802177
vt 0.044874 0.804322
vt 0.017014 0.804321
vt 0.072885 0.802177
vt 0.072885 0.804322
vt 0.101173 0.802177
vt 0.101173 0.804322
vt 0.129820 0.802177
vt 0.129820 0.804322
vt 0.158848 0.802177
vt 0.158848 0.804322
vt 0.365482 0.804322
vt 0.394128 0.804322
vt 0.394128 0.804322
vt 0.365482 0.804322
vt 0.188225 0.802177
vt 0.188225 0.804322
vt 0.217867 0.802177
vt 0.217867 0.804322
vt 0.422417 0.798238
vt 0.450429 0.798238
vt 0.450429 0.799551
vt 0.422417 0.799551
vt 0.017014 0.798238
vt 0.044874 0.798238
vt 0.044874 0.799551
vt 0.017014 0.799551
vt 0.394129 0.798238
vt 0.394128 0.799551
vt 0.911704 0.798238
vt 0.939564 0.798238
vt 0.939564 0.799551
vt 0.911704 0.799551
vt 0.365482 0.798238
vt 0.365482 0.799551
vt 0.883693 0.798238
vt 0.883693 0.799551
vt 0.336454 0.798238
vt 0.336453 0.799551
vt 0.855404 0.798238
vt 0.855405 0.799551
vt 0.307076 0.798238
vt 0.307077 0.799551
vt 0.826759 0.798238
vt 0.826759 0.799551
vt 0.277435 0.798238
vt 0.277435 0.799551
vt 0.649501 0.798238
vt 0.679143 0.798238
vt 0.679143 0.799551
vt 0.649502 0.799551
vt 0.797730 0.798238
vt 0.797730 0.799551
vt 0.247651 0.798238
vt 0.247651 0.799551
vt 0.708927 0.798238
vt 0.738710 0.798238
vt 0.738710 0.799551
vt 0.708927 0.799551
vt 0.768352 0.798238
vt 0.768353 0.799551
vt 0.217867 0.798238
vt 0.217867 0.799551
vt 0.591095 0.798238
vt 0.620124 0.798238
vt 0.620124 0.799551
vt 0.591095 0.799551
vt 0.188225 0.798238
vt 0.188225 0.799551
vt 0.562449 0.798238
vt 0.562449 0.799551
vt 0.158848 0.798238
vt 0.158848 0.799551
vt 0.534161 0.798238
vt 0.534160 0.799551
vt 0.129819 0.798238
vt 0.129820 0.799551
vt 0.506149 0.798238
vt 0.506149 0.799551
vt 0.101173 0.798238
vt 0.101173 0.799551
vt 0.478289 0.798238
vt 0.478289 0.799551
vt 0.072885 0.798238
vt 0.072885 0.799551
vt 0.768353 0.802177
vt 0.768353 0.804321
vt 0.591095 0.802177
vt 0.591095 0.804322
vt 0.738710 0.802177
vt 0.738710 0.804321
vt 0.562449 0.802177
vt 0.562449 0.804322
vt 0.534160 0.802177
vt 0.534160 0.804322
vt 0.506149 0.802177
vt 0.506149 0.804322
vt 0.478289 0.802177
vt 0.478289 0.804321
vt 0.450429 0.802177
vt 0.450429 0.804322
vt 0.422417 0.802177
vt 0.422417 0.804322
vt 0.394128 0.802177
vt 0.365482 0.802177
vt 0.336453 0.802177
vt 0.336453 0.804322
vt 0.307077 0.802177
vt 0.307077 0.804322
vt 0.277435 0.802177
vt 0.277435 0.804322
vt 0.247651 0.802177
vt 0.247651 0.804322
vt 0.739144 0.256439
vt 0.708056 0.184870
vt 0.708056 0.238874
vt 0.677115 0.238874
vt 0.677115 0.184870
vt 0.646451 0.238874
vt 0.646451 0.184870
vt 0.616151 0.238874
vt 0.616151 0.184870
vt 0.586250 0.238874
vt 0.586250 0.184870
vt 0.556722 0.238874
vt 0.556722 0.184870
vt 0.527484 0.238874
vt 0.527484 0.184870
vt 0.498403 0.238874
vt 0.498403 0.184870
vt 0.469322 0.238874
vt 0.469322 0.184870
vt 0.440084 0.238874
vt 0.440084 0.184870
vt 0.410557 0.238874
vt 0.410557 0.184870
vt 0.380656 0.238874
vt 0.380656 0.184870
vt 0.350355 0.238874
vt 0.350355 0.184870
vt 0.319691 0.238874
vt 0.319691 0.184870
vt 0.288751 0.238874
vt 0.288751 0.184870
vt 0.257662 0.238874
vt 0.257662 0.184870
vt 0.226574 0.238874
vt 0.226574 0.184870
vt 0.195634 0.238874
vt 0.195634 0.184870
vt 0.164969 0.238874
vt 0.164969 0.184870
vt 0.134669 0.238874
vt 0.134669 0.184870
vt 0.104769 0.238874
vt 0.104769 0.184870
vt 0.075242 0.238874
vt 0.075242 0.184870
vt 0.046004 0.238874
vt 0.046004 0.184870
vt 0.016923 0.238874
vt 0.016923 0.184870
vt 0.979884 0.184870
vt 0.979884 0.238873
vt 0.950804 0.238874
vt 0.950804 0.184870
vt 0.921566 0.238874
vt 0.921566 0.184870
vt 0.892038 0.238874
vt 0.892038 0.184870
vt 0.862137 0.238874
vt 0.862137 0.184870
vt 0.831837 0.238874
vt 0.831837 0.184870
vt 0.801173 0.238874
vt 0.801173 0.184870
vt 0.770233 0.238874
vt 0.770233 0.184870
vt 0.739144 0.238874
vt 0.739144 0.184870
vt 0.797730 0.804321
vt 0.826759 0.804321
vt 0.826759 0.804321
vt 0.797730 0.804321
vt 0.911704 0.804321
vt 0.883693 0.804321
vt 0.336453 0.804322
vt 0.855405 0.804321
vt 0.307077 0.804322
vt 0.708927 0.804321
vt 0.679143 0.804321
vt 0.277435 0.804322
vt 0.649502 0.804321
vt 0.247651 0.804322
vt 0.620124 0.804321
vt 0.768353 0.804321
vt 0.217867 0.804322
vt 0.591095 0.804322
vt 0.738710 0.804321
vt 0.188225 0.804322
vt 0.562449 0.804322
vt 0.158848 0.804322
vt 0.534160 0.804322
vt 0.129820 0.804322
vt 0.506149 0.804322
vt 0.101173 0.804322
vt 0.478289 0.804321
vt 0.072885 0.804322
vt 0.450429 0.804322
vt 0.044874 0.804322
vt 0.422417 0.804322
vt 0.017014 0.804321
vt 0.939564 0.804321
vt 0.228553 0.913311
vt 0.201224 0.913311
vt 0.201224 0.912347
vt 0.228553 0.912347
vt 0.277435 0.804321
vt 0.247651 0.804321
vt 0.649501 0.804321
vt 0.620124 0.804321
vt 0.768352 0.804321
vt 0.217867 0.804321
vt 0.591095 0.804321
vt 0.738710 0.804321
vt 0.188225 0.804321
vt 0.562449 0.804321
vt 0.708927 0.804321
vt 0.158848 0.804321
vt 0.534161 0.804321
vt 0.129819 0.804321
vt 0.506149 0.804321
vt 0.101173 0.804321
vt 0.478289 0.804321
vt 0.072885 0.804321
vt 0.450429 0.804321
vt 0.044874 0.804321
vt 0.422417 0.804321
vt 0.017014 0.804321
vt 0.394129 0.804321
vt 0.939564 0.804321
vt 0.911704 0.804321
vt 0.365482 0.804321
vt 0.883693 0.804321
vt 0.336454 0.804321
vt 0.855404 0.804321
vt 0.307076 0.804321
vt 0.679143 0.804321
vt 0.069726 0.749894
vt 0.096459 0.749894
vt 0.096459 0.751196
vt 0.069726 0.751196
vt 0.733298 0.913311
vt 0.706341 0.913311
vt 0.706341 0.912346
vt 0.733298 0.912346
vt 0.388916 0.913311
vt 0.362959 0.913311
vt 0.362959 0.912347
vt 0.388916 0.912347
vt 0.759934 0.913311
vt 0.759934 0.912346
vt 0.414618 0.913311
vt 0.414618 0.912347
vt 0.786219 0.913311
vt 0.786219 0.912346
vt 0.440183 0.913311
vt 0.440183 0.912347
vt 0.812177 0.913311
vt 0.812177 0.912346
vt 0.465747 0.913311
vt 0.465747 0.912347
vt 0.837879 0.913311
vt 0.837879 0.912346
vt 0.491450 0.913311
vt 0.491450 0.912347
vt 0.863444 0.913311
vt 0.863444 0.912347
vt 0.517406 0.913311
vt 0.517406 0.912347
vt 0.042488 0.913311
vt 0.016924 0.913311
vt 0.016924 0.912347
vt 0.042488 0.912347
vt 0.543692 0.913311
vt 0.543692 0.912347
vt 0.068190 0.913311
vt 0.068190 0.912347
vt 0.570328 0.913311
vt 0.570328 0.912347
vt 0.094147 0.913311
vt 0.094147 0.912347
vt 0.597285 0.913311
vt 0.597285 0.912347
vt 0.255882 0.913311
vt 0.255882 0.912347
vt 0.120433 0.913311
vt 0.120433 0.912347
vt 0.624484 0.913311
vt 0.624484 0.912346
vt 0.283081 0.913311
vt 0.283081 0.912347
vt 0.147069 0.913311
vt 0.147069 0.912347
vt 0.651813 0.913311
vt 0.651813 0.912346
vt 0.310037 0.913311
vt 0.310037 0.912347
vt 0.174025 0.913311
vt 0.174025 0.912347
vt 0.679142 0.913311
vt 0.679142 0.912346
vt 0.336673 0.913311
vt 0.336673 0.912347
vt 0.426518 0.749894
vt 0.452847 0.749894
vt 0.452847 0.751196
vt 0.426517 0.751196
vt 0.043254 0.749894
vt 0.043254 0.751196
vt 0.400047 0.749894
vt 0.400047 0.751196
vt 0.016925 0.749894
vt 0.016925 0.751196
vt 0.373313 0.749894
vt 0.373313 0.751196
vt 0.862440 0.749894
vt 0.888769 0.749894
vt 0.888769 0.751196
vt 0.862440 0.751196
vt 0.346241 0.749894
vt 0.346241 0.751196
vt 0.835969 0.749894
vt 0.835969 0.751196
vt 0.318808 0.749894
vt 0.318808 0.751196
vt 0.809236 0.749894
vt 0.809236 0.751196
vt 0.291044 0.749894
vt 0.291045 0.751196
vt 0.642663 0.749894
vt 0.670809 0.749894
vt 0.670809 0.751196
vt 0.642663 0.751196
vt 0.782164 0.749894
vt 0.782164 0.751196
vt 0.263032 0.749894
vt 0.263032 0.751196
vt 0.614650 0.749894
vt 0.614650 0.751196
vt 0.754731 0.749894
vt 0.754731 0.751196
vt 0.234885 0.749894
vt 0.234886 0.751196
vt 0.586886 0.749894
vt 0.586887 0.751196
vt 0.726968 0.749894
vt 0.726968 0.751196
vt 0.206739 0.749894
vt 0.206739 0.751196
vt 0.559454 0.749894
vt 0.559453 0.751196
vt 0.698956 0.749894
vt 0.698956 0.751196
vt 0.178726 0.749894
vt 0.178726 0.751196
vt 0.532382 0.749894
vt 0.532382 0.751196
vt 0.150964 0.749894
vt 0.150963 0.751196
vt 0.505648 0.749894
vt 0.505649 0.751196
vt 0.123531 0.749894
vt 0.123531 0.751196
vt 0.479176 0.749894
vt 0.479176 0.751196
vt 0.809236 0.756190
vt 0.782164 0.756190
vt 0.291045 0.756190
vt 0.263032 0.756190
vt 0.642663 0.756190
vt 0.614650 0.756190
vt 0.754731 0.756190
vt 0.234885 0.756190
vt 0.586887 0.756190
vt 0.726968 0.756190
vt 0.206739 0.756190
vt 0.559453 0.756190
vt 0.698956 0.756190
vt 0.178726 0.756190
vt 0.532382 0.756190
vt 0.670809 0.756190
vt 0.150963 0.756190
vt 0.505649 0.756190
vt 0.123531 0.756190
vt 0.479176 0.756190
vt 0.096459 0.756190
vt 0.452847 0.756190
vt 0.069726 0.756190
vt 0.426517 0.756190
vt 0.043254 0.756190
vt 0.400047 0.756190
vt 0.016925 0.756190
vt 0.373313 0.756190
vt 0.888769 0.756190
vt 0.862440 0.756190
vt 0.346241 0.756190
vt 0.835969 0.756190
vt 0.318808 0.756190
vt 0.022206 0.478609
vt 0.032539 0.452194
vt 0.035857 0.453613
vt 0.025797 0.479311
vt 0.285331 0.481744
vt 0.290660 0.510042
vt 0.286860 0.509916
vt 0.281661 0.482375
vt 0.066617 0.635402
vt 0.047489 0.614797
vt 0.050337 0.611875
vt 0.068939 0.631941
vt 0.698956 0.758756
vt 0.670809 0.758756
vt 0.178726 0.758756
vt 0.150963 0.758756
vt 0.532382 0.758756
vt 0.505649 0.758756
vt 0.479176 0.758756
vt 0.123531 0.758756
vt 0.096459 0.758756
vt 0.452847 0.758756
vt 0.069726 0.758756
vt 0.426517 0.758756
vt 0.043254 0.758756
vt 0.400047 0.758756
vt 0.016925 0.758756
vt 0.373313 0.758756
vt 0.888769 0.758756
vt 0.862440 0.758756
vt 0.346241 0.758756
vt 0.835969 0.758756
vt 0.318808 0.758756
vt 0.809236 0.758756
vt 0.291045 0.758756
vt 0.782164 0.758756
vt 0.263032 0.758756
vt 0.642663 0.758756
vt 0.614650 0.758756
vt 0.754731 0.758756
vt 0.234886 0.758756
vt 0.586887 0.758756
vt 0.726968 0.758756
vt 0.206739 0.758756
vt 0.559453 0.758756
vt 0.951876 0.720152
vt 0.948830 0.720515
vt 0.948810 0.717983
vt 0.951411 0.717687
vt 0.934311 0.710278
vt 0.933408 0.707147
vt 0.935694 0.706636
vt 0.936464 0.709292
vt 0.951724 0.687397
vt 0.954611 0.688352
vt 0.953747 0.690649
vt 0.951268 0.689850
vt 0.939934 0.718014
vt 0.937498 0.715911
vt 0.937739 0.715680
vt 0.940125 0.717740
vt 0.935640 0.694601
vt 0.937561 0.692061
vt 0.939215 0.693831
vt 0.937587 0.695993
vt 0.954795 0.719170
vt 0.953897 0.716857
vt 0.942705 0.719572
vt 0.942838 0.719265
vt 0.964291 0.703678
vt 0.964030 0.706934
vt 0.961739 0.706456
vt 0.961969 0.703696
vt 0.948642 0.686917
vt 0.948636 0.689587
vt 0.935775 0.713160
vt 0.937706 0.711741
vt 0.957480 0.717606
vt 0.956178 0.715526
vt 0.934220 0.697497
vt 0.936384 0.698454
vt 0.945502 0.687407
vt 0.945987 0.689884
vt 0.963984 0.700423
vt 0.961699 0.700939
vt 0.959828 0.715514
vt 0.958172 0.713745
vt 0.939372 0.713883
vt 0.942579 0.688409
vt 0.943485 0.690718
vt 0.933362 0.700635
vt 0.935653 0.701118
vt 0.961752 0.712971
vt 0.959804 0.711582
vt 0.961619 0.694419
vt 0.963081 0.697295
vt 0.960931 0.698283
vt 0.959693 0.695838
vt 0.939904 0.689973
vt 0.941205 0.692050
vt 0.941396 0.715637
vt 0.963172 0.710074
vt 0.961008 0.709120
vt 0.933101 0.703892
vt 0.935423 0.703877
vt 0.945777 0.720201
vt 0.946203 0.717727
vt 0.933035 0.700578
vt 0.933909 0.697380
vt 0.957292 0.689864
vt 0.956027 0.691948
vt 0.943702 0.716935
vt 0.897650 0.420772
vt 0.897650 0.424083
vt 0.895703 0.424082
vt 0.895703 0.420772
vt 0.897650 0.481347
vt 0.897650 0.484608
vt 0.895703 0.484608
vt 0.895703 0.481347
vt 0.897650 0.417419
vt 0.895703 0.417419
vt 0.897650 0.410583
vt 0.897650 0.414021
vt 0.895703 0.414021
vt 0.895703 0.410583
vt 0.897650 0.471406
vt 0.897650 0.474758
vt 0.895703 0.474758
vt 0.895703 0.471406
vt 0.897650 0.478069
vt 0.895703 0.478069
vt 0.897650 0.407114
vt 0.895703 0.407114
vt 0.897650 0.450660
vt 0.897650 0.454129
vt 0.895703 0.454129
vt 0.895703 0.450660
vt 0.897650 0.468008
vt 0.895703 0.468008
vt 0.925997 0.450660
vt 0.925997 0.454129
vt 0.897650 0.447222
vt 0.895703 0.447222
vt 0.897650 0.464570
vt 0.895703 0.464570
vt 0.897650 0.400142
vt 0.897650 0.403628
vt 0.895703 0.403628
vt 0.895703 0.400142
vt 0.897650 0.443824
vt 0.895703 0.443824
vt 0.897650 0.461101
vt 0.895703 0.461101
vt 0.897650 0.396673
vt 0.895703 0.396673
vt 0.897650 0.457615
vt 0.895703 0.457615
vt 0.897650 0.393235
vt 0.895703 0.393234
vt 0.897650 0.437161
vt 0.897650 0.440472
vt 0.895703 0.440471
vt 0.895703 0.437161
vt 0.897650 0.389837
vt 0.895703 0.389837
vt 0.897650 0.433882
vt 0.895703 0.433882
vt 0.897650 0.386485
vt 0.895703 0.386484
vt 0.897650 0.430621
vt 0.895703 0.430621
vt 0.897650 0.383174
vt 0.895703 0.383174
vt 0.897650 0.427361
vt 0.895703 0.427361
vt 0.897650 0.379895
vt 0.895703 0.379896
vt 0.897650 0.376635
vt 0.895703 0.376635
vt 0.925997 0.468008
vt 0.925997 0.471406
vt 0.140843 0.664511
vt 0.115100 0.658767
vt 0.124460 0.625652
vt 0.143944 0.630033
vt 0.238336 0.413070
vt 0.256908 0.433015
vt 0.231867 0.454779
vt 0.217826 0.439644
vt 0.090813 0.647774
vt 0.106098 0.617304
vt 0.271543 0.456411
vt 0.242916 0.472515
vt 0.020629 0.534724
vt 0.020649 0.506696
vt 0.053045 0.510579
vt 0.053063 0.531763
vt 0.089570 0.605303
vt 0.250541 0.492176
vt 0.056906 0.489848
vt 0.075515 0.590111
vt 0.254438 0.512999
vt 0.064488 0.470375
vt 0.035736 0.588358
vt 0.064482 0.572314
vt 0.286966 0.537960
vt 0.254518 0.534193
vt 0.050424 0.430580
vt 0.075491 0.452908
vt 0.025706 0.562304
vt 0.056900 0.552607
vt 0.281922 0.565418
vt 0.250707 0.554962
vt 0.068927 0.411074
vt 0.089488 0.438107
vt 0.271918 0.591228
vt 0.243152 0.574490
vt 0.090658 0.395821
vt 0.105949 0.426535
vt 0.257343 0.614385
vt 0.232146 0.592018
vt 0.114805 0.385389
vt 0.124252 0.418630
vt 0.238770 0.633987
vt 0.218119 0.606866
vt 0.140503 0.380211
vt 0.143716 0.414701
vt 0.216933 0.649278
vt 0.201616 0.618463
vt 0.166715 0.380552
vt 0.163572 0.414966
vt 0.192694 0.659680
vt 0.183278 0.626368
vt 0.192373 0.386343
vt 0.183020 0.419354
vt 0.167024 0.664832
vt 0.163805 0.630287
vt 0.216548 0.397318
vt 0.201335 0.427685
vt 0.131858 0.599602
vt 0.146421 0.602880
vt 0.212153 0.471859
vt 0.201658 0.460535
vt 0.118138 0.593357
vt 0.220408 0.485127
vt 0.078477 0.513585
vt 0.078488 0.529426
vt 0.105790 0.584385
vt 0.226102 0.499829
vt 0.081357 0.498084
vt 0.095290 0.573030
vt 0.229018 0.515400
vt 0.087018 0.483520
vt 0.087046 0.559733
vt 0.229061 0.531246
vt 0.095240 0.470452
vt 0.081374 0.545008
vt 0.226207 0.546766
vt 0.105707 0.459379
vt 0.220561 0.561358
vt 0.118019 0.450724
vt 0.212341 0.574456
vt 0.131707 0.444819
vt 0.201863 0.585555
vt 0.146250 0.441894
vt 0.189533 0.594228
vt 0.161083 0.442082
vt 0.175826 0.600140
vt 0.175627 0.445356
vt 0.161268 0.603067
vt 0.189326 0.451587
vt 0.032471 0.590642
vt 0.290752 0.538851
vt 0.047509 0.428512
vt 0.022149 0.563880
vt 0.285553 0.567060
vt 0.066532 0.408452
vt 0.016918 0.535549
vt 0.275256 0.593573
vt 0.088880 0.392760
vt 0.260264 0.617358
vt 0.113721 0.382021
vt 0.241167 0.637490
vt 0.140172 0.376666
vt 0.218717 0.653190
vt 0.167158 0.377041
vt 0.193804 0.663865
vt 0.193554 0.383007
vt 0.167425 0.669137
vt 0.218417 0.394299
vt 0.140527 0.668830
vt 0.240819 0.410500
vt 0.114070 0.662941
vt 0.259907 0.431008
vt 0.089106 0.651659
vt 0.274942 0.455059
vt 0.016926 0.506754
vt 0.586886 0.763718
vt 0.559454 0.763718
vt 0.559453 0.761040
vt 0.586887 0.761040
vt 0.234885 0.763718
vt 0.206739 0.763718
vt 0.206739 0.761041
vt 0.234886 0.761041
vt 0.754731 0.763718
vt 0.726968 0.763718
vt 0.726968 0.761040
vt 0.754731 0.761040
vt 0.614650 0.763718
vt 0.614650 0.761040
vt 0.263032 0.763718
vt 0.263032 0.761041
vt 0.782164 0.763718
vt 0.782164 0.761040
vt 0.642663 0.763718
vt 0.642663 0.761040
vt 0.291044 0.763718
vt 0.291045 0.761041
vt 0.809236 0.763718
vt 0.809236 0.761040
vt 0.670809 0.763718
vt 0.670809 0.761040
vt 0.318808 0.763718
vt 0.318808 0.761041
vt 0.835969 0.763718
vt 0.835969 0.761040
vt 0.346241 0.763718
vt 0.346241 0.761041
vt 0.862440 0.763718
vt 0.862440 0.761040
vt 0.373313 0.763718
vt 0.373313 0.761041
vt 0.888769 0.763718
vt 0.888769 0.761041
vt 0.400047 0.763718
vt 0.400047 0.761041
vt 0.043254 0.763718
vt 0.016925 0.763718
vt 0.016925 0.761041
vt 0.043254 0.761041
vt 0.426518 0.763718
vt 0.426517 0.761041
vt 0.069726 0.763718
vt 0.069726 0.761041
vt 0.452847 0.763718
vt 0.452847 0.761041
vt 0.096459 0.763718
vt 0.096459 0.761041
vt 0.479176 0.763718
vt 0.479176 0.761041
vt 0.123531 0.763718
vt 0.123531 0.761041
vt 0.505648 0.763718
vt 0.505649 0.761041
vt 0.150964 0.763718
vt 0.150963 0.761041
vt 0.532382 0.763718
vt 0.532382 0.761041
vt 0.178726 0.763718
vt 0.178726 0.761041
vt 0.698956 0.763718
vt 0.698956 0.761040
vt 0.140879 0.567833
vt 0.149444 0.569761
vt 0.188114 0.492686
vt 0.181939 0.486020
vt 0.132811 0.564160
vt 0.192969 0.500495
vt 0.109470 0.517240
vt 0.109478 0.526563
vt 0.125550 0.558884
vt 0.196318 0.509147
vt 0.111162 0.508118
vt 0.119375 0.552208
vt 0.198033 0.518311
vt 0.114491 0.499546
vt 0.114524 0.544389
vt 0.198051 0.527635
vt 0.119328 0.491854
vt 0.111182 0.535730
vt 0.196367 0.536763
vt 0.125488 0.485337
vt 0.193044 0.545343
vt 0.132733 0.480244
vt 0.188208 0.553046
vt 0.140787 0.476772
vt 0.182047 0.559572
vt 0.149340 0.475054
vt 0.174797 0.564673
vt 0.158064 0.475162
vt 0.166737 0.568149
vt 0.166620 0.477087
vt 0.158175 0.569869
vt 0.174682 0.480753
vt 0.925997 0.379896
vt 0.925997 0.383174
vt 0.925997 0.461101
vt 0.925997 0.464570
vt 0.925997 0.424082
vt 0.925997 0.427361
vt 0.925997 0.396673
vt 0.925997 0.400142
vt 0.925997 0.376635
vt 0.925997 0.440471
vt 0.925997 0.443824
vt 0.925997 0.420772
vt 0.925997 0.457615
vt 0.925998 0.481347
vt 0.925998 0.484608
vt 0.925997 0.393234
vt 0.925997 0.417419
vt 0.925997 0.437161
vt 0.925998 0.478069
vt 0.925997 0.414021
vt 0.925997 0.389837
vt 0.925997 0.474758
vt 0.925997 0.433882
vt 0.925997 0.403628
vt 0.925997 0.407114
vt 0.925997 0.410583
vt 0.925997 0.386484
vt 0.925997 0.430621
vt 0.925997 0.447222
vt 0.149269 0.538271
vt 0.152254 0.538942
vt 0.165736 0.512073
vt 0.163583 0.509748
vt 0.146457 0.536992
vt 0.167429 0.514797
vt 0.138316 0.520637
vt 0.138319 0.523888
vt 0.143926 0.535154
vt 0.168597 0.517815
vt 0.138905 0.517455
vt 0.141773 0.532828
vt 0.169194 0.521011
vt 0.140066 0.514466
vt 0.140081 0.530103
vt 0.169199 0.524262
vt 0.141752 0.511782
vt 0.138915 0.527084
vt 0.168611 0.527445
vt 0.143900 0.509510
vt 0.167451 0.530435
vt 0.146426 0.507733
vt 0.165765 0.533119
vt 0.149235 0.506524
vt 0.163617 0.535393
vt 0.152217 0.505925
vt 0.161090 0.537170
vt 0.155258 0.505962
vt 0.158280 0.538381
vt 0.158242 0.506633
vt 0.155297 0.538979
vt 0.161053 0.507911
vt 0.959902 0.691680
vt 0.961900 0.694240
vt 0.959662 0.691910
vt 0.932769 0.703895
vt 0.935356 0.694427
vt 0.937316 0.691836
vt 0.939708 0.689705
vt 0.942439 0.688106
vt 0.945419 0.687079
vt 0.948587 0.686572
vt 0.948694 0.686588
vt 0.951801 0.687078
vt 0.954744 0.688050
vt 0.957482 0.689593
vt 0.958036 0.693699
vt 0.963390 0.697173
vt 0.964310 0.700361
vt 0.964622 0.703674
vt 0.964358 0.706991
vt 0.963484 0.710190
vt 0.962036 0.713145
vt 0.935493 0.713340
vt 0.934000 0.710401
vt 0.933081 0.707209
vt 0.960074 0.715740
vt 0.957676 0.717876
vt 0.954934 0.719474
vt 0.951950 0.720478
vt 0.948833 0.720850
vt 0.945709 0.720529
vt 0.739144 0.122297
vt 0.708056 0.122297
vt 0.708056 0.110324
vt 0.739144 0.110324
vt 0.677115 0.122297
vt 0.677115 0.110324
vt 0.646451 0.122297
vt 0.646451 0.110324
vt 0.616151 0.122297
vt 0.616151 0.110324
vt 0.586250 0.122297
vt 0.586250 0.110324
vt 0.556722 0.122297
vt 0.556722 0.110324
vt 0.527484 0.122297
vt 0.527484 0.110324
vt 0.498403 0.122297
vt 0.498403 0.110324
vt 0.469322 0.122297
vt 0.469322 0.110324
vt 0.440084 0.122297
vt 0.440084 0.110324
vt 0.410557 0.122297
vt 0.410557 0.110324
vt 0.380656 0.122297
vt 0.380656 0.110324
vt 0.350355 0.122297
vt 0.350355 0.110324
vt 0.319691 0.122297
vt 0.319691 0.110324
vt 0.288751 0.122297
vt 0.288751 0.110324
vt 0.257662 0.122297
vt 0.257662 0.110324
vt 0.226574 0.122297
vt 0.226574 0.110324
vt 0.195634 0.122297
vt 0.195634 0.110324
vt 0.164969 0.122297
vt 0.164969 0.110324
vt 0.134669 0.122297
vt 0.134669 0.110324
vt 0.104769 0.122297
vt 0.104769 0.110324
vt 0.075242 0.122297
vt 0.075242 0.110324
vt 0.046004 0.122297
vt 0.046004 0.110324
vt 0.016923 0.122297
vt 0.016923 0.110324
vt 0.979884 0.122297
vt 0.950804 0.122297
vt 0.950804 0.110324
vt 0.979884 0.110324
vt 0.921566 0.122297
vt 0.921566 0.110324
vt 0.892038 0.122297
vt 0.892038 0.110324
vt 0.862137 0.122297
vt 0.862137 0.110324
vt 0.831837 0.122297
vt 0.831837 0.110324
vt 0.801173 0.122297
vt 0.801173 0.110324
vt 0.770233 0.122297
vt 0.770233 0.110324
vt 0.036870 0.663732
vt 0.038541 0.657843
vt 0.041590 0.659230
vt 0.038872 0.664643
vt 0.023095 0.671438
vt 0.017563 0.669576
vt 0.018824 0.666333
vt 0.023922 0.669308
vt 0.036891 0.686343
vt 0.038573 0.692273
vt 0.035339 0.692921
vt 0.034767 0.686769
vt 0.044245 0.671699
vt 0.049773 0.669974
vt 0.050421 0.673441
vt 0.044669 0.673976
vt 0.034745 0.663254
vt 0.035305 0.657116
vt 0.026671 0.684044
vt 0.023011 0.688774
vt 0.020675 0.686251
vt 0.025138 0.682387
vt 0.038892 0.685482
vt 0.041619 0.690962
vt 0.022675 0.673704
vt 0.016922 0.673027
vt 0.032579 0.663227
vt 0.032007 0.657076
vt 0.043413 0.669549
vt 0.048507 0.666700
vt 0.040692 0.684218
vt 0.044361 0.689037
vt 0.028474 0.685353
vt 0.025756 0.690766
vt 0.030455 0.663653
vt 0.028773 0.657723
vt 0.022677 0.676020
vt 0.016925 0.676555
vt 0.042222 0.682599
vt 0.046691 0.686573
vt 0.042208 0.667608
vt 0.046671 0.663745
vt 0.028454 0.664514
vt 0.025727 0.659034
vt 0.030476 0.686264
vt 0.028805 0.692153
vt 0.044671 0.676292
vt 0.050424 0.676969
vt 0.049783 0.680421
vt 0.044251 0.678559
vt 0.043424 0.680689
vt 0.048523 0.683663
vt 0.040675 0.665952
vt 0.044335 0.661222
vt 0.023933 0.680447
vt 0.018838 0.683297
vt 0.017572 0.680022
vt 0.023101 0.678297
vt 0.026654 0.665779
vt 0.022985 0.660959
vt 0.032601 0.686742
vt 0.032040 0.692880
vt 0.020654 0.663423
vt 0.025124 0.667397
vt 0.033672 0.674999
vt 0.783006 0.491868
vt 0.777860 0.492161
vt 0.775226 0.377406
vt 0.780720 0.377280
vt 0.788108 0.491012
vt 0.786194 0.377157
vt 0.793120 0.489754
vt 0.791637 0.377036
vt 0.798066 0.488288
vt 0.797040 0.376919
vt 0.802972 0.486861
vt 0.802406 0.376812
vt 0.807948 0.485636
vt 0.807741 0.376723
vt 0.813086 0.484808
vt 0.813056 0.376663
vt 0.818376 0.484496
vt 0.818365 0.376642
vt 0.446420 0.545297
vt 0.439563 0.542562
vt 0.447934 0.483221
vt 0.456621 0.484386
vt 0.410809 0.533242
vt 0.403127 0.532711
vt 0.403128 0.479496
vt 0.411747 0.479646
vt 0.425552 0.536986
vt 0.428971 0.480794
vt 0.437607 0.481642
vt 0.432606 0.539693
vt 0.418301 0.534742
vt 0.420359 0.480100
vt 0.465185 0.486248
vt 0.453344 0.547771
vt 0.521180 0.583588
vt 0.514381 0.586402
vt 0.513515 0.581413
vt 0.518597 0.579316
vt 0.526380 0.578387
vt 0.522484 0.575434
vt 0.529192 0.571593
vt 0.524586 0.570362
vt 0.529182 0.564252
vt 0.524585 0.564879
vt 0.526362 0.557485
vt 0.522485 0.559821
vt 0.521171 0.552328
vt 0.518612 0.555961
vt 0.514420 0.549555
vt 0.513560 0.553887
vt 0.507004 0.586400
vt 0.508004 0.581405
vt 0.460590 0.550276
vt 0.460271 0.551009
vt 0.453089 0.548490
vt 0.514536 0.587179
vt 0.506847 0.587179
vt 0.446160 0.545986
vt 0.521618 0.584243
vt 0.439274 0.543277
vt 0.527039 0.578827
vt 0.432324 0.540400
vt 0.529966 0.571745
vt 0.425303 0.537705
vt 0.529954 0.564096
vt 0.418114 0.535479
vt 0.527014 0.557046
vt 0.410706 0.534005
vt 0.521605 0.551674
vt 0.403128 0.533483
vt 0.514572 0.548789
vt 0.508138 0.580729
vt 0.513381 0.580740
vt 0.783081 0.492540
vt 0.777847 0.492831
vt 0.518216 0.578746
vt 0.788247 0.491669
vt 0.521915 0.575054
vt 0.793298 0.490397
vt 0.523916 0.570230
vt 0.798254 0.488921
vt 0.523915 0.565013
vt 0.803138 0.487479
vt 0.521919 0.560202
vt 0.808075 0.486279
vt 0.518236 0.556528
vt 0.813155 0.485469
vt 0.513429 0.554553
vt 0.818377 0.485185
vt 0.883751 0.558428
vt 0.889271 0.558428
vt 0.886477 0.572252
vt 0.878652 0.560540
vt 0.898274 0.580162
vt 0.894371 0.584066
vt 0.900386 0.575063
vt 0.900386 0.569543
vt 0.898274 0.564443
vt 0.894371 0.560540
vt 0.499651 0.442469
vt 0.492139 0.439130
vt 0.525173 0.377182
vt 0.532699 0.380470
vt 0.419897 0.445509
vt 0.411516 0.445067
vt 0.411308 0.411538
vt 0.419472 0.411998
vt 0.483848 0.438359
vt 0.516041 0.378561
vt 0.475432 0.438715
vt 0.436642 0.446867
vt 0.435744 0.413426
vt 0.507042 0.381183
vt 0.428269 0.446151
vt 0.427615 0.412667
vt 0.403128 0.444910
vt 0.403128 0.411369
vt 0.473356 0.488866
vt 0.853747 0.491860
vt 0.856009 0.377273
vt 0.861503 0.377397
vt 0.858894 0.492152
vt 0.848645 0.491005
vt 0.850535 0.377150
vt 0.843634 0.489748
vt 0.845093 0.377030
vt 0.838687 0.488284
vt 0.839689 0.376915
vt 0.833781 0.486858
vt 0.834323 0.376809
vt 0.828806 0.485634
vt 0.828989 0.376721
vt 0.823667 0.484807
vt 0.823673 0.376662
vt 0.359836 0.545296
vt 0.349634 0.484386
vt 0.358321 0.483221
vt 0.366692 0.542562
vt 0.395447 0.533242
vt 0.394508 0.479646
vt 0.380703 0.536986
vt 0.373649 0.539693
vt 0.368648 0.481642
vt 0.377285 0.480794
vt 0.387954 0.534742
vt 0.385897 0.480100
vt 0.352911 0.547771
vt 0.341071 0.486248
vt 0.495025 0.578346
vt 0.499050 0.575409
vt 0.502922 0.579295
vt 0.500203 0.583559
vt 0.492245 0.571552
vt 0.496971 0.570338
vt 0.492281 0.564211
vt 0.496997 0.564859
vt 0.495129 0.557452
vt 0.499123 0.559808
vt 0.500343 0.552302
vt 0.503019 0.555956
vt 0.507119 0.549537
vt 0.508090 0.553881
vt 0.353167 0.548490
vt 0.345984 0.551009
vt 0.345666 0.550276
vt 0.499760 0.584214
vt 0.360095 0.545986
vt 0.494370 0.578780
vt 0.366982 0.543277
vt 0.491469 0.571703
vt 0.373931 0.540400
vt 0.491509 0.564052
vt 0.380951 0.537705
vt 0.494477 0.557010
vt 0.388141 0.535479
vt 0.499910 0.551645
vt 0.395549 0.534005
vt 0.506970 0.548766
vt 0.503304 0.578727
vt 0.853673 0.492532
vt 0.858907 0.492822
vt 0.499620 0.575032
vt 0.848507 0.491662
vt 0.497642 0.570209
vt 0.843456 0.490391
vt 0.497667 0.564996
vt 0.838499 0.488917
vt 0.499688 0.560192
vt 0.833616 0.487475
vt 0.503395 0.556526
vt 0.828678 0.486276
vt 0.508220 0.554550
vt 0.823598 0.485468
vt 0.874749 0.564444
vt 0.872636 0.569543
vt 0.889271 0.586178
vt 0.883752 0.586178
vt 0.878652 0.584066
vt 0.874749 0.580163
vt 0.872636 0.575063
vt 0.306604 0.442469
vt 0.273556 0.380470
vt 0.281082 0.377182
vt 0.314117 0.439130
vt 0.386359 0.445509
vt 0.386784 0.411998
vt 0.394947 0.411538
vt 0.394739 0.445067
vt 0.290214 0.378561
vt 0.322407 0.438359
vt 0.330823 0.438715
vt 0.299213 0.381183
vt 0.370511 0.413426
vt 0.369613 0.446867
vt 0.377987 0.446151
vt 0.378640 0.412667
vt 0.332899 0.488866
vt 0.946502 0.543019
vt 0.935414 0.541245
vt 0.930145 0.538372
vt 0.943735 0.538464
vt 0.941769 0.530088
vt 0.926598 0.530014
vt 0.927927 0.524298
vt 0.942300 0.524363
vt 0.928450 0.535692
vt 0.942819 0.535617
vt 0.943438 0.521504
vt 0.930339 0.521447
vt 0.935270 0.518606
vt 0.945835 0.518650
vt 0.969028 0.535657
vt 0.955923 0.535712
vt 0.955932 0.530151
vt 0.970096 0.530131
vt 0.968453 0.521542
vt 0.955945 0.521543
vt 0.955949 0.518680
vt 0.966064 0.518680
vt 0.968105 0.538502
vt 0.955919 0.538569
vt 0.955941 0.524409
vt 0.969583 0.524404
vt 0.965325 0.543048
vt 0.955912 0.543132
vt 0.976418 0.541307
vt 0.981695 0.538450
vt 0.985266 0.530103
vt 0.983954 0.524383
vt 0.983397 0.535776
vt 0.981551 0.521525
vt 0.976629 0.518669
vt 0.148668 0.948061
vt 0.144102 0.948061
vt 0.144102 0.947153
vt 0.148668 0.947153
vt 0.129564 0.948061
vt 0.126600 0.948061
vt 0.126600 0.947153
vt 0.129564 0.947153
vt 0.135178 0.948061
vt 0.135178 0.947153
vt 0.140796 0.948061
vt 0.140796 0.947153
vt 0.121195 0.948061
vt 0.121195 0.947153
vt 0.200676 0.948061
vt 0.196109 0.948061
vt 0.196109 0.947153
vt 0.200676 0.947153
vt 0.218178 0.948061
vt 0.215213 0.948061
vt 0.215213 0.947153
vt 0.218178 0.947153
vt 0.209600 0.948061
vt 0.209600 0.947153
vt 0.203982 0.948061
vt 0.203982 0.947153
vt 0.223582 0.948061
vt 0.223582 0.947153
vt 0.235839 0.948061
vt 0.235839 0.947153
vt 0.160926 0.948061
vt 0.160926 0.947153
vt 0.965620 0.548006
vt 0.946193 0.547977
vt 0.183852 0.948061
vt 0.172389 0.948061
vt 0.172389 0.947153
vt 0.183852 0.947153
vt 0.108938 0.948061
vt 0.108938 0.947153
vt 0.167962 0.706599
vt 0.167918 0.707427
vt 0.154989 0.706536
vt 0.154496 0.705723
vt 0.965847 0.561531
vt 0.945924 0.561501
vt 0.079113 0.707427
vt 0.079069 0.706599
vt 0.092534 0.705723
vt 0.092042 0.706536
vt 0.888284 0.840020
vt 0.888284 0.859220
vt 0.875327 0.859466
vt 0.875327 0.839775
vt 0.073545 0.707209
vt 0.074034 0.706532
vt 0.172998 0.706532
vt 0.173486 0.707209
vt 0.893845 0.858856
vt 0.893845 0.840385
vt 0.868339 0.859912
vt 0.868339 0.839328
vt 0.099019 0.705946
vt 0.098909 0.704836
vt 0.107205 0.703949
vt 0.107304 0.705515
vt 0.966289 0.567968
vt 0.945462 0.567936
vt 0.148011 0.705946
vt 0.148122 0.704836
vt 0.139826 0.703949
vt 0.139726 0.705515
vt 0.136987 0.705269
vt 0.137071 0.703640
vt 0.966679 0.576321
vt 0.945047 0.576288
vt 0.860053 0.860310
vt 0.860053 0.838931
vt 0.110043 0.705269
vt 0.109960 0.703639
vt 0.114617 0.703481
vt 0.114686 0.705111
vt 0.857360 0.859754
vt 0.857360 0.839487
vt 0.966111 0.579042
vt 0.945606 0.579010
vt 0.118085 0.703531
vt 0.118122 0.704868
vt 0.963374 0.582827
vt 0.948332 0.582804
vt 0.132344 0.705111
vt 0.132414 0.703481
vt 0.853580 0.857054
vt 0.853579 0.842187
vt 0.128945 0.703531
vt 0.128908 0.704868
vt 0.126065 0.704691
vt 0.126088 0.703585
vt 0.960958 0.585327
vt 0.950740 0.585312
vt 0.851094 0.854670
vt 0.851093 0.844571
vt 0.120965 0.704691
vt 0.120942 0.703585
vt 0.122676 0.703596
vt 0.122684 0.704703
vt 0.849831 0.852116
vt 0.849831 0.847125
vt 0.958372 0.586560
vt 0.953322 0.586552
vt 0.124354 0.703596
vt 0.124346 0.704703
vt 0.956687 0.586986
vt 0.955006 0.586984
vt 0.849403 0.850452
vt 0.849403 0.848789
vt 0.819432 0.545188
vt 0.822350 0.540729
vt 0.835936 0.541090
vt 0.830574 0.543786
vt 0.824595 0.532423
vt 0.824255 0.526684
vt 0.838622 0.527098
vt 0.839760 0.532856
vt 0.823361 0.537914
vt 0.837719 0.538469
vt 0.823213 0.523788
vt 0.820913 0.520855
vt 0.831473 0.521165
vt 0.836306 0.524169
vt 0.797165 0.537078
vt 0.796282 0.531520
vt 0.810438 0.532012
vt 0.810260 0.537571
vt 0.798211 0.522990
vt 0.800694 0.520210
vt 0.810803 0.520547
vt 0.810712 0.523409
vt 0.797993 0.539952
vt 0.810169 0.540426
vt 0.796985 0.525814
vt 0.810621 0.526273
vt 0.800619 0.544589
vt 0.810024 0.544988
vt 0.789590 0.542479
vt 0.784411 0.539447
vt 0.781121 0.530985
vt 0.782624 0.525312
vt 0.782800 0.536717
vt 0.785121 0.522536
vt 0.790136 0.519846
vt 0.357730 0.948053
vt 0.357730 0.947154
vt 0.362342 0.947154
vt 0.362342 0.948053
vt 0.377025 0.948053
vt 0.377025 0.947154
vt 0.380018 0.947154
vt 0.380018 0.948053
vt 0.371355 0.948053
vt 0.371355 0.947154
vt 0.365681 0.948053
vt 0.365681 0.947154
vt 0.385477 0.947154
vt 0.385477 0.948053
vt 0.305204 0.948053
vt 0.305204 0.947154
vt 0.309816 0.947154
vt 0.309816 0.948053
vt 0.287528 0.948053
vt 0.287528 0.947154
vt 0.290522 0.947154
vt 0.290522 0.948053
vt 0.296192 0.947154
vt 0.296192 0.948053
vt 0.301865 0.947154
vt 0.301865 0.948053
vt 0.282070 0.948053
vt 0.282070 0.947154
vt 0.269690 0.948053
vt 0.269690 0.947154
vt 0.345350 0.948053
vt 0.345350 0.947154
vt 0.819576 0.550154
vt 0.800159 0.549535
vt 0.322195 0.948053
vt 0.322195 0.947154
vt 0.333774 0.947154
vt 0.333774 0.948053
vt 0.397857 0.947154
vt 0.397857 0.948053
vt 0.355824 0.586691
vt 0.369290 0.585815
vt 0.368797 0.586628
vt 0.355869 0.587519
vt 0.819393 0.563679
vt 0.799480 0.563044
vt 0.444668 0.587519
vt 0.431741 0.586628
vt 0.431248 0.585815
vt 0.444714 0.586691
vt 0.933251 0.838094
vt 0.946208 0.837849
vt 0.946208 0.857540
vt 0.933251 0.857295
vt 0.450237 0.587300
vt 0.449748 0.586623
vt 0.350789 0.586623
vt 0.350301 0.587300
vt 0.927691 0.856930
vt 0.927691 0.838458
vt 0.953196 0.837402
vt 0.953196 0.857986
vt 0.424763 0.586038
vt 0.416479 0.585607
vt 0.416579 0.584041
vt 0.424874 0.584928
vt 0.819640 0.570126
vt 0.798823 0.569462
vt 0.375664 0.584929
vt 0.375774 0.586038
vt 0.383959 0.584041
vt 0.386714 0.583732
vt 0.386798 0.585361
vt 0.384059 0.585607
vt 0.819775 0.578488
vt 0.798155 0.577798
vt 0.961483 0.837005
vt 0.961482 0.858384
vt 0.413740 0.585361
vt 0.409098 0.585202
vt 0.409167 0.583573
vt 0.413824 0.583731
vt 0.964176 0.837561
vt 0.964176 0.857828
vt 0.819126 0.581190
vt 0.798630 0.580536
vt 0.405662 0.584960
vt 0.405699 0.583623
vt 0.816275 0.584890
vt 0.801240 0.584410
vt 0.391371 0.583574
vt 0.391440 0.585203
vt 0.967956 0.840261
vt 0.967956 0.855128
vt 0.394839 0.583624
vt 0.397696 0.583677
vt 0.397719 0.584784
vt 0.394876 0.584960
vt 0.813784 0.587316
vt 0.803571 0.586990
vt 0.970442 0.842645
vt 0.970442 0.852744
vt 0.402819 0.584783
vt 0.401100 0.584795
vt 0.401108 0.583688
vt 0.402842 0.583676
vt 0.971704 0.845199
vt 0.971704 0.850190
vt 0.811162 0.588470
vt 0.806115 0.588309
vt 0.399438 0.584795
vt 0.399430 0.583689
vt 0.809465 0.588845
vt 0.807784 0.588791
vt 0.972132 0.846863
vt 0.972132 0.848526
vt 0.035028 0.875603
vt 0.054796 0.875603
vt 0.054796 0.877273
vt 0.035028 0.877273
vt 0.233659 0.687783
vt 0.253346 0.687517
vt 0.253393 0.711992
vt 0.233705 0.711803
vt 0.794878 0.840316
vt 0.772905 0.840316
vt 0.772905 0.838854
vt 0.794878 0.838854
vt 0.298307 0.623713
vt 0.298258 0.647617
vt 0.296220 0.646586
vt 0.296265 0.624736
vt 0.024485 0.875603
vt 0.024485 0.877273
vt 0.022205 0.877273
vt 0.022205 0.875603
vt 0.223281 0.687995
vt 0.223327 0.711631
vt 0.221291 0.710619
vt 0.221249 0.689014
vt 0.806596 0.840316
vt 0.806596 0.838854
vt 0.809131 0.838854
vt 0.809131 0.840316
vt 0.813090 0.838854
vt 0.813090 0.840316
vt 0.294756 0.643322
vt 0.294788 0.627994
vt 0.018643 0.877273
vt 0.018643 0.875603
vt 0.219828 0.707397
vt 0.219798 0.692242
vt 0.060718 0.875603
vt 0.060718 0.877273
vt 0.259421 0.687505
vt 0.259468 0.711980
vt 0.328752 0.648104
vt 0.328803 0.623351
vt 0.334562 0.623363
vt 0.334512 0.648116
vt 0.308992 0.623538
vt 0.308942 0.647837
vt 0.218041 0.701821
vt 0.218033 0.697825
vt 0.016923 0.877273
vt 0.016923 0.875603
vt 0.311867 0.686055
vt 0.311920 0.713228
vt 0.279610 0.711941
vt 0.279562 0.687466
vt 0.698694 0.838854
vt 0.698694 0.840316
vt 0.691074 0.840316
vt 0.691074 0.838854
vt 0.320163 0.713739
vt 0.320108 0.685512
vt 0.326878 0.684994
vt 0.326935 0.714230
vt 0.707890 0.840316
vt 0.707890 0.838854
vt 0.743900 0.838854
vt 0.743900 0.840316
vt 0.121561 0.877273
vt 0.121561 0.875603
vt 0.128416 0.875603
vt 0.128416 0.877273
vt 0.113288 0.875603
vt 0.113288 0.877273
vt 0.080891 0.877273
vt 0.080891 0.875603
vt 0.402192 0.650669
vt 0.402253 0.621086
vt 0.415950 0.620424
vt 0.415887 0.651386
vt 0.433766 0.651190
vt 0.433828 0.620694
vt 0.442058 0.621271
vt 0.441998 0.650644
vt 0.388123 0.713425
vt 0.388069 0.685774
vt 0.407386 0.686818
vt 0.407436 0.712632
vt 0.675880 0.840316
vt 0.675880 0.838854
vt 0.142086 0.875603
vt 0.142086 0.877273
vt 0.340462 0.684287
vt 0.340521 0.714884
vt 0.424541 0.620322
vt 0.424478 0.651523
vt 0.357265 0.684430
vt 0.357324 0.714677
vt 0.349280 0.714995
vt 0.349220 0.684143
vt 0.656581 0.840316
vt 0.656581 0.838854
vt 0.666228 0.838854
vt 0.666228 0.840316
vt 0.150770 0.875603
vt 0.150770 0.877273
vt 0.159449 0.875603
vt 0.159449 0.877273
vt 0.622111 0.838854
vt 0.622111 0.840316
vt 0.600213 0.840316
vt 0.600213 0.838854
vt 0.387049 0.649587
vt 0.387105 0.622106
vt 0.395364 0.621590
vt 0.395305 0.650137
vt 0.365715 0.684952
vt 0.365772 0.714123
vt 0.190461 0.877273
vt 0.190461 0.875603
vt 0.210162 0.875603
vt 0.210162 0.877273
vt 0.647282 0.840316
vt 0.647282 0.838854
vt 0.167815 0.875603
vt 0.167815 0.877273
vt 0.498600 0.714150
vt 0.498546 0.686525
vt 0.529606 0.686465
vt 0.529659 0.714090
vt 0.498685 0.838854
vt 0.498685 0.840316
vt 0.463879 0.840316
vt 0.463879 0.838854
vt 0.301503 0.877273
vt 0.301503 0.875603
vt 0.332816 0.875603
vt 0.332816 0.877273
vt 0.481008 0.714101
vt 0.480955 0.686476
vt 0.283856 0.877273
vt 0.283856 0.875603
vt 0.434873 0.686596
vt 0.434925 0.713396
vt 0.569570 0.840316
vt 0.569570 0.838854
vt 0.237729 0.875603
vt 0.237729 0.877273
vt 0.576217 0.649087
vt 0.576273 0.621259
vt 0.607785 0.621323
vt 0.607728 0.649151
vt 0.453081 0.621807
vt 0.453023 0.650093
vt 0.464924 0.621986
vt 0.464867 0.649814
vt 0.376154 0.713625
vt 0.376100 0.685468
vt 0.635360 0.838854
vt 0.635360 0.840316
vt 0.178541 0.875603
vt 0.178541 0.877273
vt 0.484931 0.622774
vt 0.484878 0.648779
vt 0.518300 0.838854
vt 0.518300 0.840316
vt 0.072973 0.877273
vt 0.072973 0.875603
vt 0.752701 0.840316
vt 0.752701 0.838854
vt 0.271665 0.687481
vt 0.271712 0.711957
vt 0.766322 0.840316
vt 0.766322 0.838854
vt 0.662755 0.875603
vt 0.670946 0.875603
vt 0.670946 0.877273
vt 0.662755 0.877273
vt 0.939171 0.649285
vt 0.939220 0.624532
vt 0.947416 0.624563
vt 0.947367 0.649317
vt 0.974677 0.625083
vt 0.976715 0.626115
vt 0.976671 0.647965
vt 0.974629 0.648988
vt 0.698682 0.875603
vt 0.700963 0.875603
vt 0.700963 0.877273
vt 0.698682 0.877273
vt 0.893726 0.686706
vt 0.895762 0.687717
vt 0.895804 0.709322
vt 0.893772 0.710342
vt 0.057210 0.840316
vt 0.054675 0.840316
vt 0.054675 0.838854
vt 0.057210 0.838854
vt 0.050716 0.840316
vt 0.050716 0.838854
vt 0.978179 0.629380
vt 0.978148 0.644706
vt 0.704524 0.875603
vt 0.704524 0.877273
vt 0.897226 0.690940
vt 0.897255 0.706094
vt 0.883394 0.710554
vt 0.883348 0.686533
vt 0.688276 0.877273
vt 0.688276 0.875603
vt 0.964216 0.649161
vt 0.964264 0.624868
vt 0.068777 0.838854
vt 0.068777 0.840316
vt 0.899013 0.696516
vt 0.899020 0.700512
vt 0.979838 0.635025
vt 0.979830 0.639067
vt 0.857447 0.710831
vt 0.857401 0.686355
vt 0.865572 0.686340
vt 0.865619 0.710815
vt 0.131002 0.840316
vt 0.131002 0.838854
vt 0.149929 0.838854
vt 0.149929 0.840316
vt 0.632294 0.875603
vt 0.632294 0.877273
vt 0.615267 0.877273
vt 0.615267 0.875603
vt 0.908756 0.624470
vt 0.908707 0.649223
vt 0.891677 0.649189
vt 0.891727 0.624436
vt 0.860544 0.624373
vt 0.860494 0.649127
vt 0.828184 0.649061
vt 0.828234 0.624308
vt 0.184071 0.840316
vt 0.184071 0.838854
vt 0.219662 0.838854
vt 0.219662 0.840316
vt 0.584550 0.875603
vt 0.584550 0.877273
vt 0.552530 0.877273
vt 0.552530 0.875603
vt 0.605116 0.877273
vt 0.605116 0.875603
vt 0.810001 0.686446
vt 0.810047 0.710921
vt 0.800374 0.710940
vt 0.800328 0.686465
vt 0.881067 0.649168
vt 0.881116 0.624414
vt 0.161211 0.838854
vt 0.161211 0.840316
vt 0.437015 0.875603
vt 0.437015 0.877273
vt 0.360783 0.877273
vt 0.360783 0.875603
vt 0.256570 0.838854
vt 0.256570 0.840316
vt 0.246788 0.840316
vt 0.246788 0.838854
vt 0.519325 0.877273
vt 0.519325 0.875603
vt 0.528125 0.875603
vt 0.528125 0.877273
vt 0.794702 0.648993
vt 0.794752 0.624241
vt 0.803325 0.624257
vt 0.803275 0.649011
vt 0.819291 0.649043
vt 0.819341 0.624290
vt 0.496005 0.875603
vt 0.496005 0.877273
vt 0.465339 0.877273
vt 0.465339 0.875603
vt 0.771079 0.623941
vt 0.771028 0.649196
vt 0.740239 0.649728
vt 0.740291 0.623281
vt 0.282491 0.840316
vt 0.282491 0.838854
vt 0.316577 0.838854
vt 0.316577 0.840316
vt 0.348059 0.840316
vt 0.348059 0.838854
vt 0.432793 0.838854
vt 0.432793 0.840316
vt 0.692339 0.686435
vt 0.692387 0.711383
vt 0.661909 0.712015
vt 0.661860 0.685918
vt 0.711881 0.622950
vt 0.711828 0.649943
vt 0.635601 0.649789
vt 0.635655 0.622796
vt 0.748130 0.686564
vt 0.748177 0.711040
vt 0.739538 0.711057
vt 0.739491 0.686581
vt 0.229415 0.838854
vt 0.229415 0.840316
vt 0.557573 0.685847
vt 0.557624 0.712578
vt 0.715262 0.686628
vt 0.715309 0.711103
vt 0.543755 0.877273
vt 0.543755 0.875603
vt 0.633727 0.712348
vt 0.633675 0.685691
vt 0.779853 0.710980
vt 0.779806 0.686504
vt 0.114098 0.840316
vt 0.114098 0.838854
vt 0.097143 0.840316
vt 0.097143 0.838854
vt 0.827043 0.710889
vt 0.826996 0.686413
vt 0.842176 0.686384
vt 0.842222 0.710860
vt 0.923966 0.624501
vt 0.923917 0.649254
vt 0.647502 0.875603
vt 0.647502 0.877273
vt 0.083492 0.838854
vt 0.083492 0.840316
vt 0.869712 0.710776
vt 0.869666 0.686363
vt 0.951447 0.649312
vt 0.951496 0.624626
vt 0.675037 0.877273
vt 0.675037 0.875603
vt 0.724321 0.711086
vt 0.724274 0.686611
vt 0.558603 0.621306
vt 0.558546 0.649134
vt 0.292768 0.633613
vt 0.292760 0.637696
vt 0.815002 0.838854
vt 0.815558 0.838854
vt 0.815558 0.840316
vt 0.815002 0.840316
vt 0.044186 0.838854
vt 0.044186 0.840316
vt 0.016925 0.838854
vt 0.016925 0.840316
vt 0.710400 0.875603
vt 0.710400 0.877273
vt 0.535499 0.649122
vt 0.535555 0.621538
vt 0.512464 0.649007
vt 0.512519 0.622008
vt 0.457908 0.686484
vt 0.457961 0.713868
vt 0.543941 0.840316
vt 0.543941 0.838854
vt 0.260787 0.877273
vt 0.260787 0.875603
vt 0.346755 0.648140
vt 0.346806 0.623388
vt 0.354731 0.623404
vt 0.354680 0.648157
vt 0.088039 0.838854
vt 0.088039 0.840316
vt 0.557983 0.947155
vt 0.557983 0.948007
vt 0.554799 0.948007
vt 0.554798 0.947155
vt 0.529323 0.947155
vt 0.529323 0.948007
vt 0.526140 0.948007
vt 0.526139 0.947155
vt 0.545245 0.947155
vt 0.545245 0.948007
vt 0.542061 0.948007
vt 0.542061 0.947155
vt 0.538877 0.947155
vt 0.538877 0.948007
vt 0.535692 0.948007
vt 0.535692 0.947155
vt 0.551614 0.948007
vt 0.551614 0.947155
vt 0.522954 0.948007
vt 0.522954 0.947155
vt 0.532508 0.948007
vt 0.532508 0.947155
vt 0.548430 0.948007
vt 0.548430 0.947155
vt 0.561168 0.947155
vt 0.561168 0.948007
vt 0.966892 0.464518
vt 0.965244 0.461737
vt 0.967240 0.461154
vt 0.968324 0.463032
vt 0.977374 0.458483
vt 0.977356 0.461739
vt 0.975324 0.461174
vt 0.975372 0.458999
vt 0.975690 0.464557
vt 0.972865 0.466136
vt 0.972376 0.464133
vt 0.974251 0.463051
vt 0.969681 0.453995
vt 0.972955 0.453995
vt 0.972398 0.456037
vt 0.970216 0.456008
vt 0.965206 0.458480
vt 0.967238 0.458982
vt 0.969668 0.466103
vt 0.970203 0.464131
vt 0.975786 0.455661
vt 0.974281 0.457107
vt 0.966838 0.455621
vt 0.968338 0.457118
vt 0.968556 0.460812
vt 0.969291 0.462083
vt 0.974027 0.460818
vt 0.974046 0.459352
vt 0.972027 0.462823
vt 0.973298 0.462086
vt 0.972038 0.457339
vt 0.970571 0.457338
vt 0.968554 0.459339
vt 0.970560 0.462814
vt 0.973317 0.458071
vt 0.969298 0.458068
vt 0.971462 0.459468
vt 0.971137 0.459469
vt 0.970691 0.459911
vt 0.970690 0.460237
vt 0.971135 0.460683
vt 0.971460 0.460683
vt 0.971743 0.459631
vt 0.970855 0.459630
vt 0.970853 0.460520
vt 0.971906 0.459913
vt 0.971905 0.460240
vt 0.971742 0.460521
vt 0.971298 0.460076
vt 0.526139 0.949371
vt 0.522954 0.949371
vt 0.535692 0.949371
vt 0.532508 0.949371
vt 0.551614 0.949371
vt 0.548430 0.949371
vt 0.561168 0.949371
vt 0.557983 0.949371
vt 0.529323 0.949371
vt 0.545245 0.949371
vt 0.542061 0.949371
vt 0.538877 0.949371
vt 0.554799 0.949371
vt 0.484804 0.958934
vt 0.481648 0.958934
vt 0.482823 0.954547
vt 0.483629 0.954547
vt 0.478914 0.948731
vt 0.481648 0.947152
vt 0.482823 0.951540
vt 0.482126 0.951943
vt 0.477335 0.954622
vt 0.477335 0.951465
vt 0.481723 0.952640
vt 0.481723 0.953446
vt 0.487538 0.948731
vt 0.489117 0.951465
vt 0.484729 0.952640
vt 0.484326 0.951943
vt 0.487538 0.957356
vt 0.484326 0.954144
vt 0.478914 0.957356
vt 0.482126 0.954144
vt 0.484804 0.947152
vt 0.483629 0.951540
vt 0.489117 0.954622
vt 0.484729 0.953446
vt 0.146752 0.982003
vt 0.147558 0.981981
vt 0.147550 0.982495
vt 0.146745 0.982517
vt 0.150778 0.982060
vt 0.151582 0.982111
vt 0.151574 0.982625
vt 0.150770 0.982575
vt 0.149169 0.981984
vt 0.149974 0.982015
vt 0.149966 0.982530
vt 0.149161 0.982499
vt 0.153191 0.982187
vt 0.153996 0.982199
vt 0.153989 0.982714
vt 0.153183 0.982702
vt 0.145948 0.982029
vt 0.145940 0.982544
vt 0.148363 0.981973
vt 0.148356 0.982488
vt 0.152386 0.982156
vt 0.152378 0.982671
vt 0.145142 0.982051
vt 0.145135 0.982566
vt 0.154802 0.982192
vt 0.154794 0.982707
vt 0.736807 0.379641
vt 0.736001 0.379641
vt 0.736175 0.378994
vt 0.736633 0.378994
vt 0.973658 0.793577
vt 0.973654 0.792772
vt 0.975781 0.792810
vt 0.975785 0.793615
vt 0.600293 0.950331
vt 0.599703 0.949783
vt 0.600567 0.948137
vt 0.601850 0.949331
vt 0.973561 0.795991
vt 0.973610 0.795187
vt 0.975737 0.795225
vt 0.975689 0.796030
vt 0.724032 0.949358
vt 0.723630 0.950052
vt 0.721848 0.949553
vt 0.722733 0.948030
vt 0.973418 0.800015
vt 0.973413 0.799209
vt 0.975540 0.799247
vt 0.975545 0.800053
vt 0.600534 0.951100
vt 0.602377 0.951003
vt 0.973480 0.802430
vt 0.973462 0.801626
vt 0.975589 0.801664
vt 0.975607 0.802469
vt 0.723629 0.950854
vt 0.721843 0.951316
vt 0.973644 0.794382
vt 0.975770 0.794421
vt 0.597591 0.951957
vt 0.598156 0.952531
vt 0.597201 0.954118
vt 0.595970 0.952870
vt 0.973427 0.798404
vt 0.975554 0.798442
vt 0.724722 0.951952
vt 0.725524 0.951953
vt 0.726013 0.953731
vt 0.724250 0.953731
vt 0.973460 0.797599
vt 0.973508 0.796795
vt 0.975635 0.796833
vt 0.975588 0.797638
vt 0.597381 0.951179
vt 0.595516 0.951177
vt 0.973437 0.800820
vt 0.975564 0.800859
vt 0.724028 0.951550
vt 0.722722 0.952846
vt 0.598919 0.949597
vt 0.598145 0.949822
vt 0.597178 0.948222
vt 0.598861 0.947732
vt 0.597584 0.950400
vt 0.595957 0.949480
vt 0.724727 0.948957
vt 0.724261 0.947153
vt 0.764148 0.948280
vt 0.762395 0.948285
vt 0.762419 0.947163
vt 0.764172 0.947158
vt 0.769402 0.948508
vt 0.767652 0.948397
vt 0.767676 0.947275
vt 0.769426 0.947385
vt 0.778158 0.948848
vt 0.776405 0.948854
vt 0.776428 0.947732
vt 0.778182 0.947726
vt 0.783416 0.948729
vt 0.781663 0.948765
vt 0.781687 0.947642
vt 0.783440 0.947607
vt 0.765901 0.948318
vt 0.765924 0.947196
vt 0.774652 0.948817
vt 0.774675 0.947695
vt 0.772901 0.948739
vt 0.771151 0.948629
vt 0.771175 0.947507
vt 0.772924 0.947617
vt 0.779911 0.948812
vt 0.779934 0.947690
vt 0.726622 0.950858
vt 0.726623 0.950056
vt 0.728420 0.949565
vt 0.728419 0.951325
vt 0.600299 0.952005
vt 0.600535 0.951235
vt 0.602380 0.951298
vt 0.601866 0.952974
vt 0.726219 0.951553
vt 0.727538 0.952850
vt 0.598932 0.952750
vt 0.599713 0.952558
vt 0.600591 0.954178
vt 0.598888 0.954595
vt 0.726224 0.949360
vt 0.727543 0.948041
vt 0.725529 0.948958
vt 0.726022 0.947158
vt 0.980674 0.979836
vt 0.980674 0.980295
vt 0.979563 0.980295
vt 0.979563 0.979836
vt 0.737907 0.378541
vt 0.737504 0.379239
vt 0.737030 0.378765
vt 0.737260 0.378367
vt 0.734901 0.378541
vt 0.734901 0.377736
vt 0.735548 0.377909
vt 0.735548 0.378367
vt 0.736001 0.376635
vt 0.736807 0.376635
vt 0.736633 0.377283
vt 0.736175 0.377283
vt 0.737907 0.377736
vt 0.737260 0.377909
vt 0.735303 0.379238
vt 0.735778 0.378765
vt 0.735303 0.377038
vt 0.735778 0.377512
vt 0.737504 0.377038
vt 0.737030 0.377512
vt 0.863677 0.528972
vt 0.863280 0.529201
vt 0.863050 0.528346
vt 0.980674 0.981212
vt 0.980674 0.981671
vt 0.979564 0.981671
vt 0.979563 0.981212
vt 0.980674 0.977085
vt 0.980674 0.977544
vt 0.979563 0.977544
vt 0.979563 0.977085
vt 0.980674 0.979378
vt 0.979563 0.979377
vt 0.980674 0.978461
vt 0.980674 0.978919
vt 0.979563 0.978919
vt 0.979563 0.978461
vt 0.980674 0.980753
vt 0.979564 0.980753
vt 0.980674 0.976627
vt 0.979563 0.976627
vt 0.980674 0.978002
vt 0.979563 0.978002
vt 0.980674 0.976168
vt 0.979563 0.976168
vt 0.862195 0.528117
vt 0.862424 0.527720
vt 0.863280 0.527490
vt 0.863677 0.527720
vt 0.863906 0.528575
vt 0.862195 0.528575
vt 0.862821 0.529201
vt 0.862424 0.528972
vt 0.862821 0.527490
vt 0.863906 0.528117
vt 0.965033 0.385818
vt 0.963981 0.388649
vt 0.963163 0.388384
vt 0.964221 0.385487
vt 0.963979 0.412476
vt 0.964959 0.415333
vt 0.964164 0.415650
vt 0.963143 0.412736
vt 0.962306 0.397438
vt 0.962216 0.400540
vt 0.961315 0.400539
vt 0.961431 0.397378
vt 0.962295 0.403643
vt 0.962602 0.406647
vt 0.961750 0.406772
vt 0.961420 0.403700
vt 0.963191 0.391516
vt 0.962375 0.391324
vt 0.966217 0.418086
vt 0.965440 0.418514
vt 0.963161 0.409571
vt 0.962337 0.409765
vt 0.962623 0.394435
vt 0.961772 0.394307
vt 0.966296 0.383011
vt 0.965521 0.382584
vt 0.732085 0.588290
vt 0.730653 0.586805
vt 0.731737 0.584926
vt 0.733732 0.585509
vt 0.721602 0.582256
vt 0.723605 0.582770
vt 0.723653 0.584946
vt 0.721621 0.585512
vt 0.723286 0.588329
vt 0.724726 0.586823
vt 0.726601 0.587906
vt 0.726112 0.589909
vt 0.729296 0.577767
vt 0.728760 0.579780
vt 0.726579 0.579809
vt 0.726022 0.577767
vt 0.731739 0.582754
vt 0.733771 0.582253
vt 0.728774 0.587903
vt 0.729309 0.589875
vt 0.724695 0.580879
vt 0.723191 0.579433
vt 0.730638 0.580890
vt 0.732139 0.579394
vt 0.729686 0.585855
vt 0.730421 0.584583
vt 0.724931 0.583125
vt 0.724950 0.584590
vt 0.725679 0.585858
vt 0.726950 0.586595
vt 0.728407 0.581110
vt 0.726938 0.581111
vt 0.730424 0.583111
vt 0.728417 0.586586
vt 0.725660 0.581843
vt 0.729679 0.581840
vt 0.727840 0.583241
vt 0.727515 0.583240
vt 0.728287 0.584009
vt 0.728286 0.583683
vt 0.727517 0.584456
vt 0.727842 0.584455
vt 0.727233 0.583403
vt 0.728122 0.583402
vt 0.728124 0.584292
vt 0.727071 0.583686
vt 0.727071 0.584012
vt 0.727234 0.584293
vt 0.727678 0.583848
vt 0.964137 0.419083
vt 0.962882 0.416156
vt 0.960986 0.410067
vt 0.960401 0.406979
vt 0.960423 0.394095
vt 0.961019 0.391005
vt 0.962914 0.384965
vt 0.964221 0.382009
vt 0.961796 0.413155
vt 0.960025 0.397258
vt 0.960014 0.403815
vt 0.959866 0.400536
vt 0.961861 0.387974
vt 0.441911 0.948735
vt 0.438699 0.951947
vt 0.438002 0.951544
vt 0.439177 0.947157
vt 0.431708 0.954626
vt 0.436096 0.953450
vt 0.436499 0.954148
vt 0.433286 0.957360
vt 0.433286 0.948735
vt 0.436499 0.951947
vt 0.436095 0.952645
vt 0.431708 0.951469
vt 0.439177 0.958938
vt 0.438002 0.954551
vt 0.438699 0.954148
vt 0.441911 0.957360
vt 0.443490 0.951469
vt 0.439102 0.952645
vt 0.436020 0.947157
vt 0.437196 0.951544
vt 0.436020 0.958938
vt 0.437196 0.954551
vt 0.443490 0.954626
vt 0.439102 0.953450
vt 0.395943 0.376663
vt 0.395950 0.377178
vt 0.395145 0.377156
vt 0.395137 0.376642
vt 0.391917 0.376723
vt 0.391925 0.377238
vt 0.391121 0.377289
vt 0.391113 0.376775
vt 0.393526 0.376646
vt 0.393534 0.377161
vt 0.392730 0.377193
vt 0.392721 0.376678
vt 0.389504 0.376852
vt 0.389512 0.377367
vt 0.388707 0.377380
vt 0.388699 0.376865
vt 0.396748 0.376689
vt 0.396756 0.377204
vt 0.394332 0.376634
vt 0.394340 0.377149
vt 0.390309 0.376821
vt 0.390317 0.377336
vt 0.397553 0.376711
vt 0.397561 0.377225
vt 0.387901 0.377373
vt 0.387893 0.376858
vt 0.944619 0.965630
vt 0.944445 0.964983
vt 0.944843 0.964754
vt 0.945317 0.965228
vt 0.873544 0.973785
vt 0.875671 0.973747
vt 0.875666 0.974553
vt 0.873539 0.974590
vt 0.642903 0.951981
vt 0.644458 0.952986
vt 0.643171 0.954176
vt 0.642311 0.952527
vt 0.873447 0.971370
vt 0.875574 0.971333
vt 0.875622 0.972137
vt 0.873495 0.972175
vt 0.685074 0.951942
vt 0.685573 0.953732
vt 0.683811 0.953734
vt 0.684272 0.951943
vt 0.873304 0.967347
vt 0.875432 0.967309
vt 0.875426 0.968115
vt 0.873299 0.968152
vt 0.643147 0.951213
vt 0.644989 0.951315
vt 0.873368 0.964931
vt 0.875495 0.964893
vt 0.875475 0.965699
vt 0.873349 0.965736
vt 0.682283 0.952856
vt 0.683577 0.951541
vt 0.875656 0.972942
vt 0.873529 0.972979
vt 0.640206 0.950347
vt 0.638588 0.949430
vt 0.639823 0.948185
vt 0.640773 0.949775
vt 0.875440 0.968920
vt 0.873313 0.968958
vt 0.683175 0.950045
vt 0.681399 0.949563
vt 0.682282 0.948037
vt 0.683576 0.949351
vt 0.873347 0.969763
vt 0.875474 0.969725
vt 0.875521 0.970529
vt 0.873394 0.970567
vt 0.639994 0.951124
vt 0.638129 0.951121
vt 0.875451 0.966504
vt 0.873324 0.966541
vt 0.681399 0.951328
vt 0.683176 0.950847
vt 0.641527 0.952711
vt 0.641464 0.954576
vt 0.639782 0.954081
vt 0.640754 0.952484
vt 0.640195 0.951904
vt 0.638564 0.952819
vt 0.685770 0.951541
vt 0.687098 0.952848
vt 0.837338 0.948274
vt 0.837317 0.947152
vt 0.839070 0.947161
vt 0.839091 0.948283
vt 0.832083 0.948486
vt 0.832063 0.947364
vt 0.833813 0.947259
vt 0.833833 0.948381
vt 0.823326 0.948801
vt 0.823306 0.947679
vt 0.825059 0.947690
vt 0.825079 0.948812
vt 0.818068 0.948667
vt 0.818048 0.947544
vt 0.819800 0.947585
vt 0.819821 0.948707
vt 0.835564 0.947184
vt 0.835585 0.948306
vt 0.826812 0.947658
vt 0.826832 0.948780
vt 0.828584 0.948707
vt 0.828563 0.947585
vt 0.830314 0.947480
vt 0.830334 0.948602
vt 0.821553 0.947638
vt 0.821573 0.948760
vt 0.685073 0.948949
vt 0.685570 0.947159
vt 0.687094 0.948041
vt 0.685769 0.949350
vt 0.642915 0.950307
vt 0.644484 0.949343
vt 0.644993 0.951021
vt 0.643148 0.951078
vt 0.684271 0.948950
vt 0.683809 0.947158
vt 0.641549 0.949558
vt 0.641512 0.947713
vt 0.643213 0.948136
vt 0.642331 0.949752
vt 0.687973 0.949564
vt 0.686170 0.950044
vt 0.686171 0.950847
vt 0.687975 0.951322
vt 0.107440 0.981963
vt 0.107440 0.983074
vt 0.106982 0.983074
vt 0.106982 0.981963
vt 0.943116 0.965227
vt 0.943590 0.964753
vt 0.943987 0.964982
vt 0.943813 0.965630
vt 0.945720 0.963725
vt 0.945072 0.963898
vt 0.944843 0.963501
vt 0.945317 0.963027
vt 0.943814 0.962624
vt 0.943988 0.963271
vt 0.943590 0.963501
vt 0.943117 0.963026
vt 0.942713 0.964529
vt 0.943361 0.964356
vt 0.945720 0.964530
vt 0.945072 0.964357
vt 0.944620 0.962624
vt 0.944446 0.963271
vt 0.942714 0.963724
vt 0.943361 0.963897
vt 0.817146 0.875825
vt 0.816519 0.876451
vt 0.816749 0.875595
vt 0.106065 0.981963
vt 0.106065 0.983074
vt 0.105606 0.983074
vt 0.105606 0.981963
vt 0.110192 0.981963
vt 0.110192 0.983074
vt 0.109733 0.983074
vt 0.109733 0.981963
vt 0.107899 0.981963
vt 0.107899 0.983074
vt 0.108816 0.981963
vt 0.108816 0.983074
vt 0.108357 0.983074
vt 0.108357 0.981963
vt 0.106523 0.981963
vt 0.106523 0.983074
vt 0.110650 0.981963
vt 0.110650 0.983074
vt 0.109274 0.981963
vt 0.109274 0.983074
vt 0.111109 0.981963
vt 0.111109 0.983074
vt 0.815664 0.876680
vt 0.815893 0.877077
vt 0.816749 0.877306
vt 0.817146 0.877077
vt 0.817375 0.876222
vt 0.815664 0.876222
vt 0.816290 0.875595
vt 0.815893 0.875825
vt 0.816290 0.877306
vt 0.817375 0.876680
vn 0.6821 -0.1026 0.7240
vn 0.3725 -0.3592 0.8557
vn 0.5464 -0.6763 0.4940
vn 0.8293 -0.3709 0.4180
vn 0.1330 0.8987 0.4180
vn -0.2765 0.8243 0.4940
vn -0.1026 0.5072 0.8557
vn 0.2802 0.6304 0.7240
vn 0.6822 -0.1026 -0.7240
vn 0.3725 -0.3592 -0.8557
vn 0.1349 0.0740 -0.9881
vn 0.4812 0.2639 -0.8360
vn 0.2802 0.6304 -0.7240
vn -0.1026 0.5072 -0.8557
vn -0.2765 0.8243 -0.4940
vn 0.1330 0.8987 -0.4180
vn 0.6101 -0.7923 0.0000
vn 0.8831 -0.4691 0.0000
vn 0.1349 0.0740 0.9881
vn 0.4812 0.2639 0.8360
vn -0.3402 0.9404 0.0000
vn 0.0792 0.9969 0.0000
vn 0.5464 -0.6763 -0.4940
vn 0.8293 -0.3709 -0.4180
vn 0.6325 0.6370 0.4406
vn 0.5429 0.8003 0.2544
vn 0.7548 0.4140 -0.5088
vn 0.8771 0.1909 -0.4406
vn 0.5429 0.8003 -0.2544
vn 0.6325 0.6370 -0.4406
vn 0.9995 -0.0321 0.0000
vn 0.9667 0.0276 0.2544
vn 0.7548 0.4140 0.5088
vn 0.5102 0.8601 0.0000
vn 0.9667 0.0276 -0.2544
vn 0.8771 0.1909 0.4406
vn 0.7825 0.5794 0.2282
vn 0.7361 0.6639 0.1317
vn 0.8458 0.4639 -0.2635
vn 0.9092 0.3484 -0.2282
vn 0.7361 0.6639 -0.1317
vn 0.7825 0.5794 -0.2282
vn 0.9725 0.2329 -0.0000
vn 0.9555 0.2638 0.1317
vn 0.8458 0.4639 0.2635
vn 0.7191 0.6949 0.0000
vn 0.9555 0.2638 -0.1317
vn 0.9092 0.3484 0.2282
vn 0.9209 0.3899 -0.0000
vn 0.9144 0.4018 0.0505
vn 0.8723 0.4784 0.1009
vn 0.8480 0.5227 0.0874
vn 0.8238 0.5669 -0.0000
vn 0.8303 0.5551 -0.0505
vn 0.9143 0.4018 -0.0505
vn 0.8966 0.4342 0.0874
vn 0.8303 0.5551 0.0505
vn 0.8966 0.4342 -0.0874
vn 0.8723 0.4784 -0.1009
vn 0.8480 0.5227 -0.0874
vn 0.8768 0.4809 -0.0000
vn -0.2404 0.4384 0.8660
vn 0.0000 0.0000 1.0000
vn -0.4164 0.7593 -0.5000
vn -0.4809 0.8768 -0.0000
vn 0.4809 -0.8768 0.0000
vn 0.4165 -0.7593 -0.5000
vn 0.2404 -0.4384 0.8660
vn -0.4164 0.7593 0.5000
vn 0.2404 -0.4384 -0.8660
vn 0.0000 0.0000 -1.0000
vn -0.2404 0.4384 -0.8660
vn 0.4165 -0.7593 0.5000
vn -0.6821 -0.1026 0.7240
vn -0.8293 -0.3709 0.4180
vn -0.5464 -0.6763 0.4940
vn -0.3725 -0.3592 0.8557
vn -0.1330 0.8987 0.4180
vn -0.2802 0.6304 0.7240
vn 0.1026 0.5072 0.8557
vn 0.2765 0.8243 0.4940
vn -0.6822 -0.1026 -0.7240
vn -0.4812 0.2639 -0.8360
vn -0.1349 0.0740 -0.9881
vn -0.3725 -0.3592 -0.8557
vn -0.2802 0.6304 -0.7240
vn -0.1330 0.8987 -0.4180
vn 0.2765 0.8243 -0.4940
vn 0.1026 0.5072 -0.8557
vn -0.8831 -0.4691 -0.0000
vn -0.6101 -0.7923 0.0000
vn -0.4812 0.2639 0.8360
vn -0.1349 0.0740 0.9881
vn -0.0792 0.9969 -0.0000
vn 0.3402 0.9404 -0.0000
vn -0.8293 -0.3709 -0.4180
vn -0.5464 -0.6763 -0.4940
vn -0.5429 0.8003 0.2544
vn -0.6325 0.6370 0.4406
vn -0.8771 0.1909 -0.4406
vn -0.7548 0.4140 -0.5088
vn -0.6325 0.6370 -0.4406
vn -0.5429 0.8003 -0.2544
vn -0.9667 0.0276 0.2544
vn -0.9995 -0.0321 0.0000
vn -0.7548 0.4140 0.5088
vn -0.5102 0.8601 -0.0000
vn -0.9667 0.0276 -0.2544
vn -0.8771 0.1909 0.4406
vn -0.7361 0.6639 0.1317
vn -0.7825 0.5794 0.2282
vn -0.9092 0.3484 -0.2282
vn -0.8458 0.4639 -0.2635
vn -0.7825 0.5794 -0.2282
vn -0.7361 0.6639 -0.1317
vn -0.9555 0.2638 0.1317
vn -0.9725 0.2329 -0.0000
vn -0.8458 0.4639 0.2635
vn -0.7191 0.6949 0.0000
vn -0.9555 0.2638 -0.1317
vn -0.9092 0.3484 0.2282
vn -0.9144 0.4018 0.0505
vn -0.9209 0.3899 -0.0000
vn -0.8480 0.5227 0.0874
vn -0.8723 0.4784 0.1009
vn -0.8303 0.5551 -0.0505
vn -0.8238 0.5669 0.0000
vn -0.9143 0.4018 -0.0505
vn -0.8966 0.4342 0.0874
vn -0.8303 0.5551 0.0505
vn -0.8966 0.4342 -0.0874
vn -0.8723 0.4784 -0.1009
vn -0.8480 0.5227 -0.0874
vn -0.8768 0.4809 -0.0000
vn 0.2404 0.4384 0.8660
vn 0.4809 0.8768 -0.0000
vn 0.4164 0.7593 -0.5000
vn -0.4165 -0.7593 -0.5000
vn -0.4809 -0.8768 0.0000
vn -0.2404 -0.4384 0.8660
vn 0.4164 0.7593 0.5000
vn -0.2404 -0.4384 -0.8660
vn 0.2404 0.4384 -0.8660
vn -0.4165 -0.7593 0.5000
vn 0.6821 -0.1026 -0.7240
vn 0.6822 -0.1026 0.7240
vn 0.9144 0.4018 -0.0505
vn 0.9143 0.4018 0.0505
vn -0.6821 -0.1026 -0.7240
vn -0.6822 -0.1026 0.7240
vn -0.9144 0.4018 -0.0505
vn -0.9143 0.4018 0.0505
vn -0.1017 -0.8304 -0.5477
vn 0.0000 -0.8298 -0.5580
vn 0.0000 -0.9122 -0.4098
vn -0.0747 -0.9125 -0.4022
vn 0.3189 0.4695 -0.8233
vn 0.4668 0.4734 -0.7470
vn 0.4717 0.4558 -0.7548
vn 0.3222 0.4520 -0.8318
vn 0.5999 0.4781 -0.6415
vn 0.6063 0.4604 -0.6483
vn 0.7125 0.4830 -0.5091
vn 0.7203 0.4652 -0.5146
vn 0.7985 0.4872 -0.3537
vn 0.8074 0.4694 -0.3576
vn 0.8526 0.4901 -0.1813
vn 0.8622 0.4722 -0.1834
vn 0.8711 0.4911 -0.0000
vn 0.8809 0.4732 -0.0000
vn 0.8526 0.4901 0.1813
vn 0.8622 0.4722 0.1834
vn 0.7985 0.4872 0.3537
vn 0.8074 0.4694 0.3576
vn 0.7125 0.4830 0.5091
vn 0.7203 0.4652 0.5146
vn 0.5999 0.4781 0.6415
vn 0.6063 0.4604 0.6483
vn 0.4668 0.4734 0.7470
vn 0.4717 0.4558 0.7548
vn 0.3189 0.4695 0.8233
vn 0.3222 0.4520 0.8318
vn 0.1617 0.4669 0.8694
vn 0.1634 0.4495 0.8782
vn -0.0000 0.4660 0.8848
vn -0.0000 0.4486 0.8937
vn -0.1617 0.4669 0.8694
vn -0.1634 0.4495 0.8782
vn -0.3189 0.4695 0.8233
vn -0.3222 0.4520 0.8318
vn -0.4668 0.4734 0.7470
vn -0.4717 0.4558 0.7548
vn -0.5999 0.4781 0.6415
vn -0.6063 0.4604 0.6483
vn -0.7125 0.4830 0.5091
vn -0.7203 0.4652 0.5146
vn -0.7985 0.4872 0.3537
vn -0.8074 0.4694 0.3576
vn -0.8526 0.4901 0.1813
vn -0.8622 0.4722 0.1834
vn -0.8711 0.4911 -0.0000
vn -0.8809 0.4732 -0.0000
vn -0.8526 0.4901 -0.1813
vn -0.8622 0.4722 -0.1834
vn -0.7985 0.4872 -0.3537
vn -0.8074 0.4694 -0.3576
vn -0.7125 0.4830 -0.5091
vn -0.7203 0.4652 -0.5146
vn -0.5999 0.4781 -0.6415
vn -0.6063 0.4604 -0.6483
vn -0.4668 0.4734 -0.7470
vn -0.4717 0.4558 -0.7548
vn -0.3189 0.4695 -0.8233
vn -0.3222 0.4520 -0.8318
vn -0.1617 0.4669 -0.8694
vn -0.1634 0.4495 -0.8782
vn 0.8570 0.3489 0.3792
vn 0.9159 0.3512 0.1946
vn 0.0000 0.4660 -0.8848
vn 0.0000 0.4486 -0.8937
vn 0.7638 0.3456 -0.5452
vn 0.6422 0.3418 -0.6861
vn 0.1017 -0.8304 0.5477
vn -0.0000 -0.8298 0.5580
vn -0.0000 -0.9122 0.4098
vn 0.0747 -0.9125 0.4022
vn 0.3406 0.3351 0.8785
vn 0.4990 0.3381 0.7979
vn -0.9159 0.3512 0.1946
vn -0.8570 0.3489 0.3792
vn 0.9360 0.3520 -0.0000
vn -0.4990 0.3381 0.7979
vn -0.3406 0.3351 0.8785
vn -0.6422 0.3418 -0.6861
vn -0.7638 0.3456 -0.5452
vn 0.8570 0.3489 -0.3792
vn 0.1726 0.3331 0.9270
vn -0.9360 0.3520 -0.0000
vn 0.7638 0.3456 0.5452
vn -0.6422 0.3418 0.6861
vn -0.4990 0.3381 -0.7979
vn 0.9159 0.3512 -0.1946
vn -0.0000 0.3324 0.9431
vn -0.9159 0.3512 -0.1946
vn 0.3406 0.3351 -0.8785
vn 0.1726 0.3331 -0.9270
vn 0.1634 0.4495 -0.8782
vn 0.4990 0.3381 -0.7979
vn 0.6422 0.3418 0.6861
vn -0.7638 0.3456 0.5452
vn -0.3406 0.3351 -0.8785
vn -0.1726 0.3331 0.9270
vn -0.8570 0.3489 -0.3792
vn -0.1726 0.3331 -0.9270
vn 0.5336 -0.8458 -0.0000
vn 0.5228 -0.8451 0.1114
vn 0.3800 -0.9214 0.0810
vn 0.3877 -0.9218 -0.0000
vn -0.1017 -0.8304 0.5477
vn -0.2001 -0.8321 0.5173
vn -0.1467 -0.9136 0.3793
vn -0.0747 -0.9125 0.4022
vn -0.4912 -0.8434 -0.2179
vn -0.4403 -0.8407 -0.3151
vn -0.3210 -0.9188 -0.2298
vn -0.3574 -0.9204 -0.1586
vn 0.3727 -0.8377 -0.3992
vn 0.4403 -0.8407 -0.3151
vn 0.3210 -0.9188 -0.2298
vn 0.2723 -0.9169 -0.2917
vn 0.2915 -0.8346 0.4673
vn 0.2001 -0.8321 0.5173
vn 0.1467 -0.9136 0.3793
vn 0.2134 -0.9151 0.3421
vn -0.4912 -0.8434 0.2179
vn -0.5228 -0.8451 0.1114
vn -0.3800 -0.9214 0.0810
vn -0.3574 -0.9204 0.1586
vn 0.4912 -0.8434 0.2179
vn 0.3574 -0.9204 0.1586
vn -0.2915 -0.8346 0.4673
vn -0.2134 -0.9151 0.3421
vn -0.3727 -0.8377 -0.3992
vn -0.2723 -0.9169 -0.2917
vn 0.4912 -0.8434 -0.2179
vn 0.3574 -0.9204 -0.1586
vn 0.3144 -0.4930 0.8112
vn 0.1595 -0.4906 0.8567
vn 0.1309 -0.6981 0.7040
vn 0.2577 -0.7004 0.6656
vn -0.5336 -0.8458 -0.0000
vn -0.3877 -0.9218 -0.0000
vn 0.4403 -0.8407 0.3151
vn 0.3210 -0.9188 0.2298
vn -0.3727 -0.8377 0.3992
vn -0.2723 -0.9169 0.2917
vn -0.2915 -0.8346 -0.4673
vn -0.2134 -0.9151 -0.3421
vn 0.5228 -0.8451 -0.1114
vn 0.3800 -0.9214 -0.0810
vn -0.5228 -0.8451 -0.1114
vn -0.3800 -0.9214 -0.0810
vn 0.1017 -0.8304 -0.5477
vn 0.2001 -0.8321 -0.5173
vn 0.1467 -0.9136 -0.3793
vn 0.0747 -0.9125 -0.4022
vn 0.2915 -0.8346 -0.4673
vn 0.2134 -0.9151 -0.3421
vn 0.3727 -0.8377 0.3992
vn 0.2723 -0.9169 0.2917
vn -0.4403 -0.8407 0.3151
vn -0.3210 -0.9188 0.2298
vn -0.2001 -0.8321 -0.5173
vn -0.1467 -0.9136 -0.3793
vn 0.8143 0.4546 0.3608
vn 0.7264 0.4505 0.5191
vn 0.1617 0.4669 -0.8694
vn 0.3247 0.4374 0.8386
vn 0.4755 0.4412 0.7611
vn 0.4845 0.4001 0.7779
vn 0.3307 0.3965 0.8564
vn -0.8887 0.4585 -0.0000
vn -0.8698 0.4575 -0.1850
vn 0.6113 0.4457 0.6539
vn -0.8143 0.4546 -0.3608
vn -0.7264 0.4505 -0.5191
vn 0.0000 0.4340 -0.9009
vn 0.1646 0.4349 -0.8853
vn -0.6113 0.4457 -0.6539
vn 0.1646 0.4349 0.8853
vn 0.3247 0.4374 -0.8386
vn -0.4755 0.4412 -0.7611
vn -0.0000 0.4340 0.9009
vn 0.4755 0.4412 -0.7611
vn -0.3247 0.4374 -0.8386
vn -0.1646 0.4349 0.8853
vn 0.6113 0.4457 -0.6539
vn -0.1646 0.4349 -0.8853
vn -0.3247 0.4374 0.8386
vn 0.7264 0.4505 -0.5191
vn -0.4755 0.4412 0.7611
vn 0.8143 0.4546 -0.3608
vn -0.6113 0.4457 0.6539
vn 0.8698 0.4575 -0.1850
vn -0.7264 0.4505 0.5191
vn 0.8887 0.4585 -0.0000
vn -0.8143 0.4546 0.3608
vn 0.8698 0.4575 0.1850
vn -0.8698 0.4575 0.1850
vn 0.0000 0.3934 -0.9194
vn 0.1675 0.3942 -0.9036
vn -0.7417 0.4089 -0.5317
vn -0.6236 0.4044 -0.6690
vn 0.1675 0.3942 0.9036
vn 0.3307 0.3965 -0.8564
vn -0.4845 0.4001 -0.7779
vn 0.0000 0.3934 0.9194
vn 0.4845 0.4001 -0.7779
vn -0.3307 0.3965 -0.8564
vn -0.1675 0.3942 0.9036
vn 0.6236 0.4044 -0.6690
vn -0.1675 0.3942 -0.9036
vn -0.3307 0.3965 0.8564
vn 0.7417 0.4089 -0.5317
vn -0.4845 0.4001 0.7779
vn 0.8323 0.4128 -0.3699
vn -0.6236 0.4044 0.6690
vn 0.8896 0.4155 -0.1898
vn -0.7417 0.4089 0.5317
vn 0.9092 0.4164 -0.0000
vn -0.8323 0.4128 0.3699
vn 0.8896 0.4155 0.1898
vn -0.8896 0.4155 0.1898
vn 0.8323 0.4128 0.3699
vn -0.9092 0.4164 -0.0000
vn 0.7417 0.4089 0.5317
vn -0.8896 0.4155 -0.1898
vn 0.6236 0.4044 0.6690
vn -0.8323 0.4128 -0.3699
vn -0.0702 -0.9807 -0.1827
vn -0.1023 -0.9810 -0.1649
vn 0.1595 -0.4906 -0.8567
vn 0.3144 -0.4930 -0.8112
vn 0.2577 -0.7004 -0.6656
vn 0.1309 -0.6981 -0.7040
vn -0.5913 -0.5011 -0.6319
vn -0.4602 -0.4967 -0.7359
vn -0.3762 -0.7040 -0.6024
vn -0.4820 -0.7083 -0.5157
vn -0.0000 -0.4897 0.8719
vn -0.0000 -0.6973 0.7168
vn 0.4602 -0.4967 -0.7359
vn 0.3762 -0.7040 -0.6024
vn -0.3144 -0.4930 -0.8112
vn -0.2577 -0.7004 -0.6656
vn -0.1595 -0.4906 0.8567
vn -0.1309 -0.6981 0.7040
vn 0.5913 -0.5011 -0.6319
vn 0.4820 -0.7083 -0.5157
vn -0.1595 -0.4906 -0.8567
vn -0.1309 -0.6981 -0.7040
vn -0.3144 -0.4930 0.8112
vn -0.2577 -0.7004 0.6656
vn 0.7021 -0.5057 -0.5013
vn 0.5706 -0.7127 -0.4080
vn 0.0000 -0.4897 -0.8719
vn 0.0000 -0.6973 -0.7168
vn -0.4602 -0.4967 0.7359
vn -0.3762 -0.7040 0.6024
vn 0.7868 -0.5096 -0.3482
vn 0.6378 -0.7165 -0.2827
vn -0.5913 -0.5011 0.6319
vn -0.4820 -0.7083 0.5157
vn 0.8400 -0.5123 -0.1786
vn 0.6798 -0.7190 -0.1447
vn -0.7021 -0.5057 0.5013
vn -0.5706 -0.7127 0.4080
vn 0.8582 -0.5132 -0.0000
vn 0.6941 -0.7199 -0.0000
vn -0.7868 -0.5096 0.3482
vn -0.6378 -0.7165 0.2827
vn 0.8400 -0.5123 0.1786
vn 0.6798 -0.7190 0.1447
vn -0.8400 -0.5123 0.1785
vn -0.6798 -0.7190 0.1447
vn 0.7868 -0.5096 0.3482
vn 0.6378 -0.7165 0.2827
vn -0.8582 -0.5132 -0.0000
vn -0.6941 -0.7199 -0.0000
vn 0.7021 -0.5057 0.5013
vn 0.5706 -0.7127 0.4080
vn -0.8400 -0.5123 -0.1786
vn -0.6798 -0.7190 -0.1447
vn 0.5913 -0.5011 0.6319
vn 0.4820 -0.7083 0.5157
vn -0.7868 -0.5096 -0.3482
vn -0.6378 -0.7165 -0.2827
vn 0.4602 -0.4967 0.7359
vn 0.3762 -0.7040 0.6024
vn -0.7021 -0.5057 -0.5013
vn -0.5706 -0.7127 -0.4080
vn -0.1023 -0.9810 0.1649
vn -0.1306 -0.9814 0.1408
vn 0.0000 -1.0000 -0.0000
vn -0.0357 -0.9804 0.1936
vn 0.0000 -0.9804 0.1972
vn 0.1306 -0.9814 -0.1408
vn 0.1023 -0.9810 -0.1649
vn -0.0357 -0.9804 -0.1936
vn -0.0702 -0.9807 0.1827
vn 0.1542 -0.9818 -0.1110
vn 0.0000 -0.9804 -0.1972
vn 0.1719 -0.9821 -0.0767
vn 0.1829 -0.9824 -0.0392
vn -0.1542 -0.9818 0.1110
vn 0.1866 -0.9824 0.0000
vn -0.1719 -0.9821 0.0767
vn 0.1829 -0.9824 0.0392
vn -0.1829 -0.9824 0.0392
vn 0.1719 -0.9821 0.0767
vn -0.1866 -0.9824 -0.0000
vn 0.1542 -0.9818 0.1110
vn -0.1829 -0.9824 -0.0392
vn 0.1306 -0.9814 0.1408
vn -0.1719 -0.9821 -0.0767
vn 0.1023 -0.9810 0.1649
vn -0.1542 -0.9818 -0.1110
vn 0.0702 -0.9807 0.1827
vn 0.0357 -0.9804 -0.1936
vn -0.1306 -0.9814 -0.1408
vn 0.0357 -0.9804 0.1936
vn 0.0702 -0.9807 -0.1827
vn 0.4777 -0.4349 -0.7634
vn 0.3261 -0.4321 -0.8408
vn 0.3543 -0.2020 -0.9130
vn 0.5195 -0.2040 -0.8298
vn -0.4777 -0.4349 -0.7634
vn -0.6144 -0.4383 -0.6561
vn -0.6690 -0.2066 -0.7140
vn -0.5195 -0.2040 -0.8298
vn 0.1653 -0.4303 -0.8874
vn 0.1795 -0.2006 -0.9631
vn -0.7303 -0.4417 -0.5211
vn -0.7962 -0.2092 -0.5677
vn 0.0000 -0.4297 -0.9030
vn 0.0000 -0.2001 -0.9798
vn -0.8191 -0.4447 -0.3623
vn -0.8939 -0.2115 -0.3951
vn -0.8751 -0.4467 -0.1859
vn -0.9557 -0.2130 -0.2029
vn -0.8943 -0.4475 -0.0000
vn -0.9769 -0.2136 -0.0000
vn -0.8751 -0.4467 0.1859
vn -0.9557 -0.2131 0.2029
vn -0.8191 -0.4447 0.3623
vn -0.8939 -0.2115 0.3951
vn -0.7303 -0.4417 0.5211
vn -0.7962 -0.2092 0.5677
vn -0.6144 -0.4383 0.6561
vn -0.6690 -0.2066 0.7140
vn -0.4777 -0.4349 0.7634
vn -0.5195 -0.2040 0.8298
vn -0.3261 -0.4321 0.8408
vn -0.3543 -0.2020 0.9130
vn -0.1653 -0.4303 0.8874
vn -0.1795 -0.2006 0.9631
vn 0.3107 -0.9403 0.1388
vn 0.3304 -0.9412 0.0709
vn 0.5586 -0.8208 0.1190
vn 0.5241 -0.8193 0.2326
vn -0.3370 -0.9415 0.0000
vn -0.3304 -0.9412 0.0709
vn -0.5586 -0.8208 0.1190
vn -0.5704 -0.8214 -0.0000
vn 0.2789 -0.9391 0.2009
vn 0.4689 -0.8170 0.3356
vn -0.3304 -0.9412 -0.0709
vn -0.5586 -0.8208 -0.1190
vn 0.2365 -0.9376 0.2550
vn 0.3960 -0.8144 0.4242
vn -0.3107 -0.9403 -0.1388
vn -0.5241 -0.8193 -0.2326
vn 0.1852 -0.9361 0.2989
vn 0.3091 -0.8118 0.4955
vn -0.2789 -0.9391 -0.2009
vn -0.4689 -0.8170 -0.3356
vn 0.1273 -0.9349 0.3313
vn 0.2117 -0.8096 0.5475
vn -0.2365 -0.9376 -0.2550
vn -0.3960 -0.8144 -0.4242
vn 0.0648 -0.9341 0.3512
vn 0.1075 -0.8082 0.5790
vn 0.1273 -0.9349 -0.3313
vn 0.0648 -0.9341 -0.3512
vn 0.1075 -0.8082 -0.5790
vn 0.2117 -0.8096 -0.5475
vn -0.1852 -0.9361 -0.2989
vn -0.3091 -0.8118 -0.4955
vn 0.0000 -0.9338 0.3578
vn 0.0000 -0.8077 0.5896
vn 0.0000 -0.9338 -0.3578
vn -0.0648 -0.9341 -0.3512
vn -0.1075 -0.8082 -0.5790
vn 0.0000 -0.8077 -0.5896
vn -0.1273 -0.9349 -0.3313
vn -0.2117 -0.8096 -0.5475
vn -0.0648 -0.9341 0.3511
vn -0.1075 -0.8082 0.5790
vn 0.2365 -0.9376 -0.2550
vn 0.1852 -0.9361 -0.2989
vn 0.3091 -0.8118 -0.4955
vn 0.3960 -0.8144 -0.4242
vn -0.1273 -0.9349 0.3313
vn -0.2117 -0.8096 0.5475
vn 0.2789 -0.9391 -0.2009
vn 0.4689 -0.8170 -0.3356
vn -0.1852 -0.9361 0.2989
vn -0.3091 -0.8118 0.4955
vn 0.3107 -0.9403 -0.1388
vn 0.5241 -0.8193 -0.2326
vn -0.2365 -0.9376 0.2550
vn -0.3960 -0.8144 0.4242
vn 0.3304 -0.9412 -0.0709
vn 0.5586 -0.8208 -0.1190
vn -0.2789 -0.9391 0.2009
vn -0.4689 -0.8170 0.3356
vn 0.3370 -0.9415 0.0000
vn 0.5704 -0.8214 0.0000
vn -0.3107 -0.9403 0.1388
vn -0.5241 -0.8193 0.2326
vn -0.3261 -0.4321 -0.8408
vn -0.3543 -0.2020 -0.9130
vn 0.6144 -0.4383 -0.6561
vn 0.6690 -0.2066 -0.7140
vn -0.1653 -0.4303 -0.8874
vn -0.1795 -0.2006 -0.9631
vn 0.7303 -0.4417 -0.5211
vn 0.7962 -0.2092 -0.5677
vn 0.8191 -0.4447 -0.3623
vn 0.8940 -0.2115 -0.3951
vn 0.8751 -0.4467 -0.1859
vn 0.9557 -0.2130 -0.2029
vn 0.8943 -0.4475 -0.0000
vn 0.9769 -0.2136 0.0000
vn 0.8751 -0.4467 0.1859
vn 0.9557 -0.2130 0.2029
vn 0.8191 -0.4447 0.3623
vn 0.8939 -0.2115 0.3951
vn 0.7303 -0.4417 0.5211
vn 0.7962 -0.2092 0.5677
vn 0.6144 -0.4383 0.6561
vn 0.6690 -0.2066 0.7140
vn 0.4777 -0.4349 0.7634
vn 0.5195 -0.2040 0.8298
vn 0.3261 -0.4321 0.8408
vn 0.3543 -0.2020 0.9130
vn 0.1653 -0.4303 0.8874
vn 0.1795 -0.2006 0.9631
vn -0.0000 -0.4297 0.9030
vn -0.0000 -0.2001 0.9798
vn 0.0000 0.3324 -0.9431
vn 0.1829 0.0000 -0.9831
vn 0.1817 0.1230 -0.9756
vn 0.3588 0.1239 -0.9252
vn 0.3613 0.0000 -0.9324
vn 0.5262 0.1251 -0.8411
vn 0.5301 0.0000 -0.8480
vn 0.6779 0.1266 -0.7241
vn 0.6832 0.0000 -0.7302
vn 0.8073 0.1282 -0.5761
vn 0.8138 -0.0000 -0.5812
vn 0.9068 0.1296 -0.4012
vn 0.9144 -0.0000 -0.4048
vn 0.9698 0.1305 -0.2060
vn 0.9781 -0.0000 -0.2079
vn 0.9914 0.1309 -0.0000
vn 1.0000 0.0000 -0.0000
vn 0.9698 0.1305 0.2060
vn 0.9781 0.0000 0.2079
vn 0.9068 0.1296 0.4012
vn 0.9144 -0.0000 0.4048
vn 0.8073 0.1282 0.5761
vn 0.8138 -0.0000 0.5812
vn 0.6779 0.1266 0.7241
vn 0.6832 0.0000 0.7302
vn 0.5262 0.1251 0.8411
vn 0.5301 -0.0000 0.8480
vn 0.3588 0.1239 0.9252
vn 0.3613 -0.0000 0.9324
vn 0.1817 0.1230 0.9756
vn 0.1829 -0.0000 0.9831
vn -0.0000 0.1228 0.9924
vn -0.1817 0.1230 0.9756
vn -0.1829 0.0000 0.9831
vn -0.3588 0.1239 0.9252
vn -0.3613 0.0000 0.9324
vn -0.5262 0.1251 0.8411
vn -0.5301 0.0000 0.8480
vn -0.6779 0.1266 0.7241
vn -0.6832 -0.0000 0.7302
vn -0.8073 0.1282 0.5761
vn -0.8138 -0.0000 0.5812
vn -0.9068 0.1296 0.4012
vn -0.9144 -0.0000 0.4048
vn -0.9698 0.1305 0.2060
vn -0.9781 -0.0000 0.2079
vn -0.9914 0.1309 -0.0000
vn -1.0000 0.0000 -0.0000
vn -0.9698 0.1305 -0.2060
vn -0.9781 0.0000 -0.2079
vn -0.9068 0.1296 -0.4012
vn -0.9144 0.0000 -0.4048
vn -0.8073 0.1282 -0.5761
vn -0.8138 0.0000 -0.5812
vn -0.6779 0.1266 -0.7241
vn -0.6832 0.0000 -0.7302
vn -0.5262 0.1251 -0.8411
vn -0.5301 -0.0000 -0.8480
vn -0.3587 0.1239 -0.9252
vn -0.3613 0.0000 -0.9324
vn -0.1817 0.1230 -0.9756
vn -0.1829 0.0000 -0.9831
vn 0.0000 0.1228 -0.9924
vn 0.0000 1.0000 -0.0000
vn -0.5300 0.0000 0.8480
vn -0.3613 0.0000 0.9325
vn 0.9144 0.0000 -0.4049
vn 0.8137 0.0000 -0.5812
vn -0.6831 0.0000 0.7303
vn 0.9781 0.0000 -0.2080
vn -0.8137 0.0000 0.5812
vn -0.9144 0.0000 0.4049
vn 0.9781 0.0000 0.2080
vn -0.9781 0.0000 0.2080
vn 0.9144 0.0000 0.4049
vn 0.8137 0.0000 0.5812
vn -0.9781 0.0000 -0.2080
vn 0.6831 0.0000 0.7303
vn -0.9144 0.0000 -0.4049
vn 0.5300 0.0000 0.8480
vn -0.8137 0.0000 -0.5812
vn 0.3613 0.0000 0.9325
vn -0.6831 0.0000 -0.7303
vn 0.3613 0.0000 -0.9325
vn -0.5300 0.0000 -0.8480
vn 0.5300 0.0000 -0.8480
vn -0.3613 0.0000 -0.9325
vn 0.6831 0.0000 -0.7303
vn -0.4270 -0.7787 -0.4597
vn -0.5053 -0.7827 -0.3635
vn -0.6227 -0.6413 -0.4483
vn -0.5282 -0.6295 -0.5699
vn 0.1161 -0.7693 0.6283
vn 0.2285 -0.7714 0.5939
vn 0.3068 -0.5503 0.7765
vn 0.1569 -0.5613 0.8126
vn 0.2285 -0.7714 -0.5939
vn 0.1161 -0.7693 -0.6283
vn 0.1569 -0.5613 -0.8126
vn 0.3068 -0.5503 -0.7765
vn -0.3334 -0.7747 -0.5372
vn -0.4139 -0.6159 -0.6703
vn 0.0000 -0.7685 0.6398
vn 0.0054 -0.5737 0.8190
vn 0.3334 -0.7747 -0.5372
vn 0.4502 -0.5411 -0.7103
vn -0.2285 -0.7714 -0.5939
vn -0.2841 -0.6016 -0.7465
vn -0.1161 -0.7693 0.6283
vn -0.1430 -0.5873 0.7966
vn 0.4270 -0.7787 -0.4597
vn 0.5812 -0.5336 -0.6144
vn -0.1161 -0.7693 -0.6283
vn -0.1430 -0.5873 -0.7966
vn -0.2285 -0.7714 0.5939
vn -0.2841 -0.6016 0.7465
vn 0.5052 -0.7827 -0.3635
vn 0.6934 -0.5278 -0.4905
vn 0.0000 -0.7685 -0.6398
vn 0.0054 -0.5737 -0.8190
vn -0.3334 -0.7747 0.5372
vn -0.4139 -0.6159 0.6703
vn 0.5644 -0.7862 -0.2517
vn 0.7801 -0.5238 -0.3423
vn -0.4270 -0.7787 0.4597
vn -0.5282 -0.6295 0.5699
vn 0.6014 -0.7885 -0.1288
vn 0.8350 -0.5214 -0.1760
vn -0.5053 -0.7827 0.3635
vn -0.6227 -0.6413 0.4483
vn 0.6139 -0.7894 0.0000
vn 0.8538 -0.5206 0.0000
vn -0.5644 -0.7862 0.2517
vn -0.6936 -0.6506 0.3093
vn 0.6014 -0.7885 0.1288
vn 0.8350 -0.5214 0.1760
vn -0.6014 -0.7885 0.1288
vn -0.7376 -0.6565 0.1579
vn 0.5644 -0.7862 0.2517
vn 0.7801 -0.5238 0.3423
vn -0.6139 -0.7894 -0.0000
vn -0.7526 -0.6585 -0.0000
vn 0.5052 -0.7827 0.3635
vn 0.6934 -0.5278 0.4905
vn -0.6014 -0.7885 -0.1288
vn -0.7376 -0.6565 -0.1579
vn 0.4270 -0.7787 0.4597
vn 0.5812 -0.5336 0.6144
vn -0.5644 -0.7862 -0.2517
vn -0.6936 -0.6506 -0.3093
vn 0.3334 -0.7747 0.5372
vn 0.4502 -0.5411 0.7103
vn -0.2855 0.6196 -0.7312
vn -0.4224 0.6081 -0.6721
vn -0.2721 0.8601 -0.4315
vn -0.1853 0.8620 -0.4718
vn -0.1437 0.6329 0.7608
vn -0.0022 0.6477 0.7619
vn -0.0028 0.8684 0.4959
vn -0.0944 0.8648 0.4932
vn 0.4801 0.7097 -0.5157
vn 0.3793 0.6953 -0.6105
vn 0.2470 0.8825 -0.4003
vn 0.3133 0.8873 -0.3384
vn -0.1768 -0.2363 -0.9555
vn 0.0010 -0.2041 -0.9790
vn -0.3473 -0.2678 0.8987
vn -0.5053 -0.2975 0.8100
vn 0.8125 -0.0659 -0.5793
vn 0.9135 -0.0498 -0.4038
vn 0.9774 -0.0397 -0.2075
vn -0.6457 -0.3243 0.6913
vn -0.7629 -0.3469 0.5456
vn 0.9993 -0.0363 -0.0000
vn -0.8515 -0.3641 0.3775
vn 0.9774 -0.0397 0.2075
vn -0.9068 -0.3749 0.1930
vn 0.9135 -0.0498 0.4038
vn -0.9256 -0.3785 -0.0000
vn 0.8125 -0.0659 0.5793
vn -0.9068 -0.3749 -0.1930
vn 0.6813 -0.0872 0.7268
vn -0.8514 -0.3641 -0.3775
vn 0.5275 -0.1127 0.8420
vn -0.7629 -0.3469 -0.5456
vn 0.3587 -0.1413 0.9227
vn -0.6457 -0.3243 -0.6913
vn 0.1812 -0.1721 0.9683
vn 0.1812 -0.1721 -0.9683
vn 0.3587 -0.1413 -0.9227
vn -0.5053 -0.2975 -0.8100
vn 0.0010 -0.2041 0.9790
vn 0.5275 -0.1127 -0.8420
vn -0.3473 -0.2678 -0.8987
vn -0.1768 -0.2363 0.9555
vn 0.6813 -0.0872 -0.7268
vn -0.0414 0.9991 -0.0087
vn -0.0422 0.9991 -0.0000
vn -0.0414 0.9991 -0.0089
vn -0.0163 0.9990 0.0416
vn -0.0083 0.9990 0.0442
vn -0.0082 0.9990 0.0443
vn -0.0160 0.9990 0.0417
vn 0.0413 0.9991 -0.0087
vn 0.0390 0.9991 -0.0171
vn 0.0389 0.9991 -0.0174
vn 0.0413 0.9991 -0.0089
vn 0.0235 0.9990 0.0374
vn 0.0299 0.9990 0.0317
vn 0.0297 0.9990 0.0320
vn 0.0233 0.9990 0.0376
vn -0.0390 0.9991 -0.0171
vn -0.0389 0.9991 -0.0174
vn 0.0000 0.9990 -0.0451
vn -0.0083 0.9990 -0.0442
vn -0.0082 0.9990 -0.0443
vn 0.0421 0.9991 0.0000
vn -0.0236 0.9990 0.0374
vn -0.0233 0.9990 0.0376
vn -0.0352 0.9991 -0.0249
vn -0.0350 0.9991 -0.0252
vn 0.0162 0.9990 0.0416
vn 0.0160 0.9990 0.0417
vn 0.0413 0.9991 0.0087
vn 0.0413 0.9991 0.0089
vn 0.0083 0.9990 -0.0442
vn 0.0082 0.9990 -0.0443
vn -0.0299 0.9990 -0.0318
vn -0.0297 0.9990 -0.0320
vn -0.0299 0.9990 0.0318
vn -0.0297 0.9990 0.0320
vn 0.0390 0.9991 0.0171
vn 0.0389 0.9991 0.0174
vn 0.0083 0.9990 0.0442
vn 0.0082 0.9990 0.0442
vn -0.0236 0.9990 -0.0374
vn -0.0233 0.9990 -0.0376
vn 0.0235 0.9990 -0.0374
vn 0.0162 0.9990 -0.0416
vn 0.0160 0.9990 -0.0417
vn 0.0233 0.9990 -0.0376
vn 0.0351 0.9991 0.0249
vn 0.0349 0.9991 0.0252
vn -0.0352 0.9991 0.0249
vn -0.0350 0.9991 0.0252
vn -0.0163 0.9990 -0.0416
vn -0.0160 0.9990 -0.0417
vn 0.0000 0.9990 0.0451
vn -0.0414 0.9991 0.0087
vn -0.0414 0.9991 0.0089
vn 0.0351 0.9991 -0.0249
vn 0.0349 0.9991 -0.0252
vn -0.0390 0.9991 0.0171
vn -0.0389 0.9991 0.0174
vn 0.8056 0.1467 0.5740
vn 0.9047 0.1478 0.3996
vn 0.5340 0.8115 0.2372
vn 0.4764 0.8103 0.3413
vn -0.9669 0.1515 -0.2051
vn -0.9884 0.1518 -0.0000
vn -0.5826 0.8127 -0.0000
vn -0.5702 0.8124 -0.1216
vn 0.6768 0.1454 0.7217
vn 0.4012 0.8088 0.4301
vn 0.3583 0.1433 0.9225
vn 0.5254 0.1442 0.8385
vn 0.3121 0.8073 0.5008
vn 0.2133 0.8061 0.5520
vn -0.6764 0.1474 -0.7216
vn -0.8052 0.1491 -0.5739
vn -0.4764 0.8103 -0.3413
vn -0.4012 0.8088 -0.4301
vn -0.9043 0.1505 -0.3995
vn -0.5340 0.8115 -0.2372
vn 0.1815 0.1428 0.9730
vn 0.1082 0.8053 0.5829
vn 0.3583 0.1433 -0.9225
vn 0.1815 0.1428 -0.9730
vn 0.1082 0.8053 -0.5829
vn 0.2133 0.8061 -0.5520
vn -0.5251 0.1458 -0.8384
vn -0.3121 0.8073 -0.5008
vn 0.3568 -0.1468 -0.9226
vn 0.1806 -0.1453 -0.9728
vn 0.5254 0.1442 -0.8385
vn 0.3121 0.8073 -0.5008
vn -0.3581 0.1444 -0.9225
vn -0.2133 0.8061 -0.5520
vn -0.1813 0.1433 0.9729
vn 0.0001 0.1428 0.9898
vn -0.0000 0.8050 0.5932
vn -0.1082 0.8053 0.5829
vn 0.6768 0.1454 -0.7217
vn 0.4012 0.8088 -0.4301
vn -0.1813 0.1433 -0.9729
vn -0.1082 0.8053 -0.5829
vn -0.3581 0.1444 0.9225
vn -0.2133 0.8061 0.5520
vn 0.0001 0.1428 -0.9898
vn 0.0000 0.8050 -0.5932
vn -0.5251 0.1458 0.8384
vn -0.3121 0.8073 0.5008
vn 0.9047 0.1478 -0.3996
vn 0.8056 0.1467 -0.5740
vn 0.4764 0.8103 -0.3413
vn 0.5340 0.8115 -0.2371
vn -0.6764 0.1475 0.7216
vn -0.4012 0.8088 0.4301
vn 0.9674 0.1486 -0.2052
vn 0.5702 0.8124 -0.1216
vn -0.8052 0.1491 0.5739
vn -0.4764 0.8103 0.3413
vn 0.9889 0.1489 0.0000
vn 0.5826 0.8127 -0.0000
vn -0.9043 0.1505 0.3995
vn -0.5340 0.8115 0.2372
vn 0.9674 0.1486 0.2052
vn 0.5702 0.8124 0.1216
vn -0.9669 0.1515 0.2051
vn -0.5702 0.8124 0.1216
vn -0.5240 -0.1457 -0.8392
vn -0.6753 -0.1471 -0.7227
vn 0.4321 0.8970 -0.0926
vn 0.4075 0.8949 -0.1820
vn 0.2096 0.9733 -0.0931
vn 0.2227 0.9737 -0.0475
vn -0.3510 0.8589 0.3729
vn -0.2721 0.8601 0.4315
vn -0.1255 0.9714 0.2014
vn -0.1600 0.9721 0.1715
vn 0.3674 0.8916 -0.2649
vn 0.1884 0.9728 -0.1350
vn -0.1853 0.8620 0.4718
vn -0.0863 0.9709 0.2235
vn -0.0028 0.8684 -0.4959
vn -0.0944 0.8648 -0.4932
vn -0.0440 0.9705 -0.2371
vn 0.0000 0.9704 -0.2417
vn 0.1600 0.9721 -0.1715
vn -0.0440 0.9705 0.2371
vn -0.0863 0.9709 -0.2235
vn 0.1255 0.9714 -0.2014
vn 0.0000 0.9704 0.2417
vn -0.1255 0.9714 -0.2014
vn 0.1706 0.8775 -0.4482
vn 0.0863 0.9709 -0.2235
vn 0.0864 0.8727 0.4805
vn 0.0440 0.9705 0.2371
vn -0.3510 0.8589 -0.3729
vn -0.1600 0.9721 -0.1715
vn 0.0864 0.8727 -0.4805
vn 0.0440 0.9705 -0.2371
vn 0.1706 0.8775 0.4482
vn 0.0863 0.9709 0.2235
vn -0.4182 0.8583 -0.2973
vn -0.1884 0.9728 -0.1350
vn 0.2470 0.8825 0.4003
vn 0.1255 0.9714 0.2014
vn -0.4698 0.8581 -0.2072
vn -0.2096 0.9733 -0.0931
vn 0.3133 0.8873 0.3384
vn 0.1600 0.9721 0.1715
vn -0.5023 0.8581 -0.1064
vn -0.2227 0.9737 -0.0475
vn 0.3674 0.8916 0.2649
vn 0.1884 0.9728 0.1350
vn -0.5134 0.8582 -0.0000
vn -0.2271 0.9739 0.0000
vn 0.4075 0.8949 0.1820
vn 0.2096 0.9733 0.0931
vn -0.5023 0.8581 0.1064
vn -0.2227 0.9737 0.0475
vn 0.4321 0.8970 0.0926
vn 0.2227 0.9737 0.0475
vn -0.4698 0.8581 0.2072
vn -0.2096 0.9733 0.0931
vn 0.4405 0.8978 -0.0000
vn 0.2271 0.9739 -0.0000
vn -0.4182 0.8583 0.2973
vn -0.1884 0.9728 0.1350
vn 0.1335 0.9893 -0.0593
vn 0.1418 0.9894 -0.0303
vn -0.0801 0.9885 0.1285
vn -0.1020 0.9887 0.1094
vn 0.1201 0.9890 -0.0860
vn -0.0551 0.9882 0.1427
vn -0.0281 0.9881 -0.1514
vn -0.0000 0.9880 -0.1543
vn 0.1020 0.9887 -0.1094
vn -0.0281 0.9881 0.1514
vn -0.0551 0.9882 -0.1427
vn 0.0801 0.9885 -0.1285
vn -0.0000 0.9880 0.1543
vn -0.0801 0.9885 -0.1285
vn 0.0551 0.9882 -0.1427
vn 0.0281 0.9881 0.1514
vn -0.1020 0.9887 -0.1094
vn 0.0281 0.9881 -0.1514
vn 0.0551 0.9882 0.1427
vn -0.1201 0.9890 -0.0860
vn 0.0801 0.9885 0.1285
vn -0.1335 0.9893 -0.0593
vn 0.1020 0.9888 0.1094
vn -0.1418 0.9894 -0.0303
vn 0.1201 0.9890 0.0860
vn -0.1447 0.9895 0.0000
vn 0.1335 0.9893 0.0593
vn -0.1418 0.9894 0.0303
vn 0.1418 0.9894 0.0303
vn -0.1335 0.9893 0.0593
vn 0.1447 0.9895 -0.0000
vn -0.1201 0.9890 0.0860
vn 0.2631 0.6796 -0.6847
vn 0.1347 0.6635 0.7359
vn -0.5484 0.5988 -0.5837
vn 0.1347 0.6635 -0.7359
vn 0.2631 0.6796 0.6847
vn -0.6568 0.5917 -0.4674
vn -0.0022 0.6477 -0.7619
vn 0.3793 0.6953 0.6105
vn -0.7408 0.5868 -0.3269
vn 0.4801 0.7097 0.5157
vn -0.7942 0.5839 -0.1683
vn 0.5623 0.7219 0.4034
vn -0.8125 0.5829 -0.0000
vn 0.6232 0.7313 0.2771
vn -0.7942 0.5839 0.1683
vn 0.6608 0.7372 0.1410
vn -0.7408 0.5868 0.3269
vn 0.6734 0.7392 0.0000
vn -0.6568 0.5917 0.4674
vn 0.6608 0.7372 -0.1410
vn -0.5484 0.5988 0.5837
vn 0.6232 0.7313 -0.2771
vn -0.4224 0.6081 0.6721
vn 0.5623 0.7219 -0.4034
vn -0.2855 0.6196 0.7312
vn -0.1437 0.6329 -0.7608
vn 0.6368 0.3588 -0.6825
vn 0.4982 0.3349 -0.7998
vn -0.1804 0.2235 0.9579
vn -0.0020 0.2517 0.9678
vn -0.3564 0.1965 -0.9134
vn -0.5241 0.1717 -0.8342
vn 0.3422 0.3083 -0.8876
vn 0.1738 0.2803 0.9441
vn -0.6770 0.1499 -0.7205
vn 0.1738 0.2803 -0.9441
vn 0.3422 0.3083 0.8876
vn -0.8077 0.1318 -0.5746
vn -0.0020 0.2517 -0.9678
vn 0.4982 0.3349 0.7998
vn -0.9085 0.1183 -0.4007
vn 0.6368 0.3588 0.6825
vn -0.9724 0.1099 -0.2060
vn 0.7525 0.3790 0.5386
vn -0.9943 0.1070 -0.0000
vn 0.8400 0.3944 0.3726
vn -0.9724 0.1099 0.2060
vn 0.8947 0.4041 0.1906
vn -0.9085 0.1183 0.4007
vn 0.9133 0.4074 -0.0000
vn -0.8077 0.1318 0.5746
vn 0.8947 0.4041 -0.1906
vn -0.6770 0.1499 0.7205
vn 0.8400 0.3944 -0.3726
vn -0.5241 0.1717 0.8342
vn 0.7525 0.3790 -0.5386
vn -0.3564 0.1965 0.9134
vn -0.1804 0.2235 -0.9579
vn 0.0852 0.9956 -0.0379
vn 0.0905 0.9957 -0.0193
vn -0.0511 0.9953 0.0820
vn -0.0651 0.9954 0.0698
vn 0.0766 0.9955 -0.0549
vn -0.0352 0.9952 0.0911
vn -0.0179 0.9952 -0.0967
vn -0.0000 0.9951 -0.0985
vn 0.0651 0.9954 -0.0698
vn -0.0179 0.9952 0.0967
vn -0.0352 0.9952 -0.0911
vn 0.0511 0.9953 -0.0820
vn -0.0000 0.9951 0.0985
vn -0.0511 0.9953 -0.0820
vn 0.0352 0.9952 -0.0911
vn 0.0179 0.9952 0.0967
vn -0.0651 0.9954 -0.0698
vn 0.0179 0.9952 -0.0967
vn 0.0352 0.9952 0.0911
vn -0.0766 0.9955 -0.0549
vn 0.0511 0.9953 0.0820
vn -0.0852 0.9956 -0.0379
vn 0.0651 0.9954 0.0698
vn -0.0905 0.9957 -0.0193
vn 0.0766 0.9955 0.0549
vn -0.0923 0.9957 -0.0000
vn 0.0852 0.9956 0.0379
vn -0.0905 0.9957 0.0193
vn 0.0905 0.9957 0.0193
vn -0.0852 0.9956 0.0379
vn 0.0923 0.9957 -0.0000
vn -0.0766 0.9955 0.0549
vn -0.9669 -0.1510 0.2058
vn -0.9039 -0.1500 0.4007
vn -0.1810 -0.1442 -0.9729
vn -0.3572 -0.1447 -0.9227
vn 0.9030 -0.1555 0.4005
vn 0.9660 -0.1568 0.2057
vn -0.3572 -0.1447 0.9227
vn -0.1810 -0.1442 0.9729
vn -0.9885 -0.1514 -0.0000
vn 0.8037 -0.1535 -0.5749
vn 0.6747 -0.1511 -0.7224
vn 0.8037 -0.1535 0.5749
vn -0.0002 -0.1444 -0.9895
vn -0.9669 -0.1510 -0.2058
vn -0.5240 -0.1457 0.8392
vn 0.6747 -0.1511 0.7224
vn 0.9030 -0.1555 -0.4005
vn -0.9039 -0.1500 -0.4007
vn 0.5235 -0.1488 0.8389
vn -0.6753 -0.1471 0.7227
vn -0.8044 -0.1486 -0.5752
vn 0.9660 -0.1568 -0.2057
vn -0.0002 -0.1444 0.9895
vn 0.1806 -0.1453 0.9728
vn 0.3568 -0.1468 0.9226
vn -0.8044 -0.1486 0.5752
vn 0.9876 -0.1573 0.0000
vn 0.5235 -0.1488 -0.8389
vn 0.0642 0.9975 -0.0287
vn 0.0682 0.9976 -0.0146
vn -0.0384 0.9973 0.0620
vn -0.0490 0.9974 0.0528
vn 0.0577 0.9975 -0.0416
vn -0.0264 0.9973 0.0688
vn -0.0135 0.9972 -0.0730
vn 0.0000 0.9972 -0.0744
vn 0.0490 0.9974 -0.0528
vn -0.0135 0.9972 0.0730
vn -0.0264 0.9973 -0.0688
vn 0.0384 0.9973 -0.0620
vn 0.0000 0.9972 0.0744
vn -0.0384 0.9973 -0.0620
vn 0.0264 0.9973 -0.0688
vn 0.0135 0.9972 0.0730
vn -0.0490 0.9974 -0.0528
vn 0.0135 0.9972 -0.0730
vn 0.0264 0.9973 0.0688
vn -0.0577 0.9975 -0.0416
vn 0.0384 0.9973 0.0620
vn -0.0642 0.9975 -0.0287
vn 0.0490 0.9974 0.0528
vn -0.0682 0.9976 -0.0146
vn 0.0577 0.9975 0.0416
vn -0.0695 0.9976 -0.0000
vn 0.0642 0.9975 0.0287
vn -0.0682 0.9976 0.0146
vn 0.0682 0.9976 0.0146
vn -0.0642 0.9975 0.0287
vn 0.0695 0.9976 0.0000
vn -0.0577 0.9975 0.0416
vn -0.8137 0.0000 -0.5813
vn -0.8137 0.0000 0.5813
vn 0.0299 0.9990 -0.0317
vn 0.0297 0.9990 -0.0320
vn 0.8137 0.0000 0.5813
vn 0.0000 -0.0857 -0.9963
vn 0.1823 -0.0859 -0.9795
vn 0.1771 -0.2535 -0.9510
vn 0.0000 -0.2530 -0.9675
vn 0.3601 -0.0865 -0.9289
vn 0.3495 -0.2551 -0.9015
vn 0.5282 -0.0874 -0.8446
vn 0.5124 -0.2576 -0.8192
vn 0.6807 -0.0885 -0.7272
vn 0.6598 -0.2605 -0.7048
vn 0.8106 -0.0896 -0.5787
vn 0.7851 -0.2636 -0.5604
vn 0.9107 -0.0906 -0.4030
vn 0.8815 -0.2663 -0.3900
vn 0.9741 -0.0913 -0.2070
vn 0.9423 -0.2681 -0.2002
vn 0.9958 -0.0916 -0.0000
vn 0.9632 -0.2688 -0.0000
vn 0.9741 -0.0913 0.2070
vn 0.9423 -0.2681 0.2002
vn 0.9107 -0.0906 0.4030
vn 0.8815 -0.2663 0.3900
vn 0.8106 -0.0896 0.5787
vn 0.7851 -0.2636 0.5604
vn 0.6807 -0.0885 0.7272
vn 0.6598 -0.2605 0.7048
vn 0.5282 -0.0874 0.8446
vn 0.5124 -0.2576 0.8192
vn 0.3601 -0.0865 0.9289
vn 0.3495 -0.2551 0.9015
vn 0.1823 -0.0859 0.9795
vn 0.1771 -0.2535 0.9510
vn -0.0000 -0.0857 0.9963
vn -0.0000 -0.2530 0.9675
vn -0.1823 -0.0859 0.9795
vn -0.1771 -0.2535 0.9510
vn -0.3601 -0.0865 0.9289
vn -0.3495 -0.2551 0.9015
vn -0.5282 -0.0874 0.8446
vn -0.5124 -0.2576 0.8192
vn -0.6807 -0.0885 0.7272
vn -0.6598 -0.2605 0.7048
vn -0.8106 -0.0896 0.5787
vn -0.7851 -0.2636 0.5604
vn -0.9107 -0.0906 0.4030
vn -0.8815 -0.2663 0.3900
vn -0.9741 -0.0913 0.2070
vn -0.9423 -0.2681 0.2002
vn -0.9958 -0.0916 -0.0000
vn -0.9632 -0.2688 -0.0000
vn -0.9741 -0.0913 -0.2070
vn -0.9423 -0.2681 -0.2002
vn -0.9107 -0.0906 -0.4030
vn -0.8815 -0.2663 -0.3900
vn -0.8106 -0.0896 -0.5787
vn -0.7851 -0.2636 -0.5604
vn -0.6807 -0.0885 -0.7272
vn -0.6598 -0.2605 -0.7048
vn -0.5282 -0.0874 -0.8446
vn -0.5124 -0.2576 -0.8192
vn -0.3601 -0.0865 -0.9289
vn -0.3495 -0.2551 -0.9015
vn -0.1823 -0.0859 -0.9795
vn -0.1771 -0.2535 -0.9510
vn -0.0409 0.9990 0.0183
vn -0.0367 0.9990 0.0264
vn -0.0167 0.9989 -0.0436
vn -0.0244 0.9989 -0.0393
vn 0.0435 0.9990 0.0093
vn 0.0443 0.9990 0.0000
vn -0.0085 0.9989 0.0462
vn 0.0000 0.9989 0.0471
vn -0.0435 0.9990 0.0093
vn 0.0311 0.9990 -0.0335
vn 0.0244 0.9989 -0.0393
vn 0.0409 0.9990 0.0183
vn -0.0085 0.9989 -0.0462
vn -0.0443 0.9990 0.0000
vn -0.0167 0.9989 0.0436
vn 0.0367 0.9990 0.0264
vn 0.0367 0.9990 -0.0264
vn -0.0435 0.9990 -0.0093
vn 0.0000 0.9989 -0.0471
vn 0.0311 0.9990 0.0335
vn -0.0244 0.9989 0.0393
vn -0.0409 0.9990 -0.0183
vn 0.0409 0.9990 -0.0183
vn 0.0085 0.9989 0.0462
vn 0.0167 0.9989 0.0436
vn 0.0244 0.9989 0.0393
vn -0.0311 0.9990 0.0335
vn 0.0167 0.9989 -0.0436
vn 0.0085 0.9989 -0.0462
vn -0.0367 0.9990 -0.0264
vn 0.0435 0.9990 -0.0093
vn -0.0311 0.9990 -0.0336
vn -0.3841 0.8508 -0.3586
vn -0.4252 0.9051 -0.0000
vn -0.4774 0.8787 -0.0000
vn -0.4425 0.8137 -0.3770
vn -0.2661 0.6940 -0.6690
vn -0.3418 0.6257 -0.7012
vn -0.0864 0.4530 -0.8873
vn -0.1887 0.3381 -0.9220
vn 0.1313 0.1578 -0.9787
vn -0.0067 -0.0067 -1.0000
vn 0.3563 -0.1501 -0.9222
vn 0.1737 -0.3516 -0.9199
vn 0.5536 -0.4216 -0.7182
vn 0.3229 -0.6392 -0.6980
vn 0.6891 -0.6086 -0.3933
vn 0.4195 -0.8268 -0.3747
vn 0.7375 -0.6754 -0.0000
vn 0.4527 -0.8916 -0.0000
vn 0.5763 -0.4268 0.6970
vn 0.3798 -0.1694 0.9094
vn 0.2181 -0.2409 0.9457
vn 0.5053 -0.5088 0.6970
vn -0.3533 0.8591 0.3703
vn -0.3937 0.9192 -0.0000
vn -0.3908 0.9205 0.0000
vn -0.3616 0.8521 0.3783
vn -0.0584 0.4299 0.9010
vn -0.1458 0.3570 0.9227
vn 0.0044 0.0430 0.9991
vn 0.1551 0.1314 0.9791
vn -0.2367 0.6874 0.6866
vn -0.2767 0.6554 0.7028
vn 0.6487 -0.6641 0.3717
vn 0.7080 -0.5965 0.3780
vn 0.7906 0.5969 0.1368
vn 0.8204 0.5670 0.0741
vn 0.5660 0.8210 -0.0749
vn 0.5958 0.7911 -0.1387
vn 0.7462 0.6415 0.1783
vn 0.6406 0.7461 -0.1817
vn 0.6940 0.6938 0.1923
vn 0.6937 0.6928 -0.1972
vn 0.6423 0.7457 0.1771
vn 0.7471 0.6391 -0.1828
vn 0.5987 0.7895 0.1351
vn 0.7927 0.5933 -0.1403
vn 0.5697 0.8186 0.0730
vn 0.8232 0.5626 -0.0761
vn 0.5595 0.8288 -0.0000
vn 0.8340 0.5517 0.0000
vn 0.8309 0.5565 -0.0000
vn 0.5556 0.8315 -0.0000
vn 0.7546 -0.6562 0.0000
vn 0.9997 -0.0258 0.0000
vn 0.9607 0.0132 0.2774
vn 0.8496 0.1244 0.5126
vn 0.6834 0.2907 0.6697
vn 0.4873 0.4869 0.7249
vn 0.2912 0.6832 0.6697
vn 0.1250 0.8495 0.5126
vn 0.0139 0.9607 0.2774
vn -0.0251 0.9997 -0.0000
vn 0.0429 0.9991 0.0000
vn 0.0793 0.9627 -0.2588
vn 0.1829 0.8589 -0.4783
vn 0.3380 0.7037 -0.6249
vn 0.5210 0.5206 -0.6764
vn 0.7040 0.3375 -0.6249
vn 0.8591 0.1823 -0.4783
vn 0.9627 0.0786 -0.2588
vn 0.9991 0.0421 -0.0000
vn 0.9000 0.4354 -0.0188
vn 0.8949 0.4448 -0.0348
vn 0.8796 0.4757 0.0000
vn 0.9018 0.4321 0.0000
vn 0.8570 0.5150 -0.0187
vn 0.8552 0.5183 0.0000
vn 0.8620 0.5058 -0.0345
vn 0.8695 0.4919 -0.0452
vn 0.8784 0.4754 -0.0490
vn 0.8873 0.4589 -0.0453
vn 0.8158 -0.5783 0.0000
vn 0.7718 -0.5468 0.3245
vn 0.7627 -0.5822 0.2818
vn 0.7940 -0.6080 0.0000
vn -0.2639 0.6583 0.7049
vn -0.3441 0.8583 0.3807
vn -0.3448 0.8602 0.3756
vn -0.2666 0.6650 0.6977
vn 0.6401 -0.4437 0.6272
vn 0.6685 -0.5050 0.5459
vn 0.3023 -0.2068 0.9305
vn -0.0175 0.0719 0.9973
vn -0.0215 0.0721 0.9972
vn 0.4360 -0.3254 0.8391
vn -0.1431 0.3571 0.9231
vn -0.1477 0.3684 0.9179
vn -0.3721 0.9282 0.0000
vn 0.6967 -0.7174 0.0000
vn -0.3841 0.8508 0.3586
vn -0.4425 0.8137 0.3770
vn -0.2661 0.6940 0.6690
vn -0.3418 0.6257 0.7012
vn -0.0864 0.4530 0.8873
vn -0.1887 0.3381 0.9220
vn 0.1313 0.1578 0.9787
vn -0.0067 -0.0067 1.0000
vn 0.3563 -0.1501 0.9222
vn 0.1737 -0.3516 0.9199
vn 0.5536 -0.4216 0.7182
vn 0.3229 -0.6392 0.6980
vn 0.6891 -0.6086 0.3933
vn 0.4195 -0.8268 0.3747
vn 0.5763 -0.4268 -0.6970
vn 0.5053 -0.5088 -0.6970
vn 0.2181 -0.2409 -0.9457
vn 0.3798 -0.1694 -0.9094
vn -0.3533 0.8591 -0.3703
vn -0.3616 0.8521 -0.3783
vn -0.0584 0.4299 -0.9010
vn 0.1551 0.1314 -0.9791
vn 0.0044 0.0430 -0.9991
vn -0.1458 0.3570 -0.9227
vn -0.2367 0.6874 -0.6866
vn -0.2767 0.6554 -0.7028
vn 0.7080 -0.5965 -0.3780
vn 0.6487 -0.6641 -0.3717
vn 0.7906 0.5969 -0.1368
vn 0.5958 0.7911 0.1387
vn 0.5660 0.8210 0.0749
vn 0.8204 0.5670 -0.0741
vn 0.7462 0.6415 -0.1783
vn 0.6406 0.7461 0.1817
vn 0.6940 0.6938 -0.1923
vn 0.6937 0.6928 0.1972
vn 0.6423 0.7457 -0.1771
vn 0.7471 0.6391 0.1828
vn 0.5987 0.7895 -0.1351
vn 0.7927 0.5933 0.1403
vn 0.5697 0.8186 -0.0730
vn 0.8232 0.5626 0.0761
vn 0.9607 0.0132 -0.2774
vn 0.8496 0.1244 -0.5126
vn 0.6834 0.2907 -0.6697
vn 0.4873 0.4869 -0.7249
vn 0.2912 0.6832 -0.6697
vn 0.1250 0.8495 -0.5126
vn 0.0139 0.9607 -0.2774
vn 0.0793 0.9627 0.2588
vn 0.1829 0.8589 0.4783
vn 0.3380 0.7037 0.6249
vn 0.5210 0.5206 0.6764
vn 0.7040 0.3375 0.6249
vn 0.8591 0.1823 0.4783
vn 0.9627 0.0786 0.2588
vn 0.9000 0.4354 0.0188
vn 0.8949 0.4448 0.0348
vn 0.8570 0.5150 0.0187
vn 0.8620 0.5058 0.0345
vn 0.8695 0.4919 0.0452
vn 0.8784 0.4754 0.0490
vn 0.8873 0.4589 0.0453
vn 0.7627 -0.5822 -0.2818
vn 0.7718 -0.5468 -0.3245
vn -0.2639 0.6583 -0.7049
vn -0.2666 0.6650 -0.6977
vn -0.3448 0.8602 -0.3756
vn -0.3441 0.8583 -0.3807
vn 0.6685 -0.5050 -0.5459
vn 0.6401 -0.4437 -0.6272
vn 0.3023 -0.2068 -0.9305
vn 0.4360 -0.3254 -0.8391
vn -0.0215 0.0721 -0.9972
vn -0.0175 0.0719 -0.9973
vn -0.1431 0.3571 -0.9231
vn -0.1477 0.3684 -0.9179
vn 0.9426 0.3257 0.0731
vn 0.8641 0.4950 0.0912
vn 0.8657 0.4937 0.0825
vn 0.8709 0.4842 0.0844
vn 0.8704 0.4837 0.0918
vn 0.8705 0.4835 0.0919
vn 0.8707 0.4845 0.0844
vn 0.8681 0.4879 0.0915
vn 0.8681 0.4893 0.0833
vn 0.8701 0.4857 0.0838
vn 0.8705 0.4835 0.0918
vn 0.8687 0.4892 0.0776
vn 0.8681 0.4893 -0.0833
vn 0.8716 0.4903 -0.0000
vn 0.8739 0.4861 -0.0000
vn 0.8709 0.4842 -0.0844
vn 0.8701 0.4857 -0.0838
vn 0.8714 0.4906 0.0000
vn 0.8702 0.4927 0.0000
vn 0.8687 0.4892 -0.0776
vn 0.8657 0.4937 -0.0825
vn 0.8700 0.4930 -0.0000
vn 0.8732 0.4873 -0.0000
vn 0.8707 0.4845 -0.0844
vn 0.9426 0.3257 -0.0731
vn 0.9573 0.2891 -0.0000
vn 0.8641 0.4950 -0.0912
vn 0.8704 0.4837 -0.0918
vn 0.8705 0.4835 -0.0919
vn 0.8681 0.4879 -0.0915
vn 0.8705 0.4835 -0.0918
vn 0.4479 -0.8556 0.2595
vn 0.3196 -0.6973 0.6416
vn -0.2838 0.3350 0.8985
vn -0.4178 0.6071 0.6759
vn -0.2839 0.3351 0.8984
vn -0.1040 -0.0023 0.9946
vn -0.1039 -0.0024 0.9946
vn 0.1439 -0.4286 0.8920
vn 0.1439 -0.4285 0.8920
vn -0.5135 0.7995 0.3117
vn -0.5134 0.7993 0.3123
vn 0.3196 -0.6973 -0.6416
vn 0.4479 -0.8556 -0.2594
vn 0.4479 -0.8556 -0.2595
vn -0.4178 0.6070 -0.6760
vn -0.2837 0.3349 -0.8985
vn -0.2838 0.3350 -0.8984
vn -0.1040 -0.0023 -0.9946
vn -0.1039 -0.0024 -0.9946
vn 0.1439 -0.4285 -0.8920
vn -0.5135 0.7994 -0.3118
vn -0.5134 0.7993 -0.3123
vn -0.5363 0.8318 -0.1434
vn 0.4853 -0.8744 0.0001
vn 0.9992 -0.0333 -0.0205
vn 0.9992 -0.0333 0.0204
vn 0.4853 -0.8744 -0.0001
vn 0.4850 -0.8745 -0.0000
vn -0.5363 0.8318 0.1434
vn -0.1028 -0.0396 -0.9939
vn -0.1030 -0.0383 -0.9939
vn -0.1020 -0.0227 -0.9945
vn -0.0940 -0.0415 -0.9947
vn 0.9921 -0.1257 -0.0000
vn -0.1030 -0.0383 0.9939
vn -0.1028 -0.0396 0.9939
vn -0.0940 -0.0415 0.9947
vn -0.1020 -0.0227 0.9945
vn -0.9992 0.0389 0.0000
vn -0.9950 0.1002 0.0000
vn -0.0976 -0.0694 0.9928
vn -0.0976 -0.0694 -0.9928
vn -0.9998 -0.0196 0.0000
vn -0.9960 0.0898 0.0000
vn -0.0827 -0.0477 0.9954
vn -0.0828 -0.0477 0.9954
vn -0.0599 0.0892 0.9942
vn -0.0605 0.0850 0.9945
vn 0.9896 -0.1436 -0.0000
vn -0.0827 -0.0477 -0.9954
vn -0.0828 -0.0477 -0.9954
vn -0.0599 0.0892 -0.9942
vn -0.0605 0.0850 -0.9945
vn -0.0192 0.4047 -0.9142
vn -0.0187 0.4086 -0.9125
vn 0.9902 -0.1399 -0.0000
vn -0.9949 0.1004 0.0000
vn -0.0192 0.4047 0.9143
vn -0.0187 0.4086 0.9125
vn 0.0132 0.6398 0.7684
vn 0.0133 0.6406 0.7678
vn -0.9930 0.1183 0.0000
vn 0.9911 -0.1332 -0.0000
vn 0.0367 0.8061 0.5906
vn 0.0368 0.8065 0.5901
vn 0.9965 -0.0830 -0.0000
vn 0.0133 0.6406 -0.7678
vn 0.0132 0.6398 -0.7684
vn -0.9934 0.1145 0.0000
vn 0.0367 0.8061 -0.5906
vn 0.0368 0.8065 -0.5901
vn 0.0621 0.9371 -0.3436
vn 0.0619 0.9365 -0.3452
vn 0.9992 -0.0391 -0.0000
vn -0.9860 0.1669 0.0000
vn 0.0621 0.9371 0.3436
vn 0.0619 0.9365 0.3452
vn 0.0759 0.9892 0.1258
vn 0.0759 0.9894 0.1241
vn -0.9799 0.1994 0.0001
vn 0.9995 -0.0332 -0.0001
vn 0.9994 -0.0332 -0.0001
vn 0.0759 0.9892 -0.1257
vn 0.0759 0.9894 -0.1240
vn 0.9987 -0.0500 -0.0001
vn -0.9987 0.0500 0.0001
vn -0.9426 0.3257 0.0731
vn -0.8657 0.4937 0.0825
vn -0.8641 0.4950 0.0912
vn -0.8709 0.4842 0.0844
vn -0.8707 0.4845 0.0844
vn -0.8705 0.4835 0.0919
vn -0.8704 0.4837 0.0918
vn -0.8681 0.4893 0.0833
vn -0.8681 0.4879 0.0915
vn -0.8701 0.4857 0.0838
vn -0.8687 0.4892 0.0776
vn -0.8705 0.4835 0.0918
vn -0.8681 0.4893 -0.0833
vn -0.8709 0.4842 -0.0844
vn -0.8739 0.4861 -0.0000
vn -0.8716 0.4903 -0.0000
vn -0.8701 0.4857 -0.0838
vn -0.8687 0.4892 -0.0776
vn -0.8702 0.4927 0.0000
vn -0.8714 0.4906 0.0000
vn -0.8657 0.4937 -0.0825
vn -0.8700 0.4930 -0.0000
vn -0.8707 0.4845 -0.0844
vn -0.8732 0.4873 -0.0000
vn -0.9426 0.3257 -0.0731
vn -0.9573 0.2891 -0.0000
vn -0.8641 0.4950 -0.0912
vn -0.8704 0.4837 -0.0918
vn -0.8705 0.4835 -0.0919
vn -0.8681 0.4879 -0.0915
vn -0.8705 0.4835 -0.0918
vn -0.4479 -0.8556 0.2595
vn -0.3196 -0.6973 0.6416
vn 0.2838 0.3350 0.8985
vn 0.2839 0.3351 0.8984
vn 0.4178 0.6071 0.6759
vn 0.1040 -0.0023 0.9946
vn 0.1039 -0.0024 0.9946
vn -0.1439 -0.4286 0.8920
vn -0.1439 -0.4285 0.8920
vn 0.5134 0.7993 0.3123
vn 0.5135 0.7995 0.3117
vn -0.3196 -0.6973 -0.6416
vn -0.4479 -0.8556 -0.2595
vn 0.4178 0.6070 -0.6760
vn 0.2838 0.3350 -0.8984
vn 0.2837 0.3349 -0.8985
vn 0.1039 -0.0024 -0.9946
vn 0.1040 -0.0023 -0.9946
vn -0.1439 -0.4285 -0.8920
vn 0.5135 0.7994 -0.3118
vn 0.5134 0.7993 -0.3123
vn 0.5363 0.8318 -0.1434
vn -0.4853 -0.8744 0.0001
vn -0.9992 -0.0333 0.0204
vn -0.9992 -0.0333 -0.0205
vn -0.4853 -0.8744 -0.0001
vn -0.4850 -0.8745 -0.0000
vn 0.5363 0.8318 0.1434
vn 0.1028 -0.0396 -0.9939
vn 0.0940 -0.0415 -0.9947
vn 0.1020 -0.0227 -0.9945
vn 0.1030 -0.0383 -0.9939
vn -0.9921 -0.1257 -0.0000
vn 0.1030 -0.0383 0.9939
vn 0.1020 -0.0227 0.9945
vn 0.0940 -0.0415 0.9947
vn 0.1028 -0.0396 0.9939
vn 0.9992 0.0389 0.0000
vn 0.9950 0.1002 0.0000
vn 0.0976 -0.0694 0.9928
vn 0.0976 -0.0694 -0.9928
vn 0.9998 -0.0196 0.0000
vn 0.9960 0.0898 0.0000
vn 0.0827 -0.0477 0.9954
vn 0.0605 0.0850 0.9945
vn 0.0599 0.0892 0.9942
vn 0.0828 -0.0477 0.9954
vn -0.9896 -0.1436 -0.0000
vn 0.0828 -0.0477 -0.9954
vn 0.0827 -0.0477 -0.9954
vn 0.0599 0.0892 -0.9942
vn 0.0187 0.4086 -0.9125
vn 0.0192 0.4047 -0.9142
vn 0.0605 0.0850 -0.9945
vn -0.9902 -0.1399 -0.0000
vn 0.9949 0.1004 0.0000
vn 0.0192 0.4047 0.9143
vn -0.0133 0.6406 0.7678
vn -0.0132 0.6398 0.7684
vn 0.0187 0.4086 0.9125
vn 0.9930 0.1183 0.0000
vn -0.9911 -0.1332 -0.0000
vn -0.0368 0.8065 0.5901
vn -0.0367 0.8061 0.5906
vn -0.9965 -0.0830 -0.0000
vn -0.0132 0.6398 -0.7684
vn -0.0133 0.6406 -0.7678
vn 0.9934 0.1145 0.0000
vn -0.0367 0.8061 -0.5906
vn -0.0619 0.9365 -0.3452
vn -0.0621 0.9371 -0.3436
vn -0.0368 0.8065 -0.5901
vn -0.9992 -0.0391 -0.0000
vn 0.9860 0.1669 0.0000
vn -0.0621 0.9371 0.3436
vn -0.0759 0.9894 0.1241
vn -0.0759 0.9892 0.1257
vn -0.0619 0.9365 0.3452
vn 0.9799 0.1994 0.0001
vn -0.9994 -0.0332 -0.0001
vn -0.9995 -0.0332 -0.0001
vn -0.0759 0.9894 -0.1240
vn -0.0759 0.9892 -0.1257
vn -0.9987 -0.0500 -0.0001
vn 0.9987 0.0500 0.0001
vn -0.0839 -0.0174 -0.9963
vn -0.0763 -0.0068 -0.9971
vn -0.0758 -0.0049 -0.9971
vn -0.0836 -0.0173 -0.9964
vn -0.9983 0.0586 -0.0005
vn -0.9950 0.1002 -0.0008
vn -0.0838 -0.0013 0.9965
vn -0.0760 0.0111 0.9970
vn -0.0765 0.0092 0.9970
vn -0.0842 -0.0014 0.9965
vn 0.9968 -0.0801 0.0006
vn 0.9982 -0.0601 0.0005
vn -0.1311 -0.2201 -0.9666
vn -0.1370 -0.2500 -0.9585
vn -0.2094 -0.7127 -0.6695
vn -0.2080 -0.6998 -0.6834
vn -0.9978 0.0661 -0.0005
vn -0.9978 0.0668 -0.0005
vn -0.1373 -0.2345 0.9624
vn -0.1313 -0.2046 0.9700
vn -0.2082 -0.6887 0.6945
vn -0.2095 -0.7018 0.6809
vn -0.2210 -0.8839 0.4122
vn 0.9999 -0.0154 0.0001
vn -0.2209 -0.8904 -0.3979
vn -0.9953 0.0966 -0.0008
vn -0.0727 0.0065 -0.9973
vn -0.0726 0.0068 -0.9973
vn -0.9806 0.1962 -0.0016
vn 0.9939 -0.1100 0.0009
vn 0.9797 -0.2007 0.0016
vn 0.9974 -0.0727 0.0006
vn -0.9948 0.1015 -0.0008
vn 0.2816 0.9088 0.3079
vn -0.9766 0.2152 -0.0017
vn -0.9625 0.2714 -0.0022
vn -0.0876 -0.0518 0.9948
vn -0.0878 -0.0525 0.9948
vn -0.0908 -0.0518 0.9945
vn -0.0907 -0.0522 0.9945
vn -0.9944 0.1060 -0.0008
vn -0.9997 0.0241 -0.0002
vn -0.0829 -0.0293 0.9961
vn -0.0823 -0.0265 0.9963
vn -0.0750 0.0099 0.9971
vn -0.0759 0.0053 0.9971
vn -0.0876 -0.0685 -0.9938
vn -0.0875 -0.0678 -0.9939
vn -0.0905 -0.0681 -0.9936
vn -0.0906 -0.0678 -0.9936
vn -0.0821 -0.0426 -0.9957
vn -0.0827 -0.0454 -0.9955
vn -0.0757 -0.0108 -0.9971
vn -0.0748 -0.0062 -0.9972
vn 0.9997 -0.0239 0.0002
vn 0.9968 0.0798 -0.0007
vn 0.9030 0.4296 -0.0035
vn 0.8147 0.5798 -0.0047
vn 0.8148 0.5797 -0.0047
vn -0.4394 -0.8983 0.0072
vn -0.4402 -0.8979 0.0072
vn -0.2844 -0.9587 0.0077
vn -0.2836 -0.9589 0.0077
vn -0.0928 -0.0316 0.9952
vn -0.0928 -0.0313 0.9952
vn -0.0926 -0.0473 -0.9946
vn -0.0926 -0.0476 -0.9946
vn -0.9970 -0.0779 0.0006
vn 0.9648 0.2630 -0.0021
vn -0.9079 -0.4191 0.0034
vn -0.9653 -0.2612 0.0021
vn -0.0934 0.0226 0.9954
vn -0.0928 0.0203 0.9955
vn -0.0920 -0.0013 0.9958
vn -0.0925 -0.0077 0.9957
vn -0.0918 -0.0172 -0.9956
vn -0.0924 -0.0236 -0.9954
vn -0.0927 0.0043 -0.9957
vn -0.0933 0.0066 -0.9956
vn -0.0604 -0.0215 0.9979
vn -0.0560 -0.0200 0.9982
vn -0.0389 -0.0410 0.9984
vn -0.0398 -0.0405 0.9984
vn 0.9766 -0.2152 0.0017
vn 0.9944 -0.1059 0.0008
vn -0.8205 -0.5716 0.0046
vn -0.8204 -0.5718 0.0046
vn -0.0442 -0.0441 -0.9980
vn -0.0477 -0.0455 -0.9978
vn -0.0212 -0.0638 -0.9977
vn -0.0201 -0.0643 -0.9977
vn -0.0850 0.0217 0.9961
vn -0.0837 0.0206 0.9963
vn -0.0821 0.0021 -0.9966
vn -0.0835 0.0035 -0.9965
vn -0.0880 -0.9961 0.0080
vn -0.0881 -0.9961 0.0080
vn -0.0340 -0.9994 0.0080
vn -0.0345 -0.9994 0.0080
vn -0.0082 -0.0598 0.9982
vn -0.0085 -0.0597 0.9982
vn 0.0093 -0.0575 0.9983
vn 0.0063 -0.0583 0.9983
vn -0.0039 -0.0790 -0.9969
vn -0.0039 -0.0791 -0.9969
vn -0.0253 -0.0837 -0.9962
vn -0.0317 -0.0850 -0.9959
vn -0.1351 -0.9908 0.0080
vn -0.1352 -0.9908 0.0080
vn -0.0011 -0.0789 -0.9969
vn -0.0013 -0.0789 -0.9969
vn -0.2045 -0.9788 0.0079
vn -0.2043 -0.9789 0.0079
vn -0.0090 -0.0572 0.9983
vn -0.0089 -0.0572 0.9983
vn 0.0117 -0.0793 -0.9968
vn 0.0875 0.9961 -0.0080
vn 0.0874 0.9961 -0.0080
vn 0.0413 0.9991 -0.0080
vn 0.0410 0.9991 -0.0080
vn 0.6395 0.7688 -0.0062
vn 0.6401 0.7682 -0.0062
vn 0.4355 0.9002 -0.0072
vn 0.4363 0.8998 -0.0072
vn -0.6421 -0.7666 0.0062
vn -0.6427 -0.7661 0.0062
vn -0.0601 -0.0021 0.9982
vn -0.0592 -0.0030 0.9982
vn -0.0538 -0.0245 -0.9983
vn -0.0526 -0.0255 -0.9983
vn 0.2851 0.9585 -0.0077
vn 0.2860 0.9582 -0.0077
vn -0.0122 -0.0586 0.9982
vn -0.0715 0.0113 -0.9974
vn -0.0716 0.0110 -0.9974
vn -0.0717 0.0273 0.9970
vn -0.0718 0.0271 0.9971
vn -0.9661 0.2583 -0.0021
vn -0.0728 0.0229 0.9971
vn -0.0729 0.0226 0.9971
vn 0.0616 0.0619 -0.9962
vn 0.0729 0.0385 -0.9966
vn 0.0734 0.0378 -0.9966
vn 0.0623 0.0617 -0.9961
vn -0.6589 -0.7522 0.0060
vn -0.8109 -0.5851 0.0047
vn -0.8116 -0.5842 0.0047
vn -0.9967 -0.0806 0.0006
vn -0.9982 -0.0601 0.0005
vn 0.1315 -0.2201 -0.9666
vn 0.2083 -0.6997 -0.6834
vn 0.2097 -0.7127 -0.6694
vn 0.1374 -0.2499 -0.9585
vn 0.9978 0.0661 -0.0005
vn 0.9978 0.0668 -0.0005
vn 0.1377 -0.2345 0.9623
vn 0.2098 -0.7018 0.6808
vn 0.2084 -0.6887 0.6945
vn 0.1318 -0.2045 0.9699
vn 0.2022 -0.9118 0.3573
vn 0.2020 -0.9121 0.3567
vn -0.9995 -0.0312 0.0002
vn 0.2019 -0.9177 -0.3420
vn 0.2021 -0.9175 -0.3426
vn 0.9953 0.0966 -0.0008
vn 0.9962 0.0876 -0.0007
vn 0.0910 -0.0167 -0.9957
vn 0.0911 -0.0164 -0.9957
vn -0.9951 -0.0992 0.0008
vn 0.0849 -0.0003 0.9964
vn 0.0854 -0.0006 0.9963
vn 0.9948 0.1015 -0.0008
vn -0.9836 -0.1803 0.0014
vn 0.6603 0.7509 -0.0060
vn 0.8158 0.5784 -0.0046
vn 0.0332 0.0295 0.9990
vn 0.0333 0.0294 0.9990
vn 0.0386 0.0216 0.9990
vn 0.0376 0.0231 0.9990
vn 0.0779 0.0421 -0.9961
vn 0.0777 0.0423 -0.9961
vn 0.0879 0.0273 -0.9958
vn 0.0903 0.0238 -0.9956
vn -0.8401 -0.5424 0.0043
vn -0.9349 -0.3549 0.0028
vn -0.9983 0.0590 -0.0005
vn -0.9813 0.1925 -0.0016
vn 0.0469 0.0056 0.9989
vn 0.0474 0.0047 0.9989
vn 0.0502 -0.0017 0.9987
vn 0.0502 -0.0019 0.9987
vn 0.1108 -0.0157 -0.9937
vn 0.1095 -0.0136 -0.9939
vn 0.1173 -0.0313 -0.9926
vn 0.1172 -0.0307 -0.9926
vn 0.1007 0.0044 -0.9949
vn 0.1007 0.0043 -0.9949
vn 0.9349 0.3549 -0.0028
vn 0.9921 0.1257 -0.0010
vn 0.9921 0.1258 -0.0010
vn -0.9926 -0.1216 0.0010
vn 0.0430 0.0133 0.9990
vn 0.0032 -0.1553 -0.9879
vn 0.0042 -0.1615 -0.9869
vn -0.0255 -0.1095 -0.9937
vn -0.0284 -0.1074 -0.9938
vn 0.0208 -0.0392 0.9990
vn 0.0240 -0.0335 0.9992
vn 0.0340 -0.0213 0.9992
vn 0.0351 -0.0206 0.9992
vn 0.0592 -0.0997 -0.9933
vn 0.0538 -0.1094 -0.9925
vn 0.0821 -0.0749 -0.9938
vn 0.0795 -0.0766 -0.9939
vn -0.5494 0.8356 -0.0067
vn -0.7636 0.6457 -0.0052
vn -0.9222 0.3867 -0.0031
vn 0.0276 -0.1491 -0.9884
vn 0.0317 -0.1435 -0.9891
vn 0.0118 -0.1765 -0.9842
vn 0.0110 -0.1797 -0.9837
vn -0.3175 0.9482 -0.0076
vn -0.1508 0.9885 -0.0079
vn 0.0079 -0.0591 0.9982
vn 0.0055 -0.0625 0.9980
vn -0.0015 -0.0779 0.9970
vn -0.0017 -0.0767 0.9971
vn -0.0006 -0.0735 0.9973
vn -0.0005 -0.0717 0.9974
vn 0.0100 -0.0591 0.9982
vn 0.0089 -0.0596 0.9982
vn 0.3216 -0.9468 0.0076
vn 0.1548 -0.9879 0.0079
vn -0.0497 0.9987 -0.0080
vn 0.0140 0.9999 -0.0080
vn 0.0143 0.9999 -0.0080
vn 0.9816 -0.1908 0.0015
vn 0.9184 -0.3956 0.0032
vn 0.0455 -0.0108 0.9989
vn 0.0453 -0.0110 0.9989
vn -0.0107 -0.9999 0.0080
vn 0.5557 -0.8313 0.0067
vn 0.1059 -0.0524 -0.9930
vn 0.1062 -0.0520 -0.9930
vn 0.0454 -0.9989 0.0080
vn 0.9986 -0.0525 0.0004
vn 0.0298 0.0343 0.9990
vn 0.0295 0.0348 0.9990
vn 0.0277 0.0401 0.9988
vn 0.0278 0.0409 0.9988
vn 0.8401 0.5424 -0.0043
vn 0.7454 0.6666 -0.0053
vn -0.7454 -0.6666 0.0053
vn 0.0690 0.0546 -0.9961
vn 0.0697 0.0536 -0.9961
vn 0.0641 0.0157 0.9978
vn 0.0708 0.0104 0.9974
vn 0.9735 0.2289 -0.0018
vn -0.9716 -0.2367 0.0019
vn -0.9714 -0.2373 0.0019
vn 0.0903 -0.0033 -0.9959
vn 0.0888 0.0038 -0.9960
vn 0.7628 -0.6466 0.0052
vn 0.1347 0.9908 -0.0080
vn 0.1348 0.9908 -0.0080
vn -0.9914 0.1311 -0.0010
vn -0.3561 -0.9344 0.0075
vn 0.2817 0.9037 -0.3224
vn 0.1655 -0.9739 0.1551
vn 0.1658 -0.9734 0.1579
vn 0.1654 -0.9763 -0.1396
vn 0.1658 -0.9758 -0.1423
vn 0.1697 0.9855 -0.0079
vn 0.1695 0.9855 -0.0079
vn 0.2044 0.9789 -0.0079
vn 0.2042 0.9789 -0.0079
vn -0.1700 -0.9854 0.0079
vn -0.1697 -0.9855 0.0079
vn -0.0106 -0.0581 0.9983
vn -0.0107 -0.0581 0.9983
vn 0.0052 -0.0794 -0.9968
vn 0.0051 -0.0794 -0.9968
vn 0.9660 -0.2584 0.0021
vn 0.9624 -0.2715 0.0022
vn 0.0413 0.0335 0.9986
vn 0.0417 0.0331 0.9986
vn 0.4917 -0.4836 0.7242
vn 0.0903 -0.5095 0.8557
vn 0.0451 -0.8683 0.4940
vn 0.4534 -0.7871 0.4181
vn 0.6350 0.6494 0.4183
vn 0.2598 0.8296 0.4942
vn 0.2142 0.4708 0.8558
vn 0.5965 0.3458 0.7243
vn 0.4923 -0.4835 -0.7238
vn 0.0911 -0.5094 -0.8557
vn 0.1531 -0.0192 -0.9880
vn 0.5448 -0.0687 -0.8357
vn 0.5972 0.3459 -0.7237
vn 0.2150 0.4709 -0.8556
vn 0.2602 0.8297 -0.4939
vn 0.6354 0.6495 -0.4176
vn 0.0288 -0.9996 -0.0001
vn 0.4396 -0.8982 0.0001
vn 0.1522 -0.0194 0.9882
vn 0.5440 -0.0689 0.8362
vn 0.2766 0.9610 0.0002
vn 0.6493 0.7606 0.0004
vn 0.0456 -0.8682 -0.4941
vn 0.4538 -0.7871 -0.4178
vn 0.8858 0.1444 0.4411
vn 0.9092 0.3292 0.2549
vn 0.8543 -0.1079 -0.5084
vn 0.8224 -0.3603 -0.4403
vn 0.9095 0.3292 -0.2539
vn 0.8862 0.1445 -0.4402
vn 0.7903 -0.6128 0.0003
vn 0.7987 -0.5451 0.2547
vn 0.8539 -0.1080 0.5092
vn 0.9179 0.3968 0.0005
vn 0.7989 -0.5451 -0.2541
vn 0.8220 -0.3604 0.4410
vn 0.9735 0.0097 0.2286
vn 0.9856 0.1054 0.1322
vn 0.9572 -0.1210 -0.2630
vn 0.9406 -0.2517 -0.2278
vn 0.9857 0.1054 -0.1313
vn 0.9737 0.0097 -0.2277
vn 0.9240 -0.3824 0.0004
vn 0.9284 -0.3474 0.1321
vn 0.9569 -0.1210 0.2639
vn 0.9901 0.1404 0.0005
vn 0.9285 -0.3474 -0.1313
vn 0.9404 -0.2517 0.2286
vn 0.9744 -0.2249 0.0004
vn 0.9761 -0.2115 0.0509
vn 0.9870 -0.1248 0.1014
vn 0.9933 -0.0747 0.0879
vn 0.9997 -0.0246 0.0005
vn 0.9980 -0.0380 -0.0500
vn 0.9761 -0.2115 -0.0500
vn 0.9807 -0.1749 0.0879
vn 0.9980 -0.0381 0.0509
vn 0.9807 -0.1748 -0.0870
vn 0.9871 -0.1248 -0.1005
vn 0.9934 -0.0747 -0.0870
vn 0.9921 -0.1254 0.0004
vn 0.0623 0.4960 0.8661
vn -0.0005 -0.0001 1.0000
vn 0.1089 0.8592 -0.4999
vn 0.1254 0.9921 0.0001
vn -0.1254 -0.9921 -0.0002
vn -0.1084 -0.8591 -0.5001
vn -0.0631 -0.4961 0.8660
vn 0.1084 0.8591 0.5001
vn -0.0623 -0.4960 -0.8661
vn 0.0005 0.0001 -1.0000
vn 0.0631 0.4961 -0.8660
vn -0.1088 -0.8592 0.4999
vn -0.9921 0.1254 -0.0004
vn -0.9921 0.1254 -0.0005
vn 0.0965 0.8644 0.4935
vn 0.0916 0.9958 -0.0054
vn 0.0920 0.9957 0.0058
vn 0.0962 0.8567 0.5068
vn -0.0745 -0.4877 -0.8698
vn -0.0962 -0.8567 -0.5067
vn -0.0964 -0.8644 -0.4934
vn -0.0755 -0.5010 -0.8622
vn 0.0171 0.5031 -0.8640
vn -0.0330 0.0099 -0.9994
vn -0.0340 -0.0012 -0.9994
vn 0.0167 0.4997 -0.8660
vn -0.0629 -0.8652 0.4975
vn -0.0167 -0.4997 0.8660
vn -0.0171 -0.5031 0.8640
vn -0.0626 -0.8631 0.5012
vn 0.0755 0.5010 0.8622
vn 0.0745 0.4877 0.8698
vn 0.0626 0.8631 -0.5012
vn 0.0629 0.8652 -0.4975
vn -0.0920 -0.9957 -0.0058
vn -0.0916 -0.9958 0.0055
vn 0.0340 0.0012 0.9994
vn 0.0330 -0.0099 0.9994
vn 0.9686 -0.2046 -0.1414
vn 0.9612 -0.2636 -0.0813
vn 0.9612 -0.2638 -0.0809
vn 0.9685 -0.2050 -0.1412
vn -0.0965 -0.8644 -0.4934
vn -0.9612 0.2636 0.0813
vn -0.9686 0.2046 0.1414
vn -0.9685 0.2050 0.1412
vn -0.9612 0.2638 0.0809
vn 0.0916 0.9958 -0.0055
vn 0.9787 -0.1235 -0.1637
vn 0.9787 -0.1238 -0.1637
vn -0.9787 0.1235 0.1637
vn -0.9787 0.1238 0.1637
vn 0.9890 -0.0427 0.1414
vn 0.9965 0.0169 0.0820
vn 0.9965 0.0167 0.0824
vn 0.9890 -0.0431 0.1416
vn -0.9965 -0.0176 0.0818
vn -0.9992 -0.0391 -0.0003
vn -0.9992 -0.0391 -0.0006
vn -0.9965 -0.0177 0.0817
vn -0.0755 -0.5009 -0.8622
vn 0.9789 -0.1236 0.1628
vn 0.9788 -0.1239 0.1628
vn 0.0962 0.8567 0.5067
vn -0.9890 0.0420 0.1420
vn -0.9890 0.0421 0.1420
vn 0.9586 -0.2848 0.0002
vn 0.9613 -0.2630 0.0814
vn 0.9614 -0.2630 0.0815
vn 0.9586 -0.2848 0.0005
vn 0.9688 -0.2041 0.1408
vn 0.9688 -0.2042 0.1407
vn -0.9586 0.2848 -0.0002
vn -0.9586 0.2848 -0.0005
vn -0.0170 -0.5031 0.8640
vn -0.9890 0.0427 -0.1414
vn -0.9789 0.1236 -0.1628
vn -0.9788 0.1239 -0.1628
vn -0.9890 0.0431 -0.1416
vn 0.9890 -0.0420 -0.1420
vn 0.9890 -0.0421 -0.1420
vn -0.9965 -0.0169 -0.0820
vn -0.9965 -0.0167 -0.0824
vn 0.9992 0.0392 0.0003
vn 0.9965 0.0176 -0.0818
vn 0.9965 0.0177 -0.0817
vn 0.9992 0.0391 0.0006
vn -0.9688 0.2041 -0.1408
vn -0.9688 0.2042 -0.1408
vn -0.9614 0.2630 -0.0814
vn -0.9614 0.2630 -0.0815
vn -0.1254 -0.9921 -0.0001
vn 0.0631 0.4961 -0.8659
vn 0.1088 0.8592 -0.4999
vn -0.4917 -0.4836 0.7242
vn -0.4534 -0.7871 0.4181
vn -0.0451 -0.8683 0.4940
vn -0.0903 -0.5095 0.8557
vn -0.6350 0.6494 0.4183
vn -0.5965 0.3458 0.7243
vn -0.2142 0.4708 0.8558
vn -0.2598 0.8296 0.4942
vn -0.4923 -0.4835 -0.7238
vn -0.5448 -0.0687 -0.8357
vn -0.1531 -0.0192 -0.9880
vn -0.0911 -0.5094 -0.8557
vn -0.5972 0.3459 -0.7237
vn -0.6354 0.6495 -0.4176
vn -0.2602 0.8297 -0.4939
vn -0.2150 0.4709 -0.8556
vn -0.4396 -0.8982 0.0001
vn -0.0288 -0.9996 -0.0001
vn -0.5440 -0.0689 0.8362
vn -0.1522 -0.0194 0.9882
vn -0.6493 0.7606 0.0004
vn -0.2766 0.9610 0.0002
vn -0.4538 -0.7870 -0.4178
vn -0.0456 -0.8682 -0.4941
vn -0.9092 0.3292 0.2549
vn -0.8858 0.1444 0.4411
vn -0.8224 -0.3603 -0.4403
vn -0.8543 -0.1079 -0.5084
vn -0.8862 0.1445 -0.4402
vn -0.9095 0.3292 -0.2539
vn -0.7987 -0.5451 0.2547
vn -0.7903 -0.6128 0.0003
vn -0.8539 -0.1080 0.5092
vn -0.9179 0.3968 0.0005
vn -0.7989 -0.5451 -0.2541
vn -0.8220 -0.3604 0.4410
vn -0.9856 0.1054 0.1322
vn -0.9735 0.0097 0.2286
vn -0.9406 -0.2517 -0.2278
vn -0.9572 -0.1210 -0.2630
vn -0.9737 0.0097 -0.2277
vn -0.9857 0.1054 -0.1313
vn -0.9284 -0.3474 0.1321
vn -0.9240 -0.3824 0.0004
vn -0.9569 -0.1210 0.2639
vn -0.9901 0.1404 0.0005
vn -0.9285 -0.3474 -0.1313
vn -0.9404 -0.2517 0.2286
vn -0.9761 -0.2115 0.0509
vn -0.9744 -0.2249 0.0004
vn -0.9933 -0.0747 0.0879
vn -0.9870 -0.1248 0.1014
vn -0.9980 -0.0380 -0.0500
vn -0.9997 -0.0246 0.0005
vn -0.9761 -0.2115 -0.0500
vn -0.9807 -0.1749 0.0879
vn -0.9980 -0.0381 0.0509
vn -0.9807 -0.1748 -0.0870
vn -0.9871 -0.1248 -0.1005
vn -0.9934 -0.0747 -0.0870
vn -0.9921 -0.1254 0.0004
vn 0.0005 -0.0001 1.0000
vn -0.0623 0.4960 0.8661
vn -0.1254 0.9921 0.0001
vn -0.1089 0.8592 -0.4999
vn 0.1084 -0.8591 -0.5001
vn 0.1254 -0.9921 -0.0002
vn 0.0631 -0.4961 0.8660
vn -0.1084 0.8591 0.5001
vn 0.0623 -0.4960 -0.8661
vn -0.0631 0.4961 -0.8660
vn -0.0005 0.0001 -1.0000
vn 0.1088 -0.8592 0.4999
vn 0.9921 0.1254 -0.0005
vn 0.9921 0.1254 -0.0004
vn -0.0965 0.8644 0.4935
vn -0.0962 0.8567 0.5068
vn -0.0920 0.9957 0.0058
vn -0.0916 0.9958 -0.0054
vn 0.0745 -0.4877 -0.8698
vn 0.0755 -0.5009 -0.8622
vn 0.0964 -0.8644 -0.4934
vn 0.0962 -0.8567 -0.5067
vn -0.0171 0.5031 -0.8641
vn -0.0167 0.4997 -0.8660
vn 0.0340 -0.0012 -0.9994
vn 0.0330 0.0099 -0.9994
vn 0.0629 -0.8652 0.4975
vn 0.0626 -0.8631 0.5012
vn 0.0171 -0.5031 0.8640
vn 0.0167 -0.4997 0.8660
vn -0.0755 0.5010 0.8622
vn -0.0745 0.4877 0.8698
vn -0.0626 0.8631 -0.5012
vn -0.0629 0.8652 -0.4975
vn 0.0920 -0.9957 -0.0058
vn 0.0916 -0.9958 0.0055
vn -0.0340 0.0012 0.9994
vn -0.0330 -0.0099 0.9994
vn -0.9686 -0.2046 -0.1414
vn -0.9685 -0.2050 -0.1412
vn -0.9612 -0.2638 -0.0809
vn -0.9612 -0.2636 -0.0813
vn 0.0965 -0.8644 -0.4934
vn 0.9612 0.2636 0.0813
vn 0.9612 0.2638 0.0809
vn 0.9685 0.2050 0.1412
vn 0.9686 0.2046 0.1414
vn -0.9787 -0.1235 -0.1637
vn -0.9787 -0.1238 -0.1637
vn 0.9787 0.1238 0.1637
vn 0.9787 0.1235 0.1637
vn -0.9890 -0.0427 0.1414
vn -0.9890 -0.0431 0.1416
vn -0.9965 0.0167 0.0824
vn -0.9965 0.0169 0.0820
vn -0.0171 0.5031 -0.8640
vn 0.9965 -0.0176 0.0818
vn 0.9965 -0.0177 0.0817
vn 0.9992 -0.0391 -0.0006
vn 0.9992 -0.0391 -0.0003
vn -0.9789 -0.1236 0.1628
vn -0.9788 -0.1239 0.1628
vn 0.9890 0.0421 0.1420
vn 0.9890 0.0420 0.1420
vn -0.9586 -0.2848 0.0002
vn -0.9586 -0.2848 0.0005
vn -0.9614 -0.2630 0.0815
vn -0.9613 -0.2630 0.0814
vn -0.9688 -0.2041 0.1408
vn -0.9688 -0.2042 0.1407
vn 0.9586 0.2848 -0.0002
vn 0.9586 0.2848 -0.0005
vn 0.0170 -0.5031 0.8640
vn -0.0916 0.9958 -0.0055
vn 0.0755 -0.5010 -0.8622
vn -0.0962 0.8567 0.5067
vn 0.9890 0.0427 -0.1414
vn 0.9890 0.0431 -0.1416
vn 0.9788 0.1239 -0.1628
vn 0.9789 0.1236 -0.1628
vn -0.9890 -0.0420 -0.1420
vn -0.9890 -0.0421 -0.1420
vn 0.9965 -0.0169 -0.0820
vn 0.9965 -0.0167 -0.0824
vn -0.9992 0.0392 0.0003
vn -0.9992 0.0392 0.0006
vn -0.9965 0.0177 -0.0817
vn -0.9965 0.0176 -0.0818
vn 0.9688 0.2042 -0.1408
vn 0.9688 0.2041 -0.1408
vn 0.9614 0.2630 -0.0814
vn 0.9614 0.2630 -0.0815
vn -0.0631 0.4961 -0.8659
vn -0.1088 0.8592 -0.4999
g Kettle_Kettle_Material.002
usemtl Material.002
s 1
f 8/1/1 57/2/2 58/3/3 9/4/4
f 5/5/5 54/6/6 55/7/7 6/8/8
f 12/9/9 61/10/10 50/11/11 1/12/12
f 2/13/13 51/14/14 52/15/15 3/16/16
f 9/4/4 58/3/3 59/17/17 10/18/18
f 6/8/8 55/7/7 56/19/19 7/20/20
f 3/16/16 52/15/15 53/21/21 4/22/22
f 10/18/18 59/17/17 60/23/23 11/24/24
f 7/20/20 56/19/19 57/2/2 8/1/1
f 4/22/22 53/21/21 54/6/6 5/5/5
f 11/24/24 60/23/23 61/10/10 12/9/9
f 5/25/5 6/26/8 18/27/25 17/28/26
f 12/29/9 1/30/12 13/31/27 24/32/28
f 2/33/13 3/34/16 15/35/29 14/36/30
f 9/37/4 10/38/18 22/39/31 21/40/32
f 6/26/8 7/41/20 19/42/33 18/27/25
f 3/34/16 4/43/22 16/44/34 15/35/29
f 10/38/18 11/45/24 23/46/35 22/39/31
f 7/41/20 8/47/1 20/48/36 19/42/33
f 4/43/22 5/25/5 17/28/26 16/44/34
f 11/45/24 12/29/9 24/32/28 23/46/35
f 1/30/12 2/33/13 14/36/30 13/31/27
f 8/47/1 9/37/4 21/40/32 20/48/36
f 17/28/26 18/27/25 30/49/37 29/50/38
f 24/32/28 13/31/27 25/51/39 36/52/40
f 14/36/30 15/35/29 27/53/41 26/54/42
f 21/40/32 22/39/31 34/55/43 33/56/44
f 18/27/25 19/42/33 31/57/45 30/49/37
f 15/35/29 16/44/34 28/58/46 27/53/41
f 22/39/31 23/46/35 35/59/47 34/55/43
f 19/42/33 20/48/36 32/60/48 31/57/45
f 16/44/34 17/28/26 29/50/38 28/58/46
f 23/46/35 24/32/28 36/52/40 35/59/47
f 13/31/27 14/36/30 26/54/42 25/51/39
f 20/48/36 21/40/32 33/56/44 32/60/48
f 34/55/43 46/61/49 45/62/50 33/56/44
f 31/57/45 43/63/51 42/64/52 30/49/37
f 28/58/46 40/65/53 39/66/54 27/53/41
f 35/59/47 47/67/55 46/61/49 34/55/43
f 32/60/48 44/68/56 43/63/51 31/57/45
f 29/50/38 41/69/57 40/65/53 28/58/46
f 36/52/40 48/70/58 47/67/55 35/59/47
f 33/56/44 45/62/50 44/68/56 32/60/48
f 30/49/37 42/64/52 41/69/57 29/50/38
f 25/51/39 37/71/59 48/70/58 36/52/40
f 27/53/41 39/66/54 38/72/60 26/54/42
f 47/67/55 48/70/58 49/73/61
f 37/71/59 38/72/60 49/73/61
f 44/68/56 45/62/50 49/73/61
f 41/69/57 42/64/52 49/73/61
f 48/70/58 37/71/59 49/73/61
f 38/72/60 39/66/54 49/73/61
f 45/62/50 46/61/49 49/73/61
f 42/64/52 43/63/51 49/73/61
f 39/66/54 40/65/53 49/73/61
f 46/61/49 47/67/55 49/73/61
f 43/63/51 44/68/56 49/73/61
f 40/65/53 41/69/57 49/73/61
f 56/19/19 55/7/7 67/74/62 68/75/63
f 53/21/21 52/15/15 64/76/64 65/77/65
f 60/23/23 59/17/17 71/78/66 72/79/67
f 57/2/2 56/19/19 68/75/63 69/80/68
f 54/6/6 53/21/21 65/77/65 66/81/69
f 61/10/10 60/23/23 72/79/67 73/82/70
f 51/14/14 50/83/11 62/84/71 63/85/72
f 58/3/3 57/2/2 69/80/68 70/86/73
f 55/7/7 54/6/6 66/81/69 67/74/62
f 50/11/11 61/10/10 73/82/70 62/87/71
f 52/15/15 51/14/14 63/85/72 64/76/64
f 59/17/17 58/3/3 70/86/73 71/78/66
f 1/88/12 50/83/11 51/14/14 2/13/13
f 26/54/42 38/72/60 37/71/59 25/51/39
f 81/89/74 82/90/75 131/91/76 130/92/77
f 78/93/78 79/94/79 128/95/80 127/96/81
f 85/97/82 74/98/83 123/99/84 134/100/85
f 75/101/86 76/102/87 125/103/88 124/104/89
f 82/90/75 83/105/90 132/106/91 131/91/76
f 79/94/79 80/107/92 129/108/93 128/95/80
f 76/102/87 77/109/94 126/110/95 125/103/88
f 83/105/90 84/111/96 133/112/97 132/106/91
f 80/107/92 81/89/74 130/92/77 129/108/93
f 77/109/94 78/93/78 127/96/81 126/110/95
f 84/111/96 85/97/82 134/100/85 133/112/97
f 78/113/78 90/114/98 91/115/99 79/116/79
f 85/117/82 97/118/100 86/119/101 74/120/83
f 75/121/86 87/122/102 88/123/103 76/124/87
f 82/125/75 94/126/104 95/127/105 83/128/90
f 79/116/79 91/115/99 92/129/106 80/130/92
f 76/124/87 88/123/103 89/131/107 77/132/94
f 83/128/90 95/127/105 96/133/108 84/134/96
f 80/130/92 92/129/106 93/135/109 81/136/74
f 77/132/94 89/131/107 90/114/98 78/113/78
f 84/134/96 96/133/108 97/118/100 85/117/82
f 74/120/83 86/119/101 87/122/102 75/121/86
f 81/136/74 93/135/109 94/126/104 82/125/75
f 90/114/98 102/137/110 103/138/111 91/115/99
f 97/118/100 109/139/112 98/140/113 86/119/101
f 87/122/102 99/141/114 100/142/115 88/123/103
f 94/126/104 106/143/116 107/144/117 95/127/105
f 91/115/99 103/138/111 104/145/118 92/129/106
f 88/123/103 100/142/115 101/146/119 89/131/107
f 95/127/105 107/144/117 108/147/120 96/133/108
f 92/129/106 104/145/118 105/148/121 93/135/109
f 89/131/107 101/146/119 102/137/110 90/114/98
f 96/133/108 108/147/120 109/139/112 97/118/100
f 86/119/101 98/140/113 99/141/114 87/122/102
f 93/135/109 105/148/121 106/143/116 94/126/104
f 107/144/117 106/143/116 118/149/122 119/150/123
f 104/145/118 103/138/111 115/151/124 116/152/125
f 101/146/119 100/142/115 112/153/126 113/154/127
f 108/147/120 107/144/117 119/150/123 120/155/128
f 105/148/121 104/145/118 116/152/125 117/156/129
f 102/137/110 101/146/119 113/154/127 114/157/130
f 109/139/112 108/147/120 120/155/128 121/158/131
f 106/143/116 105/148/121 117/156/129 118/149/122
f 103/138/111 102/137/110 114/157/130 115/151/124
f 98/140/113 109/139/112 121/158/131 110/159/132
f 100/142/115 99/141/114 111/160/133 112/153/126
f 120/155/128 122/161/134 121/158/131
f 110/159/132 122/161/134 111/160/133
f 117/156/129 122/161/134 118/149/122
f 114/157/130 122/161/134 115/151/124
f 121/158/131 122/161/134 110/159/132
f 111/160/133 122/161/134 112/153/126
f 118/149/122 122/161/134 119/150/123
f 115/151/124 122/161/134 116/152/125
f 112/153/126 122/161/134 113/154/127
f 119/150/123 122/161/134 120/155/128
f 116/152/125 122/161/134 117/156/129
f 113/154/127 122/161/134 114/157/130
f 129/108/93 141/162/63 140/163/135 128/95/80
f 126/110/95 138/164/136 137/165/137 125/103/88
f 133/112/97 145/166/138 144/167/139 132/106/91
f 130/92/77 142/168/140 141/162/63 129/108/93
f 127/96/81 139/169/141 138/164/136 126/110/95
f 134/100/85 146/170/142 145/166/138 133/112/97
f 124/104/89 136/171/143 135/172/71 123/173/84
f 131/91/76 143/174/144 142/168/140 130/92/77
f 128/95/80 140/163/135 139/169/141 127/96/81
f 123/99/84 135/175/71 146/170/142 134/100/85
f 125/103/88 137/165/137 136/171/143 124/104/89
f 132/106/91 144/167/139 143/174/144 131/91/76
f 74/176/83 75/101/86 124/104/89 123/173/84
f 99/141/114 98/140/113 110/159/132 111/160/133
f 154/177/145 155/178/24 204/179/23 203/180/10
f 151/181/16 152/182/13 201/183/14 200/184/15
f 158/185/146 147/186/20 196/187/19 207/188/2
f 148/189/8 149/190/5 198/191/6 197/192/7
f 155/178/24 156/193/18 205/194/17 204/179/23
f 152/182/13 153/195/12 202/196/11 201/183/14
f 149/190/5 150/197/22 199/198/21 198/191/6
f 156/193/18 157/199/4 206/200/3 205/194/17
f 153/195/12 154/177/145 203/180/10 202/196/11
f 150/197/22 151/181/16 200/184/15 199/198/21
f 157/199/4 158/185/146 207/188/2 206/200/3
f 151/201/16 163/202/29 164/203/30 152/204/13
f 158/205/146 170/206/36 159/207/33 147/208/20
f 148/209/8 160/210/25 161/211/26 149/212/5
f 155/213/24 167/214/35 168/215/31 156/216/18
f 152/204/13 164/203/30 165/217/27 153/218/12
f 149/212/5 161/211/26 162/219/34 150/220/22
f 156/216/18 168/215/31 169/221/32 157/222/4
f 153/218/12 165/217/27 166/223/28 154/224/145
f 150/220/22 162/219/34 163/202/29 151/201/16
f 157/222/4 169/221/32 170/206/36 158/205/146
f 147/208/20 159/207/33 160/210/25 148/209/8
f 154/224/145 166/223/28 167/214/35 155/213/24
f 163/202/29 175/225/41 176/226/42 164/203/30
f 170/206/36 182/227/48 171/228/45 159/207/33
f 160/210/25 172/229/37 173/230/38 161/211/26
f 167/214/35 179/231/47 180/232/43 168/215/31
f 164/203/30 176/226/42 177/233/39 165/217/27
f 161/211/26 173/230/38 174/234/46 162/219/34
f 168/215/31 180/232/43 181/235/44 169/221/32
f 165/217/27 177/233/39 178/236/40 166/223/28
f 162/219/34 174/234/46 175/225/41 163/202/29
f 169/221/32 181/235/44 182/227/48 170/206/36
f 159/207/33 171/228/45 172/229/37 160/210/25
f 166/223/28 178/236/40 179/231/47 167/214/35
f 180/232/43 179/231/47 191/237/147 192/238/49
f 177/233/39 176/226/42 188/239/60 189/240/59
f 174/234/46 173/230/38 185/241/57 186/242/53
f 181/235/44 180/232/43 192/238/49 193/243/148
f 178/236/40 177/233/39 189/240/59 190/244/58
f 175/225/41 174/234/46 186/242/53 187/245/54
f 182/227/48 181/235/44 193/243/148 194/246/56
f 179/231/47 178/236/40 190/244/58 191/237/147
f 176/226/42 175/225/41 187/245/54 188/239/60
f 171/228/45 182/227/48 194/246/56 183/247/51
f 173/230/38 172/229/37 184/248/52 185/241/57
f 193/243/148 195/249/61 194/246/56
f 183/247/51 195/249/61 184/248/52
f 190/244/58 195/249/61 191/237/147
f 187/245/54 195/249/61 188/239/60
f 194/246/56 195/249/61 183/247/51
f 184/248/52 195/249/61 185/241/57
f 191/237/147 195/249/61 192/238/49
f 188/239/60 195/249/61 189/240/59
f 185/241/57 195/249/61 186/242/53
f 192/238/49 195/249/61 193/243/148
f 189/240/59 195/249/61 190/244/58
f 186/242/53 195/249/61 187/245/54
f 202/196/11 214/250/71 213/251/72 201/183/14
f 199/198/21 211/252/65 210/253/69 198/191/6
f 206/200/3 218/254/73 217/255/66 205/194/17
f 203/180/10 215/256/70 214/250/71 202/196/11
f 200/184/15 212/257/64 211/252/65 199/198/21
f 207/188/2 219/258/68 218/254/73 206/200/3
f 197/192/7 209/259/62 208/260/63 196/261/19
f 204/179/23 216/262/67 215/256/70 203/180/10
f 201/183/14 213/251/72 212/257/64 200/184/15
f 196/187/19 208/263/63 219/258/68 207/188/2
f 198/191/6 210/253/69 209/259/62 197/192/7
f 205/194/17 217/255/66 216/262/67 204/179/23
f 147/264/20 148/189/8 197/192/7 196/261/19
f 172/229/37 171/228/45 183/247/51 184/248/52
f 227/265/149 276/266/85 277/267/97 228/268/96
f 224/269/87 273/270/88 274/271/89 225/272/86
f 231/273/150 280/274/77 269/275/93 220/276/92
f 221/277/79 270/278/80 271/279/81 222/280/78
f 228/268/96 277/267/97 278/281/91 229/282/90
f 225/272/86 274/271/89 275/283/84 226/284/83
f 222/280/78 271/279/81 272/285/95 223/286/94
f 229/282/90 278/281/91 279/287/76 230/288/75
f 226/284/83 275/283/84 276/266/85 227/265/149
f 223/286/94 272/285/95 273/270/88 224/269/87
f 230/288/75 279/287/76 280/274/77 231/273/150
f 224/289/87 225/290/86 237/291/102 236/292/103
f 231/293/150 220/294/92 232/295/106 243/296/109
f 221/297/79 222/298/78 234/299/98 233/300/99
f 228/301/96 229/302/90 241/303/105 240/304/108
f 225/290/86 226/305/83 238/306/101 237/291/102
f 222/298/78 223/307/94 235/308/107 234/299/98
f 229/302/90 230/309/75 242/310/104 241/303/105
f 226/305/83 227/311/149 239/312/100 238/306/101
f 223/307/94 224/289/87 236/292/103 235/308/107
f 230/309/75 231/293/150 243/296/109 242/310/104
f 220/294/92 221/297/79 233/300/99 232/295/106
f 227/311/149 228/301/96 240/304/108 239/312/100
f 236/292/103 237/291/102 249/313/114 248/314/115
f 243/296/109 232/295/106 244/315/118 255/316/121
f 233/300/99 234/299/98 246/317/110 245/318/111
f 240/304/108 241/303/105 253/319/117 252/320/120
f 237/291/102 238/306/101 250/321/113 249/313/114
f 234/299/98 235/308/107 247/322/119 246/317/110
f 241/303/105 242/310/104 254/323/116 253/319/117
f 238/306/101 239/312/100 251/324/112 250/321/113
f 235/308/107 236/292/103 248/314/115 247/322/119
f 242/310/104 243/296/109 255/316/121 254/323/116
f 232/295/106 233/300/99 245/318/111 244/315/118
f 239/312/100 240/304/108 252/320/120 251/324/112
f 253/319/117 265/325/123 264/326/151 252/320/120
f 250/321/113 262/327/132 261/328/133 249/313/114
f 247/322/119 259/329/127 258/330/130 246/317/110
f 254/323/116 266/331/152 265/325/123 253/319/117
f 251/324/112 263/332/131 262/327/132 250/321/113
f 248/314/115 260/333/126 259/329/127 247/322/119
f 255/316/121 267/334/129 266/331/152 254/323/116
f 252/320/120 264/326/151 263/332/131 251/324/112
f 249/313/114 261/328/133 260/333/126 248/314/115
f 244/315/118 256/335/125 267/334/129 255/316/121
f 246/317/110 258/330/130 257/336/124 245/318/111
f 266/331/152 267/334/129 268/337/134
f 256/335/125 257/336/124 268/337/134
f 263/332/131 264/326/151 268/337/134
f 260/333/126 261/328/133 268/337/134
f 267/334/129 256/335/125 268/337/134
f 257/336/124 258/330/130 268/337/134
f 264/326/151 265/325/123 268/337/134
f 261/328/133 262/327/132 268/337/134
f 258/330/130 259/329/127 268/337/134
f 265/325/123 266/331/152 268/337/134
f 262/327/132 263/332/131 268/337/134
f 259/329/127 260/333/126 268/337/134
f 275/283/84 274/271/89 286/338/143 287/339/71
f 272/285/95 271/279/81 283/340/141 284/341/136
f 279/287/76 278/281/91 290/342/139 291/343/144
f 276/266/85 275/283/84 287/339/71 288/344/142
f 273/270/88 272/285/95 284/341/136 285/345/137
f 280/274/77 279/287/76 291/343/144 292/346/140
f 270/278/80 269/347/93 281/348/63 282/349/135
f 277/267/97 276/266/85 288/344/142 289/350/138
f 274/271/89 273/270/88 285/345/137 286/338/143
f 269/275/93 280/274/77 292/346/140 281/351/63
f 271/279/81 270/278/80 282/349/135 283/340/141
f 278/281/91 277/267/97 289/350/138 290/342/139
f 220/352/92 269/347/93 270/278/80 221/277/79
f 245/318/111 257/336/124 256/335/125 244/315/118
f 2275/353/153 2212/354/154 389/355/155 420/356/156
f 295/357/157 296/358/158 489/359/159 488/360/160
f 296/358/158 297/361/161 490/362/162 489/359/159
f 297/361/161 298/363/163 491/364/164 490/362/162
f 298/363/163 299/365/165 492/366/166 491/364/164
f 299/365/165 300/367/167 493/368/168 492/366/166
f 300/367/167 301/369/169 494/370/170 493/368/168
f 301/369/169 302/371/171 495/372/172 494/370/170
f 302/371/171 303/373/173 496/374/174 495/372/172
f 303/373/173 304/375/175 497/376/176 496/374/174
f 304/375/175 305/377/177 498/378/178 497/376/176
f 305/377/177 306/379/179 499/380/180 498/378/178
f 306/379/179 307/381/181 500/382/182 499/380/180
f 307/381/181 308/383/183 501/384/184 500/382/182
f 308/383/183 309/385/185 502/386/186 501/384/184
f 309/385/185 310/387/187 503/388/188 502/386/186
f 310/387/187 311/389/189 504/390/190 503/388/188
f 311/389/189 312/391/191 505/392/192 504/390/190
f 312/391/191 313/393/193 506/394/194 505/392/192
f 313/393/193 314/395/195 507/396/196 506/394/194
f 314/395/195 315/397/197 508/398/198 507/396/196
f 315/397/197 316/399/199 509/400/200 508/398/198
f 316/399/199 317/401/201 510/402/202 509/400/200
f 317/403/201 318/404/203 511/405/204 510/406/202
f 318/404/203 319/407/205 512/408/206 511/405/204
f 319/407/205 320/409/207 513/410/208 512/408/206
f 320/409/207 321/411/209 514/412/210 513/410/208
f 321/411/209 322/413/211 515/414/212 514/412/210
f 322/413/211 323/415/213 516/416/214 515/414/212
f 323/415/213 324/417/215 517/418/216 516/416/214
f 1179/419/217 1177/420/218 495/372/172 496/374/174
f 324/417/215 294/421/219 486/422/220 517/418/216
f 1169/423/221 1167/424/222 490/362/162 491/364/164
f 2243/425/223 2245/426/224 405/427/225 404/428/226
f 1187/429/227 1185/430/228 499/380/180 500/382/182
f 1205/431/229 1203/432/230 508/398/198 509/400/200
f 1177/420/218 1175/433/231 494/370/170 495/372/172
f 1197/434/232 1195/435/233 504/390/190 505/392/192
f 1215/436/234 1213/437/235 513/410/208 514/412/210
f 1171/438/236 1169/423/221 491/364/164 492/366/166
f 1189/439/237 1187/429/227 500/382/182 501/384/184
f 1207/440/238 1205/431/229 509/400/200 510/402/202
f 1181/441/239 1179/419/217 496/374/174 497/376/176
f 1199/442/240 1197/434/232 505/392/192 506/394/194
f 1217/443/241 1215/436/234 514/412/210 515/414/212
f 1173/444/242 1171/438/236 492/366/166 493/368/168
f 1191/445/243 1189/439/237 501/384/184 502/386/186
f 1209/446/244 1207/447/238 510/406/202 511/405/204
f 1163/448/245 1161/449/246 487/450/247 488/360/160
f 1165/451/248 1163/448/245 488/360/160 489/359/159
f 1183/452/249 1181/441/239 497/376/176 498/378/178
f 1201/453/250 1199/442/240 506/394/194 507/396/196
f 1219/454/251 1217/443/241 515/414/212 516/416/214
f 1175/433/231 1173/444/242 493/368/168 494/370/170
f 1193/455/252 1191/445/243 502/386/186 503/388/188
f 1211/456/253 1209/446/244 511/405/204 512/408/206
f 1167/424/222 1165/451/248 489/359/159 490/362/162
f 1185/430/228 1183/452/249 498/378/178 499/380/180
f 1203/432/230 1201/453/250 507/396/196 508/398/198
f 1221/457/254 1219/454/251 516/416/214 517/418/216
f 2229/458/255 2231/459/256 398/460/257 397/461/258
f 1195/435/233 1193/455/252 503/388/188 504/390/190
f 1213/437/235 1211/456/253 512/408/206 513/410/208
f 2247/462/259 2249/463/260 407/464/261 406/465/262
f 2265/466/263 2267/467/264 416/468/265 415/469/266
f 2221/470/267 2223/471/268 394/472/269 393/473/270
f 2239/474/271 2241/475/272 403/476/273 402/477/274
f 2257/478/275 2259/479/276 412/480/277 411/481/278
f 2231/459/256 2233/482/279 399/483/280 398/460/257
f 2249/463/260 2251/484/281 408/485/282 407/464/261
f 2267/467/264 2269/486/283 417/487/284 416/468/265
f 2223/471/268 2225/488/285 395/489/286 394/472/269
f 1074/490/287 1077/491/288 2242/492/289 2240/493/290
f 2259/479/276 2261/494/291 413/495/292 412/480/277
f 2233/482/279 2235/496/293 400/497/294 399/483/280
f 2251/484/281 2253/498/295 409/499/296 408/485/282
f 2269/486/283 2271/500/297 418/501/298 417/487/284
f 2225/488/285 2227/502/299 396/503/300 395/489/286
f 2241/475/272 2243/425/223 404/428/226 403/476/273
f 2261/504/291 2263/505/301 414/506/302 413/507/292
f 2215/508/303 2217/509/304 391/510/305 390/511/306
f 2217/509/304 2219/512/307 392/513/308 391/510/305
f 2235/496/293 2237/514/309 401/515/310 400/497/294
f 2253/498/295 2255/516/311 410/517/312 409/499/296
f 2271/500/297 2273/518/313 419/519/314 418/501/298
f 2227/502/299 2229/458/255 397/461/258 396/503/300
f 2245/426/224 2247/462/259 406/465/262 405/427/225
f 2263/505/301 2265/466/263 415/469/266 414/506/302
f 2219/512/307 2221/470/267 393/473/270 392/513/308
f 2237/514/309 2239/474/271 402/477/274 401/515/310
f 2255/516/311 2257/478/275 411/481/278 410/517/312
f 2273/518/313 2275/353/153 420/356/156 419/519/314
f 304/375/175 303/373/173 335/520/315 336/521/316
f 293/522/317 295/357/157 488/360/160 487/450/247
f 339/523/318 338/524/319 370/525/320 371/526/321
f 318/404/203 317/403/201 349/527/322 350/528/323
f 305/377/177 304/375/175 336/521/316 337/529/324
f 319/407/205 318/404/203 350/528/323 351/530/325
f 306/379/179 305/377/177 337/529/324 338/524/319
f 320/409/207 319/407/205 351/530/325 352/531/326
f 307/381/181 306/379/179 338/524/319 339/523/318
f 293/522/317 294/421/219 326/532/327 325/533/328
f 321/411/209 320/409/207 352/531/326 353/534/329
f 308/383/183 307/381/181 339/523/318 340/535/330
f 295/357/157 293/522/317 325/533/328 327/536/331
f 322/413/211 321/411/209 353/534/329 354/537/332
f 309/385/185 308/383/183 340/535/330 341/538/333
f 296/358/158 295/357/157 327/536/331 328/539/334
f 323/415/213 322/413/211 354/537/332 355/540/335
f 310/387/187 309/385/185 341/538/333 342/541/336
f 297/361/161 296/358/158 328/539/334 329/542/337
f 324/417/215 323/415/213 355/540/335 356/543/338
f 311/389/189 310/387/187 342/541/336 343/544/339
f 298/363/163 297/361/161 329/542/337 330/545/340
f 294/421/219 324/417/215 356/543/338 326/532/327
f 312/391/191 311/389/189 343/544/339 344/546/341
f 299/365/165 298/363/163 330/545/340 331/547/342
f 313/393/193 312/391/191 344/546/341 345/548/343
f 300/367/167 299/365/165 331/547/342 332/549/344
f 314/395/195 313/393/193 345/548/343 346/550/345
f 301/369/169 300/367/167 332/549/344 333/551/346
f 315/397/197 314/395/195 346/550/345 347/552/347
f 302/371/171 301/369/169 333/551/346 334/553/348
f 316/399/199 315/397/197 347/552/347 348/554/349
f 303/373/173 302/371/171 334/553/348 335/520/315
f 317/401/201 316/399/199 348/554/349 349/555/322
f 325/533/328 326/532/327 358/556/350 357/557/351
f 353/534/329 352/531/326 384/558/352 385/559/353
f 340/535/330 339/523/318 371/526/321 372/560/354
f 327/536/331 325/533/328 357/557/351 359/561/355
f 354/537/332 353/534/329 385/559/353 386/562/356
f 341/538/333 340/535/330 372/560/354 373/563/357
f 328/539/334 327/536/331 359/561/355 360/564/358
f 355/540/335 354/537/332 386/562/356 387/565/359
f 342/541/336 341/538/333 373/563/357 374/566/360
f 329/542/337 328/539/334 360/564/358 361/567/361
f 356/543/338 355/540/335 387/565/359 388/568/362
f 343/544/339 342/541/336 374/566/360 375/569/363
f 330/545/340 329/542/337 361/567/361 362/570/364
f 326/532/327 356/543/338 388/568/362 358/556/350
f 344/546/341 343/544/339 375/569/363 376/571/365
f 331/547/342 330/545/340 362/570/364 363/572/366
f 345/548/343 344/546/341 376/571/365 377/573/367
f 332/549/344 331/547/342 363/572/366 364/574/368
f 346/550/345 345/548/343 377/573/367 378/575/369
f 333/551/346 332/549/344 364/574/368 365/576/370
f 347/552/347 346/550/345 378/575/369 379/577/371
f 334/553/348 333/551/346 365/576/370 366/578/372
f 348/554/349 347/552/347 379/577/371 380/579/373
f 335/520/315 334/553/348 366/578/372 367/580/374
f 349/555/322 348/554/349 380/579/373 381/581/375
f 336/521/316 335/520/315 367/580/374 368/582/376
f 350/528/323 349/527/322 381/583/375 382/584/377
f 337/529/324 336/521/316 368/582/376 369/585/378
f 351/530/325 350/528/323 382/584/377 383/586/379
f 338/524/319 337/529/324 369/585/378 370/525/320
f 352/531/326 351/530/325 383/586/379 384/558/352
f 418/501/298 419/519/314 451/587/380 450/588/381
f 1035/589/382 1038/590/383 2216/591/384 2214/592/385
f 1116/593/386 1119/594/387 2270/595/388 2268/596/389
f 1077/491/288 1080/597/390 2244/598/391 2242/492/289
f 1038/590/383 1041/599/392 2218/600/393 2216/591/384
f 1119/594/387 1122/601/394 2272/602/395 2270/595/388
f 1080/597/390 1083/603/396 2246/604/397 2244/598/391
f 1041/599/392 1044/605/398 2220/606/399 2218/600/393
f 1122/601/394 1125/607/400 2274/608/401 2272/602/395
f 1083/603/396 1086/609/402 2248/610/403 2246/604/397
f 1044/605/398 1047/611/404 2222/612/405 2220/606/399
f 1031/613/406 1035/589/382 2214/592/385 2213/614/407
f 1086/609/402 1089/615/408 2250/616/409 2248/610/403
f 1047/611/404 1050/617/410 2224/618/411 2222/612/405
f 1089/615/408 1092/619/412 2252/620/413 2250/616/409
f 1050/617/410 1053/621/414 2226/622/415 2224/618/411
f 1092/619/412 1095/623/416 2254/624/417 2252/620/413
f 1053/621/414 1056/625/418 2228/626/419 2226/622/415
f 1095/623/416 1098/627/420 2256/628/421 2254/624/417
f 1056/625/418 1059/629/422 2230/630/423 2228/626/419
f 1098/627/420 1101/631/424 2258/632/425 2256/628/421
f 1059/629/422 1062/633/426 2232/634/427 2230/630/423
f 1101/631/424 1104/635/428 2260/636/429 2258/632/425
f 1062/633/426 1065/637/430 2234/638/431 2232/634/427
f 1104/639/428 1107/640/432 2262/641/433 2260/642/429
f 1065/637/430 1068/643/434 2236/644/435 2234/638/431
f 1107/640/432 1110/645/436 2264/646/437 2262/641/433
f 1068/643/434 1071/647/438 2238/648/439 2236/644/435
f 1110/645/436 1113/649/440 2266/650/441 2264/646/437
f 1071/647/438 1074/490/287 2240/493/290 2238/648/439
f 1125/607/400 1031/613/406 2213/614/407 2274/608/401
f 1113/649/440 1116/593/386 2268/596/389 2266/650/441
f 440/651/442 441/652/443 453/653/444
f 405/427/225 406/465/262 438/654/445 437/655/446
f 392/513/308 393/473/270 425/656/447 424/657/448
f 419/519/314 420/356/156 452/658/449 451/587/380
f 406/465/262 407/464/261 439/659/450 438/654/445
f 393/473/270 394/472/269 426/660/451 425/656/447
f 420/356/156 389/355/155 421/661/452 452/658/449
f 407/464/261 408/485/282 440/662/442 439/659/450
f 394/472/269 395/489/286 427/663/453 426/660/451
f 408/485/282 409/499/296 441/664/443 440/662/442
f 395/489/286 396/503/300 428/665/454 427/663/453
f 409/499/296 410/517/312 442/666/455 441/664/443
f 396/503/300 397/461/258 429/667/456 428/665/454
f 410/517/312 411/481/278 443/668/457 442/666/455
f 397/461/258 398/460/257 430/669/458 429/667/456
f 411/481/278 412/480/277 444/670/459 443/668/457
f 398/460/257 399/483/280 431/671/460 430/669/458
f 412/480/277 413/495/292 445/672/461 444/670/459
f 399/483/280 400/497/294 432/673/462 431/671/460
f 413/507/292 414/506/302 446/674/463 445/675/461
f 400/497/294 401/515/310 433/676/464 432/673/462
f 414/506/302 415/469/266 447/677/465 446/674/463
f 401/515/310 402/477/274 434/678/466 433/676/464
f 415/469/266 416/468/265 448/679/467 447/677/465
f 402/477/274 403/476/273 435/680/468 434/678/466
f 389/355/155 390/511/306 422/681/469 421/661/452
f 416/468/265 417/487/284 449/682/470 448/679/467
f 403/476/273 404/428/226 436/683/471 435/680/468
f 390/511/306 391/510/305 423/684/472 422/681/469
f 417/487/284 418/501/298 450/588/381 449/682/470
f 404/428/226 405/427/225 437/655/446 436/683/471
f 391/510/305 392/513/308 424/657/448 423/684/472
f 427/685/453 428/686/454 453/653/444
f 441/652/443 442/687/455 453/653/444
f 428/686/454 429/688/456 453/653/444
f 442/687/455 443/689/457 453/653/444
f 429/688/456 430/690/458 453/653/444
f 443/689/457 444/691/459 453/653/444
f 430/690/458 431/692/460 453/653/444
f 444/691/459 445/693/461 453/653/444
f 431/692/460 432/694/462 453/653/444
f 445/693/461 446/695/463 453/653/444
f 432/694/462 433/696/464 453/653/444
f 446/695/463 447/697/465 453/653/444
f 433/696/464 434/698/466 453/653/444
f 447/697/465 448/699/467 453/653/444
f 434/698/466 435/700/468 453/653/444
f 421/701/452 422/702/469 453/653/444
f 448/699/467 449/703/470 453/653/444
f 435/700/468 436/704/471 453/653/444
f 422/702/469 423/705/472 453/653/444
f 449/703/470 450/706/381 453/653/444
f 436/704/471 437/707/446 453/653/444
f 423/705/472 424/708/448 453/653/444
f 450/706/381 451/709/380 453/653/444
f 437/707/446 438/710/445 453/653/444
f 424/708/448 425/711/447 453/653/444
f 451/709/380 452/712/449 453/653/444
f 438/710/445 439/713/450 453/653/444
f 425/711/447 426/714/451 453/653/444
f 452/712/449 421/701/452 453/653/444
f 439/713/450 440/651/442 453/653/444
f 426/714/451 427/685/453 453/653/444
f 1293/715/473 1291/716/474 456/717/475 457/718/476
f 1345/719/477 1343/720/478 482/721/479 483/722/480
f 1291/716/474 1287/723/481 454/724/482 456/717/475
f 1343/720/478 1341/725/483 481/726/484 482/721/479
f 1287/723/481 1290/727/485 455/728/486 454/724/482
f 1341/725/483 1339/729/487 480/730/488 481/726/484
f 1339/729/487 1337/731/489 479/732/490 480/730/488
f 1337/731/489 1335/733/491 478/734/492 479/732/490
f 1335/735/491 1333/736/493 477/737/494 478/738/492
f 1333/736/493 1331/739/495 476/740/496 477/737/494
f 1331/739/495 1329/741/497 475/742/498 476/740/496
f 1329/741/497 1327/743/499 474/744/500 475/742/498
f 1327/743/499 1325/745/501 473/746/502 474/744/500
f 466/747/63 465/748/63 529/749/63 530/750/63
f 1325/745/501 1323/751/503 472/752/504 473/746/502
f 1323/751/503 1321/753/505 471/754/506 472/752/504
f 367/755/507 366/756/508 1306/757/509 1308/758/510
f 381/759/511 380/760/512 1334/761/513 1336/762/514
f 368/763/515 367/755/507 1308/758/510 1310/764/516
f 382/765/517 381/766/511 1336/767/514 1338/768/518
f 369/769/519 368/763/515 1310/764/516 1312/770/520
f 383/771/521 382/765/517 1338/768/518 1340/772/522
f 370/773/523 369/769/519 1312/770/520 1314/774/524
f 384/775/525 383/771/521 1340/772/522 1342/776/526
f 371/777/527 370/773/523 1314/774/524 1316/778/528
f 385/779/529 384/775/525 1342/776/526 1344/780/530
f 372/781/531 371/777/527 1316/778/528 1318/782/532
f 359/783/533 357/784/534 1288/785/535 1292/786/536
f 386/787/537 385/779/529 1344/780/530 1346/788/538
f 373/789/539 372/781/531 1318/782/532 1320/790/540
f 358/791/541 388/792/542 1350/793/543 1289/794/544
f 387/795/545 386/787/537 1346/788/538 1348/796/546
f 374/797/547 373/789/539 1320/790/540 1322/798/548
f 361/799/549 360/800/550 1294/801/551 1296/802/552
f 388/792/542 387/795/545 1348/796/546 1350/793/543
f 375/803/553 374/797/547 1322/798/548 1324/804/554
f 362/805/555 361/799/549 1296/802/552 1298/806/556
f 376/807/557 375/803/553 1324/804/554 1326/808/558
f 363/809/559 362/805/555 1298/806/556 1300/810/560
f 360/800/550 359/783/533 1292/786/536 1294/801/551
f 377/811/561 376/807/557 1326/808/558 1328/812/562
f 364/813/563 363/809/559 1300/810/560 1302/814/564
f 378/815/565 377/811/561 1328/812/562 1330/816/566
f 365/817/567 364/813/563 1302/814/564 1304/818/568
f 379/819/569 378/815/565 1330/816/566 1332/820/570
f 366/756/508 365/817/567 1304/818/568 1306/757/509
f 380/760/512 379/819/569 1332/820/570 1334/761/513
f 1347/821/571 1345/719/477 483/722/480 484/822/572
f 1295/823/573 1293/715/473 457/718/476 458/824/574
f 1349/825/575 1347/821/571 484/822/572 485/826/576
f 1297/827/577 1295/823/573 458/824/574 459/828/578
f 1290/727/485 1349/825/575 485/826/576 455/728/486
f 1299/829/579 1297/827/577 459/828/578 460/830/580
f 1301/831/581 1299/829/579 460/830/580 461/832/582
f 1303/833/583 1301/831/581 461/832/582 462/834/584
f 1305/835/585 1303/833/583 462/834/584 463/836/586
f 1307/837/587 1305/835/585 463/836/586 464/838/588
f 1309/839/589 1307/837/587 464/838/588 465/748/590
f 1311/840/591 1309/839/589 465/748/590 466/747/592
f 1313/841/593 1311/840/591 466/747/592 467/842/594
f 1315/843/595 1313/841/593 467/842/594 468/844/596
f 1317/845/597 1315/843/595 468/844/596 469/846/598
f 1319/847/599 1317/845/597 469/846/598 470/848/600
f 1321/753/505 1319/847/599 470/848/600 471/754/506
f 1160/849/601 1221/457/254 517/418/216 486/422/220
f 1128/850/602 1162/851/603 1164/852/604 1130/853/605
f 1130/853/605 1164/852/604 1166/854/606 1131/855/607
f 1131/855/607 1166/854/606 1168/856/608 1132/857/609
f 1132/857/609 1168/856/608 1170/858/610 1133/859/611
f 1133/859/611 1170/858/610 1172/860/612 1134/861/613
f 1134/861/613 1172/860/612 1174/862/614 1135/863/615
f 1135/863/615 1174/862/614 1176/864/616 1136/865/617
f 1136/865/617 1176/864/616 1178/866/618 1137/867/619
f 1137/867/619 1178/866/618 1180/868/620 1138/869/621
f 1138/869/621 1180/868/620 1182/870/622 1139/871/623
f 1139/871/623 1182/870/622 1184/872/624 1140/873/625
f 1140/873/625 1184/872/624 1186/874/626 1141/875/627
f 1141/875/627 1186/874/626 1188/876/628 1142/877/629
f 1142/877/629 1188/876/628 1190/878/630 1143/879/631
f 1143/879/631 1190/878/630 1192/880/632 1144/881/63
f 1144/881/63 1192/880/632 1194/882/633 1145/883/634
f 1145/883/634 1194/882/633 1196/884/635 1146/885/636
f 1146/885/636 1196/884/635 1198/886/637 1147/887/638
f 1147/887/638 1198/886/637 1200/888/639 1148/889/640
f 1148/889/640 1200/888/639 1202/890/641 1149/891/642
f 1149/891/642 1202/890/641 1204/892/643 1150/893/644
f 1150/893/644 1204/892/643 1206/894/645 1151/895/646
f 1151/895/646 1206/894/645 1208/896/647 1152/897/648
f 1152/898/648 1208/899/647 1210/900/649 1153/901/650
f 1153/901/650 1210/900/649 1212/902/651 1154/903/652
f 1154/903/652 1212/902/651 1214/904/653 1155/905/654
f 1155/905/654 1214/904/653 1216/906/655 1156/907/656
f 1156/907/656 1216/906/655 1218/908/657 1157/909/658
f 1157/909/658 1218/908/657 1220/910/659 1158/911/660
f 1158/911/660 1220/910/659 1222/912/661 1129/913/662
f 1129/913/662 1222/912/661 1159/914/663 1127/915/71
f 547/916/664 546/917/664 578/918/664 579/919/664
f 480/730/63 479/732/63 543/920/63 544/921/63
f 467/842/63 466/747/63 530/750/63 531/922/63
f 481/726/63 480/730/63 544/921/63 545/923/63
f 468/844/63 467/842/63 531/922/63 532/924/63
f 454/724/63 455/728/63 519/925/63 518/926/63
f 482/721/63 481/726/63 545/923/63 546/917/63
f 469/846/63 468/844/63 532/924/63 533/927/63
f 456/717/63 454/724/63 518/926/63 520/928/63
f 483/722/63 482/721/63 546/917/63 547/916/63
f 470/848/63 469/846/63 533/927/63 534/929/63
f 457/718/63 456/717/63 520/928/63 521/930/63
f 484/822/63 483/722/63 547/916/63 548/931/63
f 471/754/63 470/848/63 534/929/63 535/932/63
f 458/824/63 457/718/63 521/930/63 522/933/63
f 485/826/63 484/822/63 548/931/63 549/934/63
f 472/752/63 471/754/63 535/932/63 536/935/63
f 459/828/63 458/824/63 522/933/63 523/936/63
f 455/728/63 485/826/63 549/934/63 519/925/63
f 473/746/63 472/752/63 536/935/63 537/937/63
f 460/830/63 459/828/63 523/936/63 524/938/63
f 474/744/63 473/746/63 537/937/63 538/939/63
f 461/832/63 460/830/63 524/938/63 525/940/63
f 475/742/63 474/744/63 538/939/63 539/941/63
f 462/834/63 461/832/63 525/940/63 526/942/63
f 476/740/63 475/742/63 539/941/63 540/943/63
f 463/836/63 462/834/63 526/942/63 527/944/63
f 477/737/63 476/740/63 540/943/63 541/945/63
f 464/838/63 463/836/63 527/944/63 528/946/63
f 478/738/63 477/737/63 541/945/63 542/947/63
f 465/748/63 464/838/63 528/946/63 529/749/63
f 479/732/63 478/734/63 542/948/63 543/920/63
f 551/949/71 581/950/662 613/951/662 583/952/71
f 534/929/664 533/927/664 565/953/664 566/954/664
f 521/930/664 520/928/664 552/955/664 553/956/664
f 548/931/664 547/916/664 579/919/664 580/957/664
f 535/932/664 534/929/664 566/954/664 567/958/664
f 522/933/664 521/930/664 553/956/664 554/959/664
f 549/934/664 548/931/664 580/957/664 581/960/664
f 536/935/664 535/932/664 567/958/664 568/961/664
f 523/936/664 522/933/664 554/959/664 555/962/664
f 519/925/664 549/934/664 581/960/664 551/963/664
f 537/937/664 536/935/664 568/961/664 569/964/664
f 524/938/664 523/936/664 555/962/664 556/965/664
f 538/939/664 537/937/664 569/964/664 570/966/664
f 525/940/664 524/938/664 556/965/664 557/967/664
f 539/941/664 538/939/664 570/966/664 571/968/664
f 526/942/664 525/940/664 557/967/664 558/969/664
f 540/943/664 539/941/664 571/968/664 572/970/664
f 527/944/664 526/942/664 558/969/664 559/971/664
f 541/945/664 540/943/664 572/970/664 573/972/664
f 528/946/664 527/944/664 559/971/664 560/973/664
f 542/947/664 541/945/664 573/972/664 574/974/664
f 529/749/664 528/946/664 560/973/664 561/975/664
f 543/920/664 542/948/664 574/976/664 575/977/664
f 530/750/664 529/749/664 561/975/664 562/978/664
f 544/921/664 543/920/664 575/977/664 576/979/664
f 531/922/664 530/750/664 562/978/664 563/980/664
f 545/923/664 544/921/664 576/979/664 577/981/664
f 532/924/664 531/922/664 563/980/664 564/982/664
f 518/926/664 519/925/664 551/963/664 550/983/664
f 546/917/664 545/923/664 577/981/664 578/918/664
f 533/927/664 532/924/664 564/982/664 565/953/664
f 520/928/664 518/926/664 550/983/664 552/955/664
f 604/984/444 603/985/444 635/986/444 636/987/444
f 569/988/665 568/989/666 600/990/666 601/991/665
f 556/992/667 555/993/668 587/994/668 588/995/667
f 570/996/669 569/988/665 601/991/665 602/997/669
f 557/998/670 556/992/667 588/995/667 589/999/670
f 571/1000/671 570/996/669 602/997/669 603/1001/671
f 558/1002/617 557/998/670 589/999/670 590/1003/617
f 572/1004/672 571/1000/671 603/1001/671 604/1005/672
f 559/1006/673 558/1002/617 590/1003/617 591/1007/673
f 573/1008/674 572/1004/672 604/1005/672 605/1009/674
f 560/1010/675 559/1006/673 591/1007/673 592/1011/675
f 574/1012/648 573/1008/674 605/1009/674 606/1013/648
f 561/1014/676 560/1010/675 592/1011/675 593/1015/676
f 575/1016/677 574/1017/648 606/1018/648 607/1019/677
f 562/1020/678 561/1014/676 593/1015/676 594/1021/678
f 576/1022/679 575/1016/677 607/1019/677 608/1023/679
f 563/1024/680 562/1020/678 594/1021/678 595/1025/680
f 577/1026/681 576/1022/679 608/1023/679 609/1027/681
f 564/1028/682 563/1024/680 595/1025/680 596/1029/682
f 550/1030/602 551/949/71 583/952/71 582/1031/602
f 578/1032/683 577/1026/681 609/1027/681 610/1033/683
f 565/1034/631 564/1028/682 596/1029/682 597/1035/631
f 552/1036/684 550/1030/602 582/1031/602 584/1037/684
f 579/1038/685 578/1032/683 610/1033/683 611/1039/685
f 566/1040/63 565/1034/631 597/1035/631 598/1041/63
f 553/1042/686 552/1036/684 584/1037/684 585/1043/686
f 580/1044/687 579/1038/685 611/1039/685 612/1045/687
f 567/1046/634 566/1040/63 598/1041/63 599/1047/634
f 554/1048/688 553/1042/686 585/1043/686 586/1049/688
f 581/950/662 580/1044/687 612/1045/687 613/951/662
f 568/989/666 567/1046/634 599/1047/634 600/990/666
f 555/993/668 554/1048/688 586/1049/688 587/994/668
f 591/1050/444 590/1051/444 622/1052/444 623/1053/444
f 605/1054/444 604/984/444 636/987/444 637/1055/444
f 592/1056/444 591/1050/444 623/1053/444 624/1057/444
f 606/1058/444 605/1054/444 637/1055/444 638/1059/444
f 593/1060/444 592/1056/444 624/1057/444 625/1061/444
f 607/1062/444 606/1063/444 638/1064/444 639/1065/444
f 594/1066/444 593/1060/444 625/1061/444 626/1067/444
f 608/1068/444 607/1062/444 639/1065/444 640/1069/444
f 595/1070/444 594/1066/444 626/1067/444 627/1071/444
f 609/1072/444 608/1068/444 640/1069/444 641/1073/444
f 596/1074/444 595/1070/444 627/1071/444 628/1075/444
f 582/1076/444 583/1077/444 615/1078/444 614/1079/444
f 610/1080/444 609/1072/444 641/1073/444 642/1081/444
f 597/1082/444 596/1074/444 628/1075/444 629/1083/444
f 584/1084/444 582/1076/444 614/1079/444 616/1085/444
f 611/1086/444 610/1080/444 642/1081/444 643/1087/444
f 598/1088/444 597/1082/444 629/1083/444 630/1089/444
f 585/1090/444 584/1084/444 616/1085/444 617/1091/444
f 612/1092/444 611/1086/444 643/1087/444 644/1093/444
f 599/1094/444 598/1088/444 630/1089/444 631/1095/444
f 586/1096/444 585/1090/444 617/1091/444 618/1097/444
f 613/1098/444 612/1092/444 644/1093/444 645/1099/444
f 600/1100/444 599/1094/444 631/1095/444 632/1101/444
f 587/1102/444 586/1096/444 618/1097/444 619/1103/444
f 583/1077/444 613/1098/444 645/1099/444 615/1078/444
f 601/1104/444 600/1100/444 632/1101/444 633/1105/444
f 588/1106/444 587/1102/444 619/1103/444 620/1107/444
f 602/1108/444 601/1104/444 633/1105/444 634/1109/444
f 589/1110/444 588/1106/444 620/1107/444 621/1111/444
f 603/985/444 602/1108/444 634/1109/444 635/986/444
f 590/1051/444 589/1110/444 621/1111/444 622/1052/444
f 642/1081/689 641/1073/690 673/1112/691 674/1113/692
f 629/1083/693 628/1075/694 660/1114/695 661/1115/696
f 616/1085/697 614/1079/698 646/1116/699 648/1117/700
f 643/1087/701 642/1081/689 674/1113/692 675/1118/702
f 630/1089/703 629/1083/693 661/1115/696 662/1119/704
f 617/1091/705 616/1085/697 648/1117/700 649/1120/706
f 644/1093/707 643/1087/701 675/1118/702 676/1121/708
f 631/1095/709 630/1089/703 662/1119/704 663/1122/710
f 618/1097/711 617/1091/705 649/1120/706 650/1123/712
f 645/1099/713 644/1093/707 676/1121/708 677/1124/714
f 632/1101/715 631/1095/709 663/1122/710 664/1125/716
f 619/1103/717 618/1097/711 650/1123/712 651/1126/718
f 615/1078/719 645/1099/713 677/1124/714 647/1127/720
f 633/1105/721 632/1101/715 664/1125/716 665/1128/722
f 620/1107/723 619/1103/717 651/1126/718 652/1129/724
f 634/1109/725 633/1105/721 665/1128/722 666/1130/726
f 621/1111/727 620/1107/723 652/1129/724 653/1131/728
f 635/986/729 634/1109/725 666/1130/726 667/1132/730
f 622/1052/731 621/1111/727 653/1131/728 654/1133/732
f 636/987/733 635/986/729 667/1132/730 668/1134/734
f 623/1053/735 622/1052/731 654/1133/732 655/1135/736
f 637/1055/737 636/987/733 668/1134/734 669/1136/738
f 624/1057/739 623/1053/735 655/1135/736 656/1137/740
f 638/1059/741 637/1055/737 669/1136/738 670/1138/742
f 625/1061/743 624/1057/739 656/1137/740 657/1139/744
f 639/1065/745 638/1064/741 670/1140/742 671/1141/746
f 626/1067/747 625/1061/743 657/1139/744 658/1142/748
f 640/1069/749 639/1065/745 671/1141/746 672/1143/750
f 627/1071/751 626/1067/747 658/1142/748 659/1144/752
f 641/1073/690 640/1069/749 672/1143/750 673/1112/691
f 628/1075/694 627/1071/751 659/1144/752 660/1114/695
f 614/1079/698 615/1078/719 647/1127/720 646/1116/699
f 777/1145/753 862/1146/754 707/1147/755 708/1148/756
f 783/1149/757 865/1150/758 694/1151/759 695/1152/760
f 789/1153/761 868/1154/762 681/1155/763 682/1156/764
f 647/1127/720 677/1124/714 774/1157/765 792/1158/766
f 665/1128/722 664/1125/716 780/1159/767 795/1160/768
f 652/1129/724 651/1126/718 786/1161/769 798/1162/770
f 653/1131/728 652/1129/724 798/1162/770 804/1163/771
f 667/1132/730 666/1130/726 801/1164/772 807/1165/773
f 654/1133/732 653/1131/728 804/1163/771 810/1166/774
f 668/1134/734 667/1132/730 807/1165/773 813/1167/775
f 655/1135/736 654/1133/732 810/1166/774 816/1168/776
f 669/1136/738 668/1134/734 813/1167/775 819/1169/777
f 656/1137/740 655/1135/736 816/1168/776 822/1170/778
f 670/1138/742 669/1136/738 819/1169/777 825/1171/779
f 657/1139/744 656/1137/740 822/1170/778 828/1172/780
f 671/1141/746 670/1140/742 825/1173/779 831/1174/781
f 658/1142/748 657/1139/744 828/1172/780 834/1175/782
f 672/1143/750 671/1141/746 831/1174/781 837/1176/783
f 659/1144/752 658/1142/748 834/1175/782 840/1177/784
f 673/1112/691 672/1143/750 837/1176/783 843/1178/785
f 660/1114/695 659/1144/752 840/1177/784 846/1179/786
f 674/1113/692 673/1112/691 843/1178/785 852/1180/787
f 666/1130/726 665/1128/722 795/1160/768 801/1164/772
f 661/1115/696 660/1114/695 846/1179/786 855/1181/788
f 648/1117/700 646/1116/699 849/1182/789 858/1183/790
f 675/1118/702 674/1113/692 852/1180/787 861/1184/791
f 662/1119/704 661/1115/696 855/1181/788 864/1185/792
f 649/1120/706 648/1117/700 858/1183/790 867/1186/793
f 676/1121/708 675/1118/702 861/1184/791 778/1187/794
f 663/1122/710 662/1119/704 864/1185/792 784/1188/795
f 650/1123/712 649/1120/706 867/1186/793 790/1189/796
f 1024/1190/797 1026/1191/798 976/1192/798 977/1193/799
f 1010/1194/800 1013/1195/801 968/1196/802 967/1197/803
f 1023/1198/804 1025/1199/805 990/1200/806 991/1201/807
f 964/1202/668 961/1203/688 1004/1204/688 1001/1205/668
f 1009/1206/808 1012/1207/809 996/1208/810 997/1209/811
f 1022/1210/812 1024/1190/797 977/1193/799 978/1211/813
f 966/1212/667 964/1202/668 1001/1205/668 999/1213/667
f 1008/1214/814 1011/1215/815 983/1216/816 984/1217/814
f 1021/1218/817 1023/1198/804 991/1201/807 992/1219/817
f 1007/1220/818 1010/1194/800 967/1197/803 971/1221/819
f 1020/1222/820 1022/1210/812 978/1211/813 979/1223/821
f 1006/1224/822 1009/1206/808 997/1209/811 998/1225/823
f 1019/1226/824 1021/1218/817 992/1219/817 993/1227/825
f 1005/1228/826 1008/1214/814 984/1217/814 985/1229/827
f 1018/1230/828 1020/1222/820 979/1223/821 980/1231/829
f 1004/1204/830 1007/1220/818 971/1221/819 972/1232/831
f 1017/1233/832 1019/1226/824 993/1227/825 994/1234/833
f 1003/1235/834 1006/1224/822 998/1225/823 970/1236/835
f 1016/1237/836 1018/1230/828 980/1231/829 981/1238/837
f 1000/1239/838 1002/1240/839 986/1241/840 987/1242/841
f 1015/1243/842 1017/1233/832 994/1234/833 995/1244/843
f 1001/1205/844 1004/1204/830 972/1232/831 973/1245/845
f 1014/1246/846 1016/1237/836 981/1238/837 982/1247/847
f 1028/1248/848 1003/1235/834 970/1236/835 969/1249/848
f 1013/1195/801 1028/1248/848 969/1249/848 968/1196/802
f 1026/1191/798 1029/1250/849 975/1251/850 976/1192/798
f 962/1252/662 959/1253/687 1006/1224/687 1003/1235/662
f 1012/1207/809 1015/1243/842 995/1244/843 996/1208/810
f 1025/1199/805 1027/1254/851 989/1255/852 990/1200/806
f 1029/1250/849 999/1213/853 974/1256/854 975/1251/850
f 1011/1215/815 1014/1246/846 982/1247/847 983/1216/816
f 914/1257/855 913/1258/856 1238/1259/857 1234/1260/858
f 928/1261/859 927/1262/860 1236/1263/861 1232/1264/862
f 915/1265/863 914/1257/855 1234/1260/858 1230/1266/864
f 917/1267/865 916/1268/866 1226/1269/867 1285/1270/868
f 931/1271/869 930/1272/870 1223/1273/871 1278/1274/872
f 929/1275/873 928/1261/859 1232/1264/862 1228/1276/874
f 916/1268/866 915/1265/863 1230/1266/864 1226/1269/867
f 918/1277/875 917/1267/865 1285/1270/868 1284/1278/876
f 905/1279/877 903/1280/878 1281/1281/879 1280/1282/880
f 932/1283/881 931/1271/869 1278/1274/872 1275/1284/882
f 903/1280/878 905/1279/877 967/1285/883 968/1286/884
f 906/1287/885 905/1279/877 1280/1282/880 1271/1288/886
f 933/1289/887 932/1283/881 1275/1284/882 1270/1290/888
f 920/1291/889 919/1292/890 1273/1293/891 1268/1294/892
f 907/1295/893 906/1287/885 1271/1288/886 1266/1296/894
f 934/1297/895 933/1289/887 1270/1290/888 1264/1298/896
f 921/1299/897 920/1291/889 1268/1294/892 1262/1300/898
f 904/1301/899 934/1297/895 1264/1298/896 1258/1302/900
f 922/1303/901 921/1299/897 1262/1300/898 1256/1304/902
f 919/1292/890 918/1277/875 1284/1278/876 1273/1293/891
f 909/1305/903 908/1306/904 1260/1307/905 1254/1308/906
f 923/1309/907 922/1303/901 1256/1304/902 1252/1310/908
f 910/1311/909 909/1305/903 1254/1308/906 1250/1312/910
f 924/1313/911 923/1309/907 1252/1310/908 1247/1314/912
f 911/1315/913 910/1311/909 1250/1312/910 1245/1316/914
f 925/1317/915 924/1313/911 1247/1314/912 1244/1318/916
f 912/1319/917 911/1315/913 1245/1316/914 1242/1320/918
f 926/1321/919 925/1317/915 1244/1318/916 1240/1322/920
f 913/1258/856 912/1319/917 1242/1320/918 1238/1259/857
f 927/1323/860 926/1321/919 1240/1322/920 1236/1324/861
f 930/1272/870 929/1275/873 1228/1276/874 1223/1273/871
f 931/1271/869 932/1283/881 997/1325/921 996/1326/922
f 685/1327/923 684/1328/924 741/1329/925 713/1330/926
f 698/1331/927 697/1332/928 740/1333/929 711/1334/930
f 684/1328/924 683/1335/931 739/1336/932 741/1329/925
f 697/1332/928 696/1337/933 738/1338/934 740/1333/929
f 679/1339/935 709/1340/936 737/1341/937 727/1342/938
f 683/1335/931 682/1156/764 736/1343/939 739/1336/932
f 696/1337/933 695/1152/760 735/1344/940 738/1338/934
f 709/1340/936 708/1148/756 734/1345/941 737/1341/937
f 682/1156/764 681/1155/763 733/1346/942 736/1343/939
f 695/1152/760 694/1151/759 732/1347/943 735/1344/940
f 708/1148/756 707/1147/755 731/1348/944 734/1345/941
f 681/1155/763 680/1349/945 730/1350/946 733/1346/942
f 694/1151/759 693/1351/947 729/1352/948 732/1347/943
f 707/1147/755 706/1353/949 728/1354/950 731/1348/944
f 680/1349/945 678/1355/951 726/1356/952 730/1350/946
f 693/1351/947 692/1357/953 725/1358/954 729/1352/948
f 706/1353/949 705/1359/955 724/1360/956 728/1354/950
f 678/1355/951 679/1339/935 727/1342/938 726/1356/952
f 692/1357/953 691/1361/957 723/1362/958 725/1358/954
f 705/1359/955 704/1363/959 722/1364/960 724/1360/956
f 691/1361/957 690/1365/961 721/1366/962 723/1362/958
f 704/1363/959 703/1367/963 720/1368/964 722/1364/960
f 690/1365/961 689/1369/965 719/1370/966 721/1366/962
f 703/1367/963 702/1371/967 718/1372/968 720/1368/964
f 689/1369/965 688/1373/969 717/1374/970 719/1370/966
f 702/1371/967 701/1375/971 716/1376/972 718/1372/968
f 688/1373/969 687/1377/973 715/1378/974 717/1374/970
f 701/1375/971 700/1379/975 714/1380/976 716/1376/972
f 687/1377/973 686/1381/977 712/1382/978 715/1378/974
f 700/1379/975 699/1383/979 710/1384/980 714/1380/976
f 686/1381/977 685/1327/923 713/1330/926 712/1382/978
f 699/1383/979 698/1331/927 711/1334/930 710/1384/980
f 713/1330/926 741/1329/925 773/1385/981 743/1386/982
f 711/1334/930 740/1333/929 772/1387/983 742/1388/984
f 741/1329/925 739/1336/932 771/1389/985 773/1385/981
f 740/1333/929 738/1338/934 770/1390/986 772/1387/983
f 727/1342/938 737/1341/937 769/1391/987 744/1392/988
f 739/1336/932 736/1343/939 768/1393/989 771/1389/985
f 738/1338/934 735/1344/940 767/1394/990 770/1390/986
f 737/1341/937 734/1345/941 766/1395/991 769/1391/987
f 736/1343/939 733/1346/942 765/1396/992 768/1393/989
f 735/1344/940 732/1347/943 764/1397/993 767/1394/990
f 734/1345/941 731/1348/944 763/1398/994 766/1395/991
f 733/1346/942 730/1350/946 762/1399/995 765/1396/992
f 732/1347/943 729/1352/948 761/1400/996 764/1397/993
f 731/1348/944 728/1354/950 760/1401/997 763/1398/994
f 730/1350/946 726/1356/952 759/1402/998 762/1399/995
f 729/1352/948 725/1358/954 758/1403/999 761/1400/996
f 728/1354/950 724/1360/956 757/1404/1000 760/1401/997
f 726/1356/952 727/1342/938 744/1392/988 759/1402/998
f 725/1358/954 723/1362/958 756/1405/1001 758/1403/999
f 724/1360/956 722/1364/960 755/1406/1002 757/1404/1000
f 723/1362/958 721/1366/962 754/1407/1003 756/1405/1001
f 722/1364/960 720/1368/964 753/1408/1004 755/1406/1002
f 721/1366/962 719/1370/966 752/1409/1005 754/1407/1003
f 720/1368/964 718/1372/968 751/1410/1006 753/1408/1004
f 719/1370/966 717/1374/970 750/1411/1007 752/1409/1005
f 718/1372/968 716/1376/972 749/1412/1008 751/1410/1006
f 717/1374/970 715/1378/974 748/1413/1009 750/1411/1007
f 716/1376/972 714/1380/976 747/1414/1010 749/1412/1008
f 715/1378/974 712/1382/978 746/1415/1011 748/1413/1009
f 714/1380/976 710/1384/980 745/1416/1012 747/1414/1010
f 712/1382/978 713/1330/926 743/1386/982 746/1415/1011
f 710/1384/980 711/1334/930 742/1388/984 745/1416/1012
f 646/1116/699 647/1127/720 792/1158/766 849/1182/789
f 651/1126/718 650/1123/712 790/1189/796 786/1161/769
f 664/1125/716 663/1122/710 784/1188/795 780/1159/767
f 868/1154/762 859/1417/1013 680/1349/945 681/1155/763
f 865/1150/758 856/1418/1014 693/1351/947 694/1151/759
f 862/1146/754 853/1419/1015 706/1353/949 707/1147/755
f 859/1417/1013 850/1420/1016 678/1355/951 680/1349/945
f 856/1418/1014 847/1421/1017 692/1357/953 693/1351/947
f 853/1419/1015 844/1422/1018 705/1359/955 706/1353/949
f 850/1420/1016 793/1423/1019 679/1339/935 678/1355/951
f 847/1421/1017 841/1424/1020 691/1361/957 692/1357/953
f 844/1422/1018 838/1425/1021 704/1363/959 705/1359/955
f 841/1424/1020 835/1426/1022 690/1365/961 691/1361/957
f 838/1425/1021 832/1427/1023 703/1367/963 704/1363/959
f 835/1426/1022 829/1428/1024 689/1369/965 690/1365/961
f 832/1427/1023 826/1429/1025 702/1371/967 703/1367/963
f 829/1428/1024 823/1430/1026 688/1373/969 689/1369/965
f 826/1429/1025 820/1431/1027 701/1375/971 702/1371/967
f 823/1430/1026 817/1432/1028 687/1377/973 688/1373/969
f 820/1431/1027 814/1433/1029 700/1379/975 701/1375/971
f 817/1432/1028 811/1434/1030 686/1381/977 687/1377/973
f 814/1433/1029 808/1435/1031 699/1383/979 700/1379/975
f 811/1434/1030 805/1436/1032 685/1327/923 686/1381/977
f 808/1435/1031 802/1437/1033 698/1331/927 699/1383/979
f 805/1436/1032 799/1438/1034 684/1328/924 685/1327/923
f 802/1437/1033 796/1439/1035 697/1332/928 698/1331/927
f 787/1440/1036 789/1153/761 682/1156/764 683/1335/931
f 781/1441/1037 783/1149/757 695/1152/760 696/1337/933
f 775/1442/1038 777/1145/753 708/1148/756 709/1340/936
f 799/1438/1034 787/1440/1036 683/1335/931 684/1328/924
f 796/1439/1035 781/1441/1037 696/1337/933 697/1332/928
f 793/1423/1019 775/1442/1038 709/1340/936 679/1339/935
f 868/1443/762 789/1444/761 791/1445/1039 869/1446/1040
f 869/1446/1040 791/1445/1039 790/1189/796 867/1186/793
f 865/1447/758 783/1448/757 785/1449/1041 866/1450/1042
f 866/1450/1042 785/1449/1041 784/1188/795 864/1185/792
f 862/1451/754 777/1452/753 779/1453/1043 863/1454/1044
f 863/1454/1044 779/1453/1043 778/1187/794 861/1184/791
f 859/1455/1013 868/1443/762 869/1446/1040 860/1456/1045
f 860/1456/1045 869/1446/1040 867/1186/793 858/1183/790
f 856/1457/1014 865/1447/758 866/1450/1042 857/1458/1046
f 857/1458/1046 866/1450/1042 864/1185/792 855/1181/788
f 853/1459/1015 862/1451/754 863/1454/1044 854/1460/1047
f 854/1460/1047 863/1454/1044 861/1184/791 852/1180/787
f 850/1461/1016 859/1455/1013 860/1456/1045 851/1462/1048
f 851/1462/1048 860/1456/1045 858/1183/790 849/1182/789
f 847/1463/1017 856/1457/1014 857/1458/1046 848/1464/1049
f 848/1464/1049 857/1458/1046 855/1181/788 846/1179/786
f 844/1465/1018 853/1459/1015 854/1460/1047 845/1466/1050
f 845/1466/1050 854/1460/1047 852/1180/787 843/1178/785
f 793/1467/1019 850/1461/1016 851/1462/1048 794/1468/1051
f 794/1468/1051 851/1462/1048 849/1182/789 792/1158/766
f 841/1469/1020 847/1463/1017 848/1464/1049 842/1470/1052
f 842/1470/1052 848/1464/1049 846/1179/786 840/1177/784
f 838/1471/1021 844/1465/1018 845/1466/1050 839/1472/1053
f 839/1472/1053 845/1466/1050 843/1178/785 837/1176/783
f 835/1473/1022 841/1469/1020 842/1470/1052 836/1474/1054
f 836/1474/1054 842/1470/1052 840/1177/784 834/1175/782
f 832/1475/1023 838/1471/1021 839/1472/1053 833/1476/1055
f 833/1476/1055 839/1472/1053 837/1176/783 831/1174/781
f 829/1477/1024 835/1473/1022 836/1474/1054 830/1478/1056
f 830/1478/1056 836/1474/1054 834/1175/782 828/1172/780
f 826/1479/1025 832/1475/1023 833/1476/1055 827/1480/1057
f 827/1480/1057 833/1476/1055 831/1174/781 825/1173/779
f 823/1481/1026 829/1477/1024 830/1478/1056 824/1482/1058
f 824/1482/1058 830/1478/1056 828/1172/780 822/1170/778
f 820/1483/1027 826/1484/1025 827/1485/1057 821/1486/1059
f 821/1486/1059 827/1485/1057 825/1171/779 819/1169/777
f 817/1487/1028 823/1481/1026 824/1482/1058 818/1488/1060
f 818/1488/1060 824/1482/1058 822/1170/778 816/1168/776
f 814/1489/1029 820/1483/1027 821/1486/1059 815/1490/1061
f 815/1490/1061 821/1486/1059 819/1169/777 813/1167/775
f 811/1491/1030 817/1487/1028 818/1488/1060 812/1492/1062
f 812/1492/1062 818/1488/1060 816/1168/776 810/1166/774
f 808/1493/1031 814/1489/1029 815/1490/1061 809/1494/1063
f 809/1494/1063 815/1490/1061 813/1167/775 807/1165/773
f 805/1495/1032 811/1491/1030 812/1492/1062 806/1496/1064
f 806/1496/1064 812/1492/1062 810/1166/774 804/1163/771
f 802/1497/1033 808/1493/1031 809/1494/1063 803/1498/1065
f 803/1498/1065 809/1494/1063 807/1165/773 801/1164/772
f 799/1499/1034 805/1495/1032 806/1496/1064 800/1500/1066
f 800/1500/1066 806/1496/1064 804/1163/771 798/1162/770
f 796/1501/1035 802/1497/1033 803/1498/1065 797/1502/1067
f 797/1502/1067 803/1498/1065 801/1164/772 795/1160/768
f 787/1503/1036 799/1499/1034 800/1500/1066 788/1504/1068
f 788/1504/1068 800/1500/1066 798/1162/770 786/1161/769
f 781/1505/1037 796/1501/1035 797/1502/1067 782/1506/1069
f 782/1506/1069 797/1502/1067 795/1160/768 780/1159/767
f 775/1507/1038 793/1467/1019 794/1468/1051 776/1508/1070
f 776/1508/1070 794/1468/1051 792/1158/766 774/1157/765
f 789/1444/761 787/1503/1036 788/1504/1068 791/1445/1039
f 791/1445/1039 788/1504/1068 786/1161/769 790/1189/796
f 783/1448/757 781/1505/1037 782/1506/1069 785/1449/1041
f 785/1449/1041 782/1506/1069 780/1159/767 784/1188/795
f 777/1452/753 775/1507/1038 776/1508/1070 779/1453/1043
f 779/1453/1043 776/1508/1070 774/1157/765 778/1187/794
f 677/1124/714 676/1121/708 778/1187/794 774/1157/765
f 743/1386/982 773/1385/981 901/1509/1071 871/1510/1072
f 742/1388/984 772/1387/983 900/1511/1073 870/1512/1074
f 773/1385/981 771/1389/985 899/1513/1075 901/1509/1071
f 772/1387/983 770/1390/986 898/1514/1076 900/1511/1073
f 744/1392/988 769/1391/987 897/1515/1077 872/1516/1078
f 771/1389/985 768/1393/989 896/1517/1079 899/1513/1075
f 770/1390/986 767/1394/990 895/1518/1080 898/1514/1076
f 769/1391/987 766/1395/991 894/1519/1081 897/1515/1077
f 768/1393/989 765/1396/992 893/1520/1082 896/1517/1079
f 767/1394/990 764/1397/993 892/1521/1083 895/1518/1080
f 766/1395/991 763/1398/994 891/1522/1084 894/1519/1081
f 765/1396/992 762/1399/995 890/1523/1085 893/1520/1082
f 764/1397/993 761/1400/996 889/1524/1086 892/1521/1083
f 763/1398/994 760/1401/997 888/1525/1087 891/1522/1084
f 762/1399/995 759/1402/998 887/1526/1088 890/1523/1085
f 761/1400/996 758/1403/999 886/1527/1089 889/1524/1086
f 760/1401/997 757/1404/1000 885/1528/1090 888/1525/1087
f 759/1402/998 744/1392/988 872/1516/1078 887/1526/1088
f 758/1403/999 756/1405/1001 884/1529/1091 886/1527/1089
f 757/1404/1000 755/1406/1002 883/1530/1092 885/1528/1090
f 756/1405/1001 754/1407/1003 882/1531/1093 884/1529/1091
f 755/1406/1002 753/1408/1004 881/1532/1094 883/1530/1092
f 754/1407/1003 752/1409/1005 880/1533/1095 882/1531/1093
f 753/1408/1004 751/1410/1006 879/1534/1096 881/1532/1094
f 752/1409/1005 750/1411/1007 878/1535/1097 880/1533/1095
f 751/1410/1006 749/1412/1008 877/1536/1098 879/1534/1096
f 750/1411/1007 748/1413/1009 876/1537/1099 878/1535/1097
f 749/1412/1008 747/1414/1010 875/1538/1100 877/1536/1098
f 748/1413/1009 746/1415/1011 874/1539/1101 876/1537/1099
f 747/1414/1010 745/1416/1012 873/1540/1102 875/1538/1100
f 746/1415/1011 743/1386/982 871/1510/1072 874/1539/1101
f 745/1416/1012 742/1388/984 870/1512/1074 873/1540/1102
f 925/1317/915 926/1321/919 991/1541/1103 990/1542/1104
f 933/1289/887 934/1297/895 970/1543/1105 998/1544/1106
f 912/1319/917 913/1258/856 978/1545/1107 977/1546/1108
f 920/1291/889 921/1299/897 986/1547/1109 985/1548/1110
f 926/1321/919 927/1323/860 992/1549/1111 991/1541/1103
f 907/1295/893 908/1306/904 973/1550/1112 972/1551/1113
f 913/1258/856 914/1257/855 979/1552/1114 978/1545/1107
f 934/1297/895 904/1301/899 969/1553/1115 970/1543/1105
f 927/1262/860 928/1261/859 993/1554/1116 992/1555/1111
f 921/1299/897 922/1303/901 987/1556/1117 986/1547/1109
f 914/1257/855 915/1265/863 980/1557/1118 979/1552/1114
f 908/1306/904 909/1305/903 974/1558/1119 973/1550/1112
f 928/1261/859 929/1275/873 994/1559/1120 993/1554/1116
f 915/1265/863 916/1268/866 981/1560/1121 980/1557/1118
f 922/1303/901 923/1309/907 988/1561/1122 987/1556/1117
f 929/1275/873 930/1272/870 995/1562/1123 994/1559/1120
f 909/1305/903 910/1311/909 975/1563/1124 974/1558/1119
f 918/1277/875 919/1292/890 984/1564/1125 983/1565/1126
f 916/1268/866 917/1267/865 982/1566/1127 981/1560/1121
f 923/1309/907 924/1313/911 989/1567/1128 988/1561/1122
f 903/1280/878 904/1301/899 1258/1302/900 1281/1281/879
f 930/1272/870 931/1271/869 996/1326/922 995/1562/1123
f 910/1311/909 911/1315/913 976/1568/1129 975/1563/1124
f 932/1283/881 933/1289/887 998/1544/1106 997/1325/921
f 917/1267/865 918/1277/875 983/1565/1126 982/1566/1127
f 924/1313/911 925/1317/915 990/1542/1104 989/1567/1128
f 919/1292/890 920/1291/889 985/1548/1110 984/1564/1125
f 905/1279/877 906/1287/885 971/1569/1130 967/1285/883
f 911/1315/913 912/1319/917 977/1546/1108 976/1568/1129
f 906/1287/885 907/1295/893 972/1551/1113 971/1569/1130
f 908/1306/904 907/1295/893 1266/1296/894 1260/1307/905
f 871/1510/1072 901/1509/1071 966/1570/1131 936/1571/1132
f 870/1512/1074 900/1511/1073 965/1572/1133 935/1573/1134
f 901/1509/1071 899/1513/1075 964/1574/1135 966/1570/1131
f 900/1511/1073 898/1514/1076 963/1575/1136 965/1572/1133
f 872/1516/1078 897/1515/1077 962/1576/1137 937/1577/1138
f 899/1513/1075 896/1517/1079 961/1578/1139 964/1574/1135
f 898/1514/1076 895/1518/1080 960/1579/1140 963/1575/1136
f 897/1515/1077 894/1519/1081 959/1580/1141 962/1576/1137
f 896/1517/1079 893/1520/1082 958/1581/1142 961/1578/1139
f 895/1518/1080 892/1521/1083 957/1582/1143 960/1579/1140
f 894/1519/1081 891/1522/1084 956/1583/1144 959/1580/1141
f 893/1520/1082 890/1523/1085 955/1584/1145 958/1581/1142
f 892/1521/1083 889/1524/1086 954/1585/1146 957/1582/1143
f 891/1522/1084 888/1525/1087 953/1586/1147 956/1583/1144
f 890/1523/1085 887/1526/1088 952/1587/1148 955/1584/1145
f 889/1524/1086 886/1527/1089 951/1588/1149 954/1585/1146
f 888/1525/1087 885/1528/1090 950/1589/1150 953/1586/1147
f 887/1526/1088 872/1516/1078 937/1577/1138 952/1587/1148
f 886/1527/1089 884/1529/1091 949/1590/1151 951/1588/1149
f 885/1528/1090 883/1530/1092 948/1591/1152 950/1589/1150
f 884/1529/1091 882/1531/1093 947/1592/1153 949/1590/1151
f 883/1530/1092 881/1532/1094 946/1593/1154 948/1591/1152
f 882/1531/1093 880/1533/1095 945/1594/1155 947/1592/1153
f 881/1532/1094 879/1534/1096 944/1595/1156 946/1593/1154
f 880/1533/1095 878/1535/1097 943/1596/1157 945/1594/1155
f 879/1534/1096 877/1536/1098 942/1597/1158 944/1595/1156
f 878/1535/1097 876/1537/1099 941/1598/1159 943/1596/1157
f 877/1536/1098 875/1538/1100 940/1599/1160 942/1597/1158
f 876/1537/1099 874/1539/1101 939/1600/1161 941/1598/1159
f 875/1538/1100 873/1540/1102 938/1601/1162 940/1599/1160
f 874/1539/1101 871/1510/1072 936/1571/1132 939/1600/1161
f 873/1540/1102 870/1512/1074 935/1573/1134 938/1601/1162
f 999/1213/853 1001/1205/844 973/1245/845 974/1256/854
f 935/1602/669 965/1603/665 1000/1239/665 1030/1604/669
f 937/1605/71 962/1252/662 1003/1235/662 1028/1248/71
f 959/1253/687 956/1606/685 1009/1206/685 1006/1224/687
f 956/1606/685 953/1607/683 1012/1207/683 1009/1206/685
f 953/1607/683 950/1608/1163 1015/1243/1163 1012/1207/683
f 950/1608/1163 948/1609/679 1017/1233/679 1015/1243/1163
f 948/1609/679 946/1610/677 1019/1226/677 1017/1233/679
f 946/1610/677 944/1611/648 1021/1218/648 1019/1226/677
f 944/1612/648 942/1613/674 1023/1198/674 1021/1218/648
f 942/1613/674 940/1614/672 1025/1199/672 1023/1198/674
f 940/1614/672 938/1615/1164 1027/1254/1164 1025/1199/672
f 938/1615/1164 935/1602/669 1030/1604/669 1027/1254/1164
f 1030/1604/1165 1000/1239/838 987/1242/841 988/1616/1166
f 965/1603/665 963/1617/666 1002/1240/666 1000/1239/665
f 963/1617/666 960/1618/634 1005/1228/634 1002/1240/666
f 960/1618/634 957/1619/63 1008/1214/63 1005/1228/634
f 957/1619/63 954/1620/631 1011/1215/631 1008/1214/63
f 954/1620/631 951/1621/682 1014/1246/682 1011/1215/631
f 951/1621/682 949/1622/680 1016/1237/680 1014/1246/682
f 1002/1240/839 1005/1228/826 985/1229/827 986/1241/840
f 961/1203/688 958/1623/686 1007/1220/686 1004/1204/688
f 958/1623/686 955/1624/684 1010/1194/684 1007/1220/686
f 955/1624/684 952/1625/602 1013/1195/602 1010/1194/684
f 952/1625/602 937/1605/71 1028/1248/71 1013/1195/602
f 949/1622/680 947/1626/678 1018/1230/678 1016/1237/680
f 947/1626/678 945/1627/1167 1020/1222/1167 1018/1230/678
f 945/1627/1167 943/1628/675 1022/1210/675 1020/1222/1167
f 943/1628/675 941/1629/673 1024/1190/673 1022/1210/675
f 941/1629/673 939/1630/617 1026/1191/617 1024/1190/673
f 939/1630/617 936/1631/670 1029/1250/670 1026/1191/617
f 936/1631/670 966/1212/667 999/1213/667 1029/1250/670
f 1032/1632/1168 1034/1633/1169 1036/1634/1170 1033/1635/1171
f 1033/1635/1171 1036/1634/1170 1035/589/382 1031/613/406
f 1034/1633/1169 1037/1636/1172 1039/1637/1173 1036/1634/1170
f 1036/1634/1170 1039/1637/1173 1038/590/383 1035/589/382
f 1037/1636/1172 1040/1638/1174 1042/1639/1175 1039/1637/1173
f 1039/1637/1173 1042/1639/1175 1041/599/392 1038/590/383
f 1040/1638/1174 1043/1640/1176 1045/1641/1177 1042/1639/1175
f 1042/1639/1175 1045/1641/1177 1044/605/398 1041/599/392
f 1043/1640/1176 1046/1642/1178 1048/1643/1179 1045/1641/1177
f 1045/1641/1177 1048/1643/1179 1047/611/404 1044/605/398
f 1046/1642/1178 1049/1644/1180 1051/1645/1181 1048/1643/1179
f 1048/1643/1179 1051/1645/1181 1050/617/410 1047/611/404
f 1049/1644/1180 1052/1646/1182 1054/1647/1183 1051/1645/1181
f 1051/1645/1181 1054/1647/1183 1053/621/414 1050/617/410
f 1052/1646/1182 1055/1648/1184 1057/1649/1185 1054/1647/1183
f 1054/1647/1183 1057/1649/1185 1056/625/418 1053/621/414
f 1055/1648/1184 1058/1650/1186 1060/1651/1187 1057/1649/1185
f 1057/1649/1185 1060/1651/1187 1059/629/422 1056/625/418
f 1058/1650/1186 1061/1652/1188 1063/1653/1189 1060/1651/1187
f 1060/1651/1187 1063/1653/1189 1062/633/426 1059/629/422
f 1061/1652/1188 1064/1654/1190 1066/1655/1191 1063/1653/1189
f 1063/1653/1189 1066/1655/1191 1065/637/430 1062/633/426
f 1064/1654/1190 1067/1656/1192 1069/1657/1193 1066/1655/1191
f 1066/1655/1191 1069/1657/1193 1068/643/434 1065/637/430
f 1067/1656/1192 1070/1658/1194 1072/1659/1195 1069/1657/1193
f 1069/1657/1193 1072/1659/1195 1071/647/438 1068/643/434
f 1070/1658/1194 1073/1660/1196 1075/1661/1197 1072/1659/1195
f 1072/1659/1195 1075/1661/1197 1074/490/287 1071/647/438
f 1073/1660/1196 1076/1662/1198 1078/1663/1199 1075/1661/1197
f 1075/1661/1197 1078/1663/1199 1077/491/288 1074/490/287
f 1076/1662/1198 1079/1664/1200 1081/1665/1201 1078/1663/1199
f 1078/1663/1199 1081/1665/1201 1080/597/390 1077/491/288
f 1079/1664/1200 1082/1666/1202 1084/1667/1203 1081/1665/1201
f 1081/1665/1201 1084/1667/1203 1083/603/396 1080/597/390
f 1082/1666/1202 1085/1668/1204 1087/1669/1205 1084/1667/1203
f 1084/1667/1203 1087/1669/1205 1086/609/402 1083/603/396
f 1085/1668/1204 1088/1670/1206 1090/1671/1207 1087/1669/1205
f 1087/1669/1205 1090/1671/1207 1089/615/408 1086/609/402
f 1088/1670/1206 1091/1672/1208 1093/1673/1209 1090/1671/1207
f 1090/1671/1207 1093/1673/1209 1092/619/412 1089/615/408
f 1091/1672/1208 1094/1674/1210 1096/1675/1211 1093/1673/1209
f 1093/1673/1209 1096/1675/1211 1095/623/416 1092/619/412
f 1094/1674/1210 1097/1676/1212 1099/1677/1213 1096/1675/1211
f 1096/1675/1211 1099/1677/1213 1098/627/420 1095/623/416
f 1097/1676/1212 1100/1678/1214 1102/1679/1215 1099/1677/1213
f 1099/1677/1213 1102/1679/1215 1101/631/424 1098/627/420
f 1100/1678/1214 1103/1680/1216 1105/1681/1217 1102/1679/1215
f 1102/1679/1215 1105/1681/1217 1104/635/428 1101/631/424
f 1103/1682/1216 1106/1683/1218 1108/1684/1219 1105/1685/1217
f 1105/1685/1217 1108/1684/1219 1107/640/432 1104/639/428
f 1106/1683/1218 1109/1686/1220 1111/1687/1221 1108/1684/1219
f 1108/1684/1219 1111/1687/1221 1110/645/436 1107/640/432
f 1109/1686/1220 1112/1688/1222 1114/1689/1223 1111/1687/1221
f 1111/1687/1221 1114/1689/1223 1113/649/440 1110/645/436
f 1112/1688/1222 1115/1690/1224 1117/1691/1225 1114/1689/1223
f 1114/1689/1223 1117/1691/1225 1116/593/386 1113/649/440
f 1115/1690/1224 1118/1692/1226 1120/1693/1227 1117/1691/1225
f 1117/1691/1225 1120/1693/1227 1119/594/387 1116/593/386
f 1118/1692/1226 1121/1694/1228 1123/1695/1229 1120/1693/1227
f 1120/1693/1227 1123/1695/1229 1122/601/394 1119/594/387
f 1121/1694/1228 1124/1696/1230 1126/1697/1231 1123/1695/1229
f 1123/1695/1229 1126/1697/1231 1125/607/400 1122/601/394
f 1124/1696/1230 1032/1632/1168 1033/1635/1171 1126/1697/1231
f 1126/1697/1231 1033/1635/1171 1031/613/406 1125/607/400
f 1161/449/246 1160/849/601 486/422/220 487/450/247
f 1032/1632/1168 1127/915/71 1128/850/602 1034/1633/1169
f 1106/1683/1218 1153/901/650 1154/903/652 1109/1686/1220
f 1079/1664/1200 1144/881/63 1145/883/634 1082/1666/1202
f 1118/1692/1226 1157/909/658 1158/911/660 1121/1694/1228
f 1091/1672/1208 1148/889/640 1149/891/642 1094/1674/1210
f 1064/1654/1190 1139/871/623 1140/873/625 1067/1656/1192
f 1037/1636/1172 1130/853/605 1131/855/607 1040/1638/1174
f 1103/1682/1216 1152/898/648 1153/901/650 1106/1683/1218
f 1076/1662/1198 1143/879/631 1144/881/63 1079/1664/1200
f 1049/1644/1180 1134/861/613 1135/863/615 1052/1646/1182
f 1115/1690/1224 1156/907/656 1157/909/658 1118/1692/1226
f 1088/1670/1206 1147/887/638 1148/889/640 1091/1672/1208
f 1061/1652/1188 1138/869/621 1139/871/623 1064/1654/1190
f 1034/1633/1169 1128/850/602 1130/853/605 1037/1636/1172
f 1124/1696/1230 1129/913/662 1127/915/71 1032/1632/1168
f 1100/1678/1214 1151/895/646 1152/897/648 1103/1680/1216
f 1073/1660/1196 1142/877/629 1143/879/631 1076/1662/1198
f 1046/1642/1178 1133/859/611 1134/861/613 1049/1644/1180
f 1112/1688/1222 1155/905/654 1156/907/656 1115/1690/1224
f 1085/1668/1204 1146/885/636 1147/887/638 1088/1670/1206
f 1058/1650/1186 1137/867/619 1138/869/621 1061/1652/1188
f 1097/1676/1212 1150/893/644 1151/895/646 1100/1678/1214
f 1070/1658/1194 1141/875/627 1142/877/629 1073/1660/1196
f 1043/1640/1176 1132/857/609 1133/859/611 1046/1642/1178
f 1109/1686/1220 1154/903/652 1155/905/654 1112/1688/1222
f 1082/1666/1202 1145/883/634 1146/885/636 1085/1668/1204
f 1052/1646/1182 1135/863/615 1136/865/617 1055/1648/1184
f 1121/1694/1228 1158/911/660 1129/913/662 1124/1696/1230
f 1094/1674/1210 1149/891/642 1150/893/644 1097/1676/1212
f 1067/1656/1192 1140/873/625 1141/875/627 1070/1658/1194
f 1040/1638/1174 1131/855/607 1132/857/609 1043/1640/1176
f 1055/1648/1184 1136/865/617 1137/867/619 1058/1650/1186
f 1162/851/603 1161/449/246 1163/448/245 1164/852/604
f 1164/852/604 1163/448/245 1165/451/248 1166/854/606
f 1166/854/606 1165/451/248 1167/424/222 1168/856/608
f 1168/856/608 1167/424/222 1169/423/221 1170/858/610
f 1170/858/610 1169/423/221 1171/438/236 1172/860/612
f 1172/860/612 1171/438/236 1173/444/242 1174/862/614
f 1174/862/614 1173/444/242 1175/433/231 1176/864/616
f 1176/864/616 1175/433/231 1177/420/218 1178/866/618
f 1178/866/618 1177/420/218 1179/419/217 1180/868/620
f 1180/868/620 1179/419/217 1181/441/239 1182/870/622
f 1182/870/622 1181/441/239 1183/452/249 1184/872/624
f 1184/872/624 1183/452/249 1185/430/228 1186/874/626
f 1186/874/626 1185/430/228 1187/429/227 1188/876/628
f 1188/876/628 1187/429/227 1189/439/237 1190/878/630
f 1190/878/630 1189/439/237 1191/445/243 1192/880/632
f 1192/880/632 1191/445/243 1193/455/252 1194/882/633
f 1194/882/633 1193/455/252 1195/435/233 1196/884/635
f 1196/884/635 1195/435/233 1197/434/232 1198/886/637
f 1198/886/637 1197/434/232 1199/442/240 1200/888/639
f 1200/888/639 1199/442/240 1201/453/250 1202/890/641
f 1202/890/641 1201/453/250 1203/432/230 1204/892/643
f 1204/892/643 1203/432/230 1205/431/229 1206/894/645
f 1206/894/645 1205/431/229 1207/440/238 1208/896/647
f 1208/899/647 1207/447/238 1209/446/244 1210/900/649
f 1210/900/649 1209/446/244 1211/456/253 1212/902/651
f 1212/902/651 1211/456/253 1213/437/235 1214/904/653
f 1214/904/653 1213/437/235 1215/436/234 1216/906/655
f 1216/906/655 1215/436/234 1217/443/241 1218/908/657
f 1218/908/657 1217/443/241 1219/454/251 1220/910/659
f 1220/910/659 1219/454/251 1221/457/254 1222/912/661
f 1222/912/661 1221/457/254 1160/849/601 1159/914/663
f 1127/915/71 1159/914/663 1162/851/603 1128/850/602
f 487/450/247 486/422/220 294/421/219 293/522/317
f 1243/1698/1232 1244/1699/916 1247/1700/912 1248/1701/1233
f 1269/1702/1234 1270/1703/888 1275/1704/882 1276/1705/1235
f 1241/1706/1236 1242/1707/918 1245/1708/914 1246/1709/1237
f 1267/1710/1238 1268/1711/892 1273/1712/891 1274/1713/1239
f 1239/1714/1240 1240/1715/920 1244/1699/916 1243/1698/1232
f 1265/1716/1241 1266/1717/894 1271/1718/886 1272/1719/1242
f 1237/1720/1243 1238/1721/857 1242/1707/918 1241/1706/1236
f 1263/1722/1244 1264/1723/896 1270/1703/888 1269/1702/1234
f 1235/1724/1245 1236/1725/861 1240/1715/920 1239/1714/1240
f 1261/1726/1246 1262/1727/898 1268/1711/892 1267/1710/1238
f 1233/1728/1247 1234/1729/858 1238/1721/857 1237/1720/1243
f 1259/1730/1248 1260/1731/905 1266/1717/894 1265/1716/1241
f 1231/1732/1249 1232/1733/862 1236/1725/861 1235/1724/1245
f 1257/1734/1250 1258/1735/900 1264/1723/896 1263/1722/1244
f 1229/1736/1251 1230/1737/864 1234/1729/858 1233/1728/1247
f 1255/1738/1252 1256/1739/902 1262/1727/898 1261/1726/1246
f 1227/1740/1253 1228/1741/874 1232/1733/862 1231/1732/1249
f 1253/1742/1254 1254/1743/906 1260/1731/905 1259/1730/1248
f 1283/1744/1255 1284/1745/876 1285/1746/868 1286/1747/1256
f 1225/1748/1257 1226/1749/867 1230/1737/864 1229/1736/1251
f 1251/1750/1258 1252/1751/908 1256/1739/902 1255/1738/1252
f 1279/1752/1259 1280/1753/880 1281/1754/879 1282/1755/1260
f 1224/1756/1261 1223/1757/871 1228/1741/874 1227/1740/1253
f 1249/1758/1262 1250/1759/910 1254/1743/906 1253/1742/1254
f 1276/1705/1235 1275/1704/882 1278/1760/872 1277/1761/1263
f 1286/1747/1256 1285/1746/868 1226/1749/867 1225/1748/1257
f 1248/1701/1233 1247/1700/912 1252/1751/908 1251/1750/1258
f 1274/1713/1239 1273/1712/891 1284/1745/876 1283/1744/1255
f 1282/1755/1260 1281/1754/879 1258/1735/900 1257/1734/1250
f 1246/1709/1237 1245/1708/914 1250/1759/910 1249/1758/1262
f 1272/1719/1242 1271/1718/886 1280/1753/880 1279/1752/1259
f 1235/1724/1245 1239/1714/1240 902/1762/664
f 1282/1755/1260 1257/1734/1250 902/1762/664
f 1279/1752/1259 1282/1755/1260 902/1762/664
f 1276/1705/1235 1277/1761/1263 902/1762/664
f 1259/1730/1248 1265/1716/1241 902/1762/664
f 1246/1709/1237 1249/1758/1262 902/1762/664
f 1229/1736/1251 1233/1728/1247 902/1762/664
f 1225/1748/1257 1229/1736/1251 902/1762/664
f 1237/1720/1243 1241/1706/1236 902/1762/664
f 1286/1747/1256 1225/1748/1257 902/1762/664
f 1243/1698/1232 1248/1701/1233 902/1762/664
f 1253/1742/1254 1259/1730/1248 902/1762/664
f 1239/1714/1240 1243/1698/1232 902/1762/664
f 1261/1726/1246 1267/1710/1238 902/1762/664
f 1241/1706/1236 1246/1709/1237 902/1762/664
f 1272/1719/1242 1279/1752/1259 902/1762/664
f 1231/1732/1249 1235/1724/1245 902/1762/664
f 1224/1756/1261 1227/1740/1253 902/1762/664
f 1248/1701/1233 1251/1750/1258 902/1762/664
f 1255/1738/1252 1261/1726/1246 902/1762/664
f 1251/1750/1258 1255/1738/1252 902/1762/664
f 1263/1722/1244 1269/1702/1234 902/1762/664
f 1249/1758/1262 1253/1742/1254 902/1762/664
f 1233/1728/1247 1237/1720/1243 902/1762/664
f 1274/1713/1239 1283/1744/1255 902/1762/664
f 1283/1744/1255 1286/1747/1256 902/1762/664
f 1265/1716/1241 1272/1719/1242 902/1762/664
f 1277/1761/1263 1224/1756/1261 902/1762/664
f 1257/1734/1250 1263/1722/1244 902/1762/664
f 1269/1702/1234 1276/1705/1235 902/1762/664
f 1267/1710/1238 1274/1713/1239 902/1762/664
f 1227/1740/1253 1231/1732/1249 902/1762/664
f 1277/1761/1263 1278/1760/872 1223/1757/871 1224/1756/1261
f 1288/785/535 1289/794/544 1290/727/485 1287/723/481
f 1292/786/536 1288/785/535 1287/723/481 1291/716/474
f 1294/801/551 1292/786/536 1291/716/474 1293/715/473
f 1296/802/552 1294/801/551 1293/715/473 1295/823/573
f 1298/806/556 1296/802/552 1295/823/573 1297/827/577
f 1300/810/560 1298/806/556 1297/827/577 1299/829/579
f 1302/814/564 1300/810/560 1299/829/579 1301/831/581
f 1304/818/568 1302/814/564 1301/831/581 1303/833/583
f 1306/757/509 1304/818/568 1303/833/583 1305/835/585
f 1308/758/510 1306/757/509 1305/835/585 1307/837/587
f 1310/764/516 1308/758/510 1307/837/587 1309/839/589
f 1312/770/520 1310/764/516 1309/839/589 1311/840/591
f 1314/774/524 1312/770/520 1311/840/591 1313/841/593
f 1316/778/528 1314/774/524 1313/841/593 1315/843/595
f 1318/782/532 1316/778/528 1315/843/595 1317/845/597
f 1320/790/540 1318/782/532 1317/845/597 1319/847/599
f 1322/798/548 1320/790/540 1319/847/599 1321/753/505
f 1324/804/554 1322/798/548 1321/753/505 1323/751/503
f 1326/808/558 1324/804/554 1323/751/503 1325/745/501
f 1328/812/562 1326/808/558 1325/745/501 1327/743/499
f 1330/816/566 1328/812/562 1327/743/499 1329/741/497
f 1332/820/570 1330/816/566 1329/741/497 1331/739/495
f 1334/761/513 1332/820/570 1331/739/495 1333/736/493
f 1336/762/514 1334/761/513 1333/736/493 1335/735/491
f 1338/768/518 1336/767/514 1335/733/491 1337/731/489
f 1340/772/522 1338/768/518 1337/731/489 1339/729/487
f 1342/776/526 1340/772/522 1339/729/487 1341/725/483
f 1344/780/530 1342/776/526 1341/725/483 1343/720/478
f 1346/788/538 1344/780/530 1343/720/478 1345/719/477
f 1348/796/546 1346/788/538 1345/719/477 1347/821/571
f 1350/793/543 1348/796/546 1347/821/571 1349/825/575
f 1289/794/544 1350/793/543 1349/825/575 1290/727/485
f 357/784/534 358/791/541 1289/794/544 1288/785/535
f 1159/914/663 1160/849/601 1161/449/246 1162/851/603
f 1027/1254/851 1030/1604/1165 988/1616/1166 989/1255/852
f 904/1301/899 903/1280/878 968/1286/884 969/1553/1115
f 1386/1763/1264 1487/1764/1265 1479/1765/1266 1358/1766/1267
f 1389/1767/1268 1386/1763/1264 1358/1766/1267 1359/1768/1269
f 1392/1769/1270 1389/1767/1268 1359/1768/1269 1360/1770/1271
f 1395/1771/1272 1392/1769/1270 1360/1770/1271 1361/1772/1273
f 1398/1773/1274 1395/1771/1272 1361/1772/1273 1362/1774/1275
f 1401/1775/1276 1398/1773/1274 1362/1774/1275 1363/1776/1277
f 1404/1777/1278 1401/1775/1276 1363/1776/1277 1364/1778/1279
f 1490/1779/1280 1404/1777/1278 1364/1778/1279 1480/1780/1281
f 1369/1781/1282 1372/1782/1283 1353/1783/1284 1354/1784/1285
f 1384/1785/1286 1485/1786/1287 1478/1787/1288 1355/1788/1289
f 1378/1789/1290 1351/1790/1291 1352/1791/1292 1375/1792/1293
f 1381/1793/1294 1384/1785/1286 1355/1788/1289 1357/1794/1295
f 1369/1781/1282 1354/1784/1285 1356/1795/1296 1366/1796/1297
f 1372/1782/1283 1375/1792/1293 1352/1791/1292 1353/1783/1284
f 1368/1797/1298 1365/1798/1299 1387/1799/1300 1390/1800/1301
f 1378/1789/1290 1381/1793/1294 1357/1794/1295 1351/1790/1291
f 1371/1801/1302 1368/1797/1298 1390/1800/1301 1393/1802/1303
f 1374/1803/1304 1371/1801/1302 1393/1802/1303 1396/1804/1305
f 1377/1805/1306 1374/1803/1304 1396/1804/1305 1399/1806/1307
f 1380/1807/1308 1377/1805/1306 1399/1806/1307 1402/1808/1309
f 1383/1809/1310 1380/1807/1308 1402/1808/1309 1405/1810/1311
f 1484/1811/1312 1383/1809/1310 1405/1810/1311 1491/1812/1313
f 1365/1798/1299 1481/1813/1314 1488/1814/1315 1387/1799/1300
f 1366/1796/1297 1482/1815/1316 1483/1816/1317 1367/1817/1318
f 1367/1818/1318 1483/1819/1317 1481/1813/1314 1365/1798/1299
f 1369/1781/1282 1366/1796/1297 1367/1817/1318 1370/1820/1319
f 1370/1821/1319 1367/1818/1318 1365/1798/1299 1368/1797/1298
f 1372/1782/1283 1369/1781/1282 1370/1820/1319 1373/1822/1320
f 1373/1823/1320 1370/1821/1319 1368/1797/1298 1371/1801/1302
f 1375/1792/1293 1372/1782/1283 1373/1822/1320 1376/1824/1321
f 1376/1825/1321 1373/1823/1320 1371/1801/1302 1374/1803/1304
f 1378/1789/1290 1375/1792/1293 1376/1824/1321 1379/1826/1322
f 1379/1827/1322 1376/1825/1321 1374/1803/1304 1377/1805/1306
f 1381/1793/1294 1378/1789/1290 1379/1826/1322 1382/1828/1323
f 1382/1829/1323 1379/1827/1322 1377/1805/1306 1380/1807/1308
f 1384/1785/1286 1381/1793/1294 1382/1828/1323 1385/1830/1324
f 1385/1831/1324 1382/1829/1323 1380/1807/1308 1383/1809/1310
f 1485/1786/1287 1384/1785/1286 1385/1830/1324 1486/1832/1325
f 1486/1833/1325 1385/1831/1324 1383/1809/1310 1484/1811/1312
f 1387/1799/1300 1488/1814/1315 1489/1834/1326 1388/1835/1327
f 1388/1836/1327 1489/1837/1326 1487/1764/1265 1386/1763/1264
f 1390/1800/1301 1387/1799/1300 1388/1835/1327 1391/1838/1328
f 1391/1839/1328 1388/1836/1327 1386/1763/1264 1389/1767/1268
f 1393/1802/1303 1390/1800/1301 1391/1838/1328 1394/1840/1329
f 1394/1841/1329 1391/1839/1328 1389/1767/1268 1392/1769/1270
f 1396/1804/1305 1393/1802/1303 1394/1840/1329 1397/1842/1330
f 1397/1843/1330 1394/1841/1329 1392/1769/1270 1395/1771/1272
f 1399/1806/1307 1396/1804/1305 1397/1842/1330 1400/1844/1331
f 1400/1845/1331 1397/1843/1330 1395/1771/1272 1398/1773/1274
f 1402/1808/1309 1399/1806/1307 1400/1844/1331 1403/1846/1332
f 1403/1847/1332 1400/1845/1331 1398/1773/1274 1401/1775/1276
f 1405/1810/1311 1402/1808/1309 1403/1846/1332 1406/1848/1333
f 1406/1849/1333 1403/1847/1332 1401/1775/1276 1404/1777/1278
f 1491/1812/1313 1405/1810/1311 1406/1848/1333 1492/1850/1334
f 1492/1851/1334 1406/1849/1333 1404/1777/1278 1490/1779/1280
f 1364/1852/1335 1363/1853/1336 1493/1854/1337
f 1480/1855/1338 1364/1852/1335 1493/1854/1337
f 1358/1856/1339 1479/1857/1340 1493/1854/1337
f 1359/1858/1341 1358/1856/1339 1493/1854/1337
f 1360/1859/1342 1359/1858/1341 1493/1854/1337
f 1361/1860/1343 1360/1859/1342 1493/1854/1337
f 1362/1861/1344 1361/1860/1343 1493/1854/1337
f 1363/1853/1336 1362/1861/1344 1493/1854/1337
f 1511/1862/1345 1419/1863/1346 1409/1864/1347 1502/1865/1348
f 1420/1866/1349 1416/1867/1350 1413/1868/1351 1410/1869/1352
f 1419/1863/1346 1415/1870/1353 1412/1871/1354 1409/1864/1347
f 1418/1872/1355 1414/1873/1356 1411/1874/1357 1408/1875/1358
f 1417/1876/1359 1420/1866/1349 1410/1869/1352 1407/1877/1360
f 1416/1867/1350 1508/1878/1361 1496/1879/1361 1413/1868/1351
f 1415/1870/1353 1418/1872/1355 1408/1875/1358 1412/1871/1354
f 1414/1873/1356 1417/1876/1359 1407/1877/1360 1411/1874/1357
f 1482/1815/1316 1366/1796/1297 1356/1795/1296 1477/1880/1362
f 1352/1791/1292 1351/1790/1291 1417/1876/1359 1414/1873/1356
f 1354/1784/1285 1353/1783/1284 1418/1872/1355 1415/1870/1353
f 1355/1788/1289 1478/1787/1288 1508/1878/1361 1416/1867/1350
f 1351/1790/1291 1357/1794/1295 1420/1866/1349 1417/1876/1359
f 1353/1783/1284 1352/1791/1292 1414/1873/1356 1418/1872/1355
f 1356/1795/1296 1354/1784/1285 1415/1870/1353 1419/1863/1346
f 1357/1794/1295 1355/1788/1289 1416/1867/1350 1420/1866/1349
f 1477/1880/1362 1356/1795/1296 1419/1863/1346 1511/1862/1345
f 1456/1881/1363 1428/1882/1364 1479/1883/1266 1487/1884/1265
f 1459/1885/1365 1429/1886/1366 1428/1882/1364 1456/1881/1363
f 1462/1887/1367 1430/1888/1368 1429/1886/1366 1459/1885/1365
f 1465/1889/1369 1431/1890/1370 1430/1888/1368 1462/1887/1367
f 1468/1891/1371 1432/1892/1372 1431/1890/1370 1465/1889/1369
f 1471/1893/1373 1433/1894/1374 1432/1892/1372 1468/1891/1371
f 1474/1895/1375 1434/1896/1376 1433/1894/1374 1471/1893/1373
f 1490/1779/1280 1480/1780/1281 1434/1896/1376 1474/1895/1375
f 1439/1897/1377 1424/1898/1378 1423/1899/1379 1442/1900/1380
f 1454/1901/1381 1425/1902/1382 1478/1787/1288 1485/1786/1287
f 1448/1903/1383 1445/1904/1384 1422/1905/1385 1421/1906/1386
f 1451/1907/1387 1427/1908/1388 1425/1902/1382 1454/1901/1381
f 1439/1897/1377 1436/1909/1389 1426/1910/1390 1424/1898/1378
f 1442/1900/1380 1423/1899/1379 1422/1905/1385 1445/1904/1384
f 1438/1911/1391 1460/1912/1392 1457/1913/1393 1435/1914/1394
f 1448/1903/1383 1421/1906/1386 1427/1908/1388 1451/1907/1387
f 1441/1915/1395 1463/1916/1396 1460/1912/1392 1438/1911/1391
f 1444/1917/1397 1466/1918/1398 1463/1916/1396 1441/1915/1395
f 1447/1919/1399 1469/1920/1400 1466/1918/1398 1444/1917/1397
f 1450/1921/1401 1472/1922/1402 1469/1920/1400 1447/1919/1399
f 1453/1923/1403 1475/1924/1404 1472/1922/1402 1450/1921/1401
f 1484/1811/1312 1491/1812/1313 1475/1924/1404 1453/1923/1403
f 1435/1914/1394 1457/1913/1393 1488/1814/1315 1481/1813/1314
f 1436/1909/1389 1437/1925/1405 1483/1926/1317 1482/1927/1316
f 1437/1928/1405 1435/1914/1394 1481/1813/1314 1483/1819/1317
f 1439/1897/1377 1440/1929/1406 1437/1925/1405 1436/1909/1389
f 1440/1930/1406 1438/1911/1391 1435/1914/1394 1437/1928/1405
f 1442/1900/1380 1443/1931/1407 1440/1929/1406 1439/1897/1377
f 1443/1932/1407 1441/1915/1395 1438/1911/1391 1440/1930/1406
f 1445/1904/1384 1446/1933/1408 1443/1931/1407 1442/1900/1380
f 1446/1934/1408 1444/1917/1397 1441/1915/1395 1443/1932/1407
f 1448/1903/1383 1449/1935/1409 1446/1933/1408 1445/1904/1384
f 1449/1936/1409 1447/1919/1399 1444/1917/1397 1446/1934/1408
f 1451/1907/1387 1452/1937/1410 1449/1935/1409 1448/1903/1383
f 1452/1938/1410 1450/1921/1401 1447/1919/1399 1449/1936/1409
f 1454/1901/1381 1455/1939/1411 1452/1937/1410 1451/1907/1387
f 1455/1940/1411 1453/1923/1403 1450/1921/1401 1452/1938/1410
f 1485/1786/1287 1486/1832/1325 1455/1939/1411 1454/1901/1381
f 1486/1833/1325 1484/1811/1312 1453/1923/1403 1455/1940/1411
f 1457/1913/1393 1458/1941/1412 1489/1834/1326 1488/1814/1315
f 1458/1942/1412 1456/1881/1363 1487/1884/1265 1489/1943/1326
f 1460/1912/1392 1461/1944/1413 1458/1941/1412 1457/1913/1393
f 1461/1945/1413 1459/1885/1365 1456/1881/1363 1458/1942/1412
f 1463/1916/1396 1464/1946/1414 1461/1944/1413 1460/1912/1392
f 1464/1947/1414 1462/1887/1367 1459/1885/1365 1461/1945/1413
f 1466/1918/1398 1467/1948/1415 1464/1946/1414 1463/1916/1396
f 1467/1949/1415 1465/1889/1369 1462/1887/1367 1464/1947/1414
f 1469/1920/1400 1470/1950/1416 1467/1948/1415 1466/1918/1398
f 1470/1951/1416 1468/1891/1371 1465/1889/1369 1467/1949/1415
f 1472/1922/1402 1473/1952/1417 1470/1950/1416 1469/1920/1400
f 1473/1953/1417 1471/1893/1373 1468/1891/1371 1470/1951/1416
f 1475/1924/1404 1476/1954/1418 1473/1952/1417 1472/1922/1402
f 1476/1955/1418 1474/1895/1375 1471/1893/1373 1473/1953/1417
f 1491/1812/1313 1492/1850/1334 1476/1954/1418 1475/1924/1404
f 1492/1851/1334 1490/1779/1280 1474/1895/1375 1476/1955/1418
f 1434/1956/1419 1493/1854/1337 1433/1957/1420
f 1480/1855/1338 1493/1854/1337 1434/1956/1419
f 1428/1958/1421 1493/1854/1337 1479/1857/1340
f 1429/1959/1422 1493/1854/1337 1428/1958/1421
f 1430/1960/1423 1493/1854/1337 1429/1959/1422
f 1431/1961/1424 1493/1854/1337 1430/1960/1423
f 1432/1962/1425 1493/1854/1337 1431/1961/1424
f 1433/1957/1420 1493/1854/1337 1432/1962/1425
f 1511/1963/1345 1502/1964/1348 1497/1965/1426 1509/1966/1427
f 1510/1967/1428 1498/1968/1429 1501/1969/1430 1505/1970/1431
f 1509/1966/1427 1497/1965/1426 1500/1971/1432 1504/1972/1433
f 1507/1973/1434 1495/1974/1435 1499/1975/1436 1503/1976/1437
f 1506/1977/1438 1494/1978/1439 1498/1968/1429 1510/1967/1428
f 1505/1970/1431 1501/1969/1430 1496/1879/1361 1508/1878/1361
f 1504/1972/1433 1500/1971/1432 1495/1974/1435 1507/1973/1434
f 1503/1976/1437 1499/1975/1436 1494/1978/1439 1506/1977/1438
f 1482/1927/1316 1477/1979/1362 1426/1910/1390 1436/1909/1389
f 1422/1905/1385 1503/1976/1437 1506/1977/1438 1421/1906/1386
f 1424/1898/1378 1504/1972/1433 1507/1973/1434 1423/1899/1379
f 1425/1902/1382 1505/1970/1431 1508/1878/1361 1478/1787/1288
f 1421/1906/1386 1506/1977/1438 1510/1967/1428 1427/1908/1388
f 1423/1899/1379 1507/1973/1434 1503/1976/1437 1422/1905/1385
f 1426/1910/1390 1509/1966/1427 1504/1972/1433 1424/1898/1378
f 1427/1908/1388 1510/1967/1428 1505/1970/1431 1425/1902/1382
f 1477/1979/1362 1511/1963/1345 1509/1966/1427 1426/1910/1390
f 1535/1980/1440 1512/1981/1441 1517/1982/1441 1534/1983/1442
f 1532/1984/1443 1515/1985/1444 1516/1986/1445 1533/1987/1446
f 1534/1983/1442 1517/1982/1441 1514/1988/1447 1531/1989/1448
f 1545/1990/1449 1542/1991/1445 1513/1992/1450 1530/1993/1451
f 1531/1989/1448 1514/1988/1447 1515/1985/1444 1532/1984/1443
f 1538/1994/1452 1526/1995/1453 1527/1996/1454 1539/1997/1455
f 1546/1998/1456 1544/1999/1457 1525/2000/1458 1537/2001/1459
f 1541/2002/1460 1529/2003/1461 1526/1995/1453 1538/1994/1452
f 1539/1997/1455 1527/1996/1454 1528/2004/1462 1540/2005/1463
f 1536/2006/1464 1524/2007/1465 1529/2003/1461 1541/2002/1460
f 1526/1995/1453 1531/1989/1448 1532/1984/1443 1527/1996/1454
f 1544/1999/1457 1545/1990/1449 1530/1993/1451 1525/2000/1458
f 1529/2003/1461 1534/1983/1442 1531/1989/1448 1526/1995/1453
f 1527/1996/1454 1532/1984/1443 1533/1987/1446 1528/2004/1462
f 1524/2007/1465 1535/1980/1440 1534/1983/1442 1529/2003/1461
f 1518/2008/1466 1536/2006/1464 1541/2002/1460 1523/2009/1466
f 1521/2010/1467 1539/1997/1455 1540/2005/1463 1522/2011/1468
f 1523/2009/1466 1541/2002/1460 1538/1994/1452 1520/2012/1469
f 1543/2013/1468 1546/1998/1456 1537/2001/1459 1519/2014/1470
f 1520/2012/1469 1538/1994/1452 1539/1997/1455 1521/2010/1467
f 1522/2011/1468 1540/2005/1463 1546/1998/1456 1543/2013/1468
f 1528/2004/1462 1533/1987/1446 1545/1990/1449 1544/1999/1457
f 1540/2005/1463 1528/2004/1462 1544/1999/1457 1546/1998/1456
f 1533/1987/1446 1516/1986/1445 1542/1991/1445 1545/1990/1449
f 1513/2015/1471 1542/2016/1472 1564/2017/1472 1548/2018/1471
f 1514/2019/1473 1517/2020/1474 1552/2021/1474 1549/2022/1475
f 1515/2023/1476 1514/2019/1473 1549/2022/1475 1550/2024/1477
f 1516/2025/1478 1515/2023/1476 1550/2024/1477 1551/2026/1479
f 1517/2020/1474 1512/2027/1480 1547/2028/1481 1552/2021/1474
f 1543/2029/1482 1519/2030/1483 1554/2031/1484 1565/2032/1482
f 1523/2033/1485 1520/2034/1486 1555/2035/1487 1558/2036/1485
f 1520/2034/1486 1521/2037/1488 1556/2038/1489 1555/2035/1487
f 1521/2037/1488 1522/2039/1490 1557/2040/1490 1556/2038/1489
f 1518/2041/1491 1523/2033/1485 1558/2036/1485 1553/2042/1492
f 1536/2043/1493 1518/2041/1491 1553/2042/1492 1562/2044/1493
f 1530/2045/1494 1513/2015/1471 1548/2018/1471 1560/2046/1494
f 1524/2007/1465 1571/2047/1495 1572/2048/1496
f 1537/2049/1497 1525/2050/1498 1559/2051/1498 1563/2052/1497
f 1525/2050/1498 1530/2045/1494 1560/2046/1494 1559/2051/1498
f 1512/2027/1480 1535/2053/1499 1561/2054/1499 1547/2028/1481
f 1571/2055/1500 1570/2056/1501 1569/2057/1502 1567/2058/1503
f 1519/2030/1483 1537/2049/1497 1563/2052/1497 1554/2031/1484
f 1542/2016/1472 1516/2025/1478 1551/2026/1479 1564/2017/1472
f 1522/2039/1490 1543/2029/1482 1565/2032/1482 1557/2040/1490
f 1571/2047/1495 1567/2059/1504 1566/2060/1504 1572/2048/1496
f 1573/2061/1505 1572/2062/1506 1566/2063/1507 1568/2064/1508
f 1570/2065/1509 1573/2066/1509 1568/2067/1510 1569/2068/1510
f 1561/2069/1511 1535/2070/1511 1572/2062/1506 1573/2061/1505
f 1524/2007/1465 1536/2006/1464 1571/2047/1495
f 1536/2071/1512 1562/2072/1512 1570/2056/1501 1571/2055/1500
f 1535/1980/1440 1524/2007/1465 1572/2048/1496
f 1561/2073/1513 1573/2066/1509 1570/2065/1509 1562/2074/1513
f 1569/2068/1510 1568/2067/1510 1576/2075/1514 1577/2076/1514
f 1576/2077/1515 1574/2078/1516 1578/2079/1517 1580/2080/1518
f 1568/2064/1508 1566/2063/1507 1574/2078/1516 1576/2077/1515
f 1566/2060/1504 1567/2059/1504 1575/2081/1519 1574/2082/1519
f 1567/2058/1503 1569/2057/1502 1577/2083/1520 1575/2084/1521
f 1579/2085/1522 1581/2086/1523 1585/2087/1524 1583/2088/1525
f 1574/2082/1519 1575/2081/1519 1579/2089/1526 1578/2090/1526
f 1575/2084/1521 1577/2083/1520 1581/2086/1523 1579/2085/1522
f 1577/2076/1514 1576/2075/1514 1580/2091/1527 1581/2092/1527
f 1584/2093/1528 1582/2094/1529 1586/2095/1530 1588/2096/1531
f 1581/2092/1527 1580/2091/1527 1584/2097/1532 1585/2098/1532
f 1580/2080/1518 1578/2079/1517 1582/2094/1529 1584/2093/1528
f 1578/2090/1526 1579/2089/1526 1583/2099/1533 1582/2100/1533
f 1588/2096/1531 1586/2095/1530 1590/2101/1534 1592/2102/1535
f 1582/2100/1533 1583/2099/1533 1587/2103/1536 1586/2104/1536
f 1583/2088/1525 1585/2087/1524 1589/2105/1537 1587/2106/1538
f 1585/2098/1532 1584/2097/1532 1588/2107/1539 1589/2108/1539
f 1591/2109/1540 1593/2110/1541 1597/2111/1542 1595/2112/1543
f 1586/2104/1536 1587/2103/1536 1591/2113/1544 1590/2114/1544
f 1587/2106/1538 1589/2105/1537 1593/2110/1541 1591/2109/1540
f 1589/2108/1539 1588/2107/1539 1592/2115/1545 1593/2116/1545
f 1596/2117/1546 1594/2118/1547 1598/2119/1548 1600/2120/1549
f 1593/2116/1545 1592/2115/1545 1596/2121/1550 1597/2122/1550
f 1592/2102/1535 1590/2101/1534 1594/2118/1547 1596/2117/1546
f 1590/2114/1544 1591/2113/1544 1595/2123/1551 1594/2124/1552
f 1598/2119/1548 1599/2125/1553 1601/2126/1554 1600/2120/1549
f 1594/2124/1552 1595/2123/1551 1599/2127/1555 1598/2128/1555
f 1595/2112/1543 1597/2111/1542 1601/2126/1554 1599/2125/1553
f 1597/2122/1550 1596/2121/1550 1600/2129/1556 1601/2130/1556
f 1625/2131/1557 1624/2132/1558 1607/2133/1559 1602/2134/1559
f 1622/2135/1560 1623/2136/1561 1606/2137/1562 1605/2138/1563
f 1624/2132/1558 1621/2139/1564 1604/2140/1565 1607/2133/1559
f 1635/2141/1566 1620/2142/1567 1603/2143/1568 1632/2144/1562
f 1621/2139/1564 1622/2135/1560 1605/2138/1563 1604/2140/1565
f 1628/2145/1569 1629/2146/1570 1617/2147/1571 1616/2148/1572
f 1636/2149/1573 1627/2150/1574 1615/2151/1575 1634/2152/1576
f 1631/2153/1577 1628/2145/1569 1616/2148/1572 1619/2154/1578
f 1629/2146/1570 1630/2155/1579 1618/2156/1580 1617/2147/1571
f 1626/2157/1581 1631/2153/1577 1619/2154/1578 1614/2158/1582
f 1616/2148/1572 1617/2147/1571 1622/2135/1560 1621/2139/1564
f 1634/2152/1576 1615/2151/1575 1620/2142/1567 1635/2141/1566
f 1619/2154/1578 1616/2148/1572 1621/2139/1564 1624/2132/1558
f 1617/2147/1571 1618/2156/1580 1623/2136/1561 1622/2135/1560
f 1614/2158/1582 1619/2154/1578 1624/2132/1558 1625/2131/1557
f 1608/2159/1583 1613/2160/1583 1631/2153/1577 1626/2157/1581
f 1611/2161/1584 1612/2162/1585 1630/2155/1579 1629/2146/1570
f 1613/2160/1583 1610/2163/1586 1628/2145/1569 1631/2153/1577
f 1633/2164/1585 1609/2165/1587 1627/2150/1574 1636/2149/1573
f 1610/2163/1586 1611/2161/1584 1629/2146/1570 1628/2145/1569
f 1612/2162/1585 1633/2164/1585 1636/2149/1573 1630/2155/1579
f 1618/2156/1580 1634/2152/1576 1635/2141/1566 1623/2136/1561
f 1630/2155/1579 1636/2149/1573 1634/2152/1576 1618/2156/1580
f 1623/2136/1561 1635/2141/1566 1632/2144/1562 1606/2137/1562
f 1603/2166/1588 1638/2167/1588 1654/2168/1589 1632/2169/1589
f 1604/2170/1590 1639/2171/1591 1642/2172/1592 1607/2173/1592
f 1605/2174/1593 1640/2175/1594 1639/2171/1591 1604/2170/1590
f 1606/2176/1595 1641/2177/1596 1640/2175/1594 1605/2174/1593
f 1607/2173/1592 1642/2172/1592 1637/2178/1597 1602/2179/1598
f 1633/2180/1599 1655/2181/1599 1644/2182/1600 1609/2183/1600
f 1613/2184/1601 1648/2185/1601 1645/2186/1602 1610/2187/1603
f 1610/2187/1603 1645/2186/1602 1646/2188/1604 1611/2189/1605
f 1611/2189/1605 1646/2188/1604 1647/2190/1606 1612/2191/1606
f 1608/2192/1607 1643/2193/1608 1648/2185/1601 1613/2184/1601
f 1626/2194/1609 1652/2195/1609 1643/2193/1608 1608/2192/1607
f 1620/2196/1610 1650/2197/1610 1638/2167/1588 1603/2166/1588
f 1614/2158/1582 1662/2198/1611 1661/2199/1612
f 1627/2200/1613 1653/2201/1613 1649/2202/1614 1615/2203/1614
f 1615/2203/1614 1649/2202/1614 1650/2197/1610 1620/2196/1610
f 1602/2179/1598 1637/2178/1597 1651/2204/1615 1625/2205/1615
f 1661/2206/1616 1657/2207/1617 1659/2208/1618 1660/2209/1619
f 1609/2183/1600 1644/2182/1600 1653/2201/1613 1627/2200/1613
f 1632/2169/1589 1654/2168/1589 1641/2177/1596 1606/2176/1595
f 1612/2191/1606 1647/2190/1606 1655/2181/1599 1633/2180/1599
f 1661/2199/1612 1662/2198/1611 1656/2210/1620 1657/2211/1620
f 1663/2212/1621 1658/2213/1622 1656/2214/1623 1662/2215/1624
f 1660/2216/1625 1659/2217/1626 1658/2218/1626 1663/2219/1625
f 1651/2220/1627 1663/2212/1621 1662/2215/1624 1625/2221/1627
f 1614/2158/1582 1661/2199/1612 1626/2157/1581
f 1626/2222/1628 1661/2206/1616 1660/2209/1619 1652/2223/1628
f 1625/2131/1557 1662/2198/1611 1614/2158/1582
f 1651/2224/1629 1652/2225/1629 1660/2216/1625 1663/2219/1625
f 1659/2217/1626 1667/2226/1630 1666/2227/1630 1658/2218/1626
f 1666/2228/1631 1670/2229/1632 1668/2230/1633 1664/2231/1634
f 1658/2213/1622 1666/2228/1631 1664/2231/1634 1656/2214/1623
f 1656/2210/1620 1664/2232/1635 1665/2233/1635 1657/2211/1620
f 1657/2207/1617 1665/2234/1636 1667/2235/1637 1659/2208/1618
f 1669/2236/1638 1673/2237/1639 1675/2238/1640 1671/2239/1641
f 1664/2232/1635 1668/2240/1642 1669/2241/1642 1665/2233/1635
f 1665/2234/1636 1669/2236/1638 1671/2239/1641 1667/2235/1637
f 1667/2226/1630 1671/2242/1643 1670/2243/1643 1666/2227/1630
f 1674/2244/1644 1678/2245/1645 1676/2246/1646 1672/2247/1647
f 1671/2242/1643 1675/2248/1648 1674/2249/1648 1670/2243/1643
f 1670/2229/1632 1674/2244/1644 1672/2247/1647 1668/2230/1633
f 1668/2240/1642 1672/2250/1649 1673/2251/1649 1669/2241/1642
f 1678/2245/1645 1682/2252/1650 1680/2253/1651 1676/2246/1646
f 1672/2250/1649 1676/2254/1652 1677/2255/1652 1673/2251/1649
f 1673/2237/1639 1677/2256/1653 1679/2257/1654 1675/2238/1640
f 1675/2248/1648 1679/2258/1655 1678/2259/1655 1674/2249/1648
f 1681/2260/1656 1685/2261/1657 1687/2262/1658 1683/2263/1659
f 1676/2254/1652 1680/2264/1660 1681/2265/1660 1677/2255/1652
f 1677/2256/1653 1681/2260/1656 1683/2263/1659 1679/2257/1654
f 1679/2258/1655 1683/2266/1661 1682/2267/1661 1678/2259/1655
f 1686/2268/1662 1690/2269/1663 1688/2270/1664 1684/2271/1665
f 1683/2266/1661 1687/2272/1666 1686/2273/1666 1682/2267/1661
f 1682/2252/1650 1686/2268/1662 1684/2271/1665 1680/2253/1651
f 1680/2264/1660 1684/2274/1667 1685/2275/1668 1681/2265/1660
f 1688/2270/1664 1690/2269/1663 1691/2276/1669 1689/2277/1670
f 1684/2274/1667 1688/2278/1671 1689/2279/1671 1685/2275/1668
f 1685/2261/1657 1689/2277/1670 1691/2276/1669 1687/2262/1658
f 1687/2272/1666 1691/2280/1672 1690/2281/1672 1686/2273/1666
f 1711/2282/1673 1765/2283/1674 1763/2284/1675 1710/2285/1676
f 1709/2286/1677 1764/2287/1678 1765/2288/1678 1711/2289/1677
f 1708/2290/1679 1762/2291/1680 1764/2292/1681 1709/2293/1682
f 1693/2294/1683 1692/2295/1683 1696/2296/1684 1697/2297/1684
f 1695/2298/1685 1693/2299/1686 1697/2300/1687 1699/2301/1688
f 1694/2302/1689 1695/2303/1689 1699/2304/1690 1698/2305/1690
f 1692/2306/1691 1694/2307/1692 1698/2308/1693 1696/2309/1694
f 1696/2309/1694 1698/2308/1693 1702/2310/1695 1700/2311/1695
f 1697/2297/1684 1696/2296/1684 1700/2312/1696 1701/2313/1696
f 1699/2301/1688 1697/2300/1687 1701/2314/1697 1703/2315/1697
f 1698/2305/1690 1699/2304/1690 1703/2316/1698 1702/2317/1698
f 1763/2284/1675 1765/2283/1674 1863/2318/1699 1858/2319/1700
f 1860/2320/1701 1863/2321/1701 1765/2288/1678 1764/2287/1678
f 1762/2322/1702 1763/2323/1702 1858/2324/1703 1857/2325/1703
f 1695/2303/1689 1694/2302/1689 1709/2286/1677 1711/2289/1677
f 1693/2299/1686 1695/2298/1685 1711/2282/1673 1710/2285/1676
f 1692/2295/1683 1693/2294/1683 1710/2326/1704 1708/2327/1704
f 1694/2307/1692 1692/2306/1691 1708/2290/1679 1709/2293/1682
f 1702/2317/1698 1703/2316/1698 1713/2328/1705 1712/2329/1705
f 1843/2330/1706 1701/2314/1706 1703/2315/1706 1713/2331/1706
f 1735/2332/1707 1737/2333/1707 1707/2334/1708 1706/2335/1708
f 1734/2336/1709 1730/2337/1710 1714/2338/1711 1716/2339/1712
f 1736/2340/1713 1734/2341/1713 1716/2342/1714 1717/2343/1714
f 1731/2344/1715 1735/2345/1716 1706/2346/1717 1704/2347/1718
f 1732/2348/1719 1736/2349/1720 1717/2350/1721 1715/2351/1722
f 1737/2352/1723 1733/2353/1724 1705/2354/1725 1707/2355/1726
f 1714/2356/1727 1715/2357/1727 1721/2358/1728 1719/2359/1728
f 1718/2360/1729 1722/2361/1729 1753/2362/1730 1751/2363/1731
f 1759/2364/1732 1757/2365/1733 1740/2366/1734 1741/2367/1735
f 1716/2339/1712 1714/2338/1711 1719/2368/1736 1724/2369/1737
f 1715/2351/1722 1717/2350/1721 1728/2370/1738 1721/2371/1739
f 1717/2343/1714 1716/2342/1714 1724/2372/1740 1728/2373/1740
f 1719/2359/1728 1721/2358/1728 1723/2374/1741 1720/2375/1741
f 1720/2375/1741 1723/2374/1741 1722/2361/1729 1718/2360/1729
f 1725/2376/1742 1727/2377/1742 1729/2378/1743 1726/2379/1743
f 1726/2379/1743 1729/2378/1743 1728/2373/1740 1724/2372/1740
f 1718/2380/1744 1725/2381/1745 1726/2382/1746 1720/2383/1747
f 1720/2383/1747 1726/2382/1746 1724/2369/1737 1719/2368/1736
f 1721/2371/1739 1728/2370/1738 1729/2384/1748 1723/2385/1749
f 1723/2385/1749 1729/2384/1748 1727/2386/1750 1722/2387/1751
f 1757/2388/1752 1750/2389/1753 1738/2390/1754 1740/2391/1755
f 1731/2392/1756 1733/2393/1756 1732/2394/1757 1730/2395/1757
f 1734/2341/1713 1736/2340/1713 1737/2333/1707 1735/2332/1707
f 1730/2337/1710 1734/2336/1709 1735/2345/1716 1731/2344/1715
f 1733/2353/1724 1737/2352/1723 1736/2349/1720 1732/2348/1719
f 1730/2395/1757 1732/2394/1757 1715/2357/1727 1714/2356/1727
f 1727/2377/1742 1725/2376/1742 1756/2396/1758 1760/2397/1759
f 1754/2398/1760 1759/2399/1761 1741/2400/1762 1739/2401/1763
f 1725/2381/1745 1718/2380/1744 1751/2402/1764 1756/2403/1765
f 1722/2387/1751 1727/2386/1750 1760/2404/1766 1753/2405/1767
f 1749/2406/1768 1748/2407/1769 1744/2408/1770 1745/2409/1771
f 1748/2410/1772 1746/2411/1773 1742/2412/1774 1744/2413/1775
f 1747/2414/1776 1749/2415/1777 1745/2416/1778 1743/2417/1779
f 1749/2406/1768 1853/2418/1780 1851/2419/1781 1748/2407/1769
f 1749/2415/1777 1747/2414/1776 1848/2420/1782 1853/2421/1783
f 1850/2422/1784 1854/2423/1785 1741/2367/1735 1740/2366/1734
f 1845/2424/1786 1850/2425/1787 1740/2391/1755 1738/2390/1754
f 1854/2426/1788 1847/2427/1788 1739/2401/1763 1741/2400/1762
f 1746/2428/1789 1747/2429/1790 1743/2430/1791 1742/2431/1792
f 1751/2363/1731 1753/2362/1730 1755/2432/1793 1752/2433/1794
f 1752/2433/1794 1755/2432/1793 1754/2434/1795 1750/2435/1796
f 1757/2365/1733 1759/2364/1732 1761/2436/1797 1758/2437/1798
f 1758/2437/1798 1761/2436/1797 1760/2397/1759 1756/2396/1758
f 1750/2389/1753 1757/2388/1752 1758/2438/1799 1752/2439/1800
f 1752/2439/1800 1758/2438/1799 1756/2403/1765 1751/2402/1764
f 1753/2405/1767 1760/2404/1766 1761/2440/1801 1755/2441/1802
f 1755/2441/1802 1761/2440/1801 1759/2399/1761 1754/2398/1760
f 1750/2435/1796 1754/2434/1795 1739/2442/1803 1738/2443/1804
f 1748/2410/1772 1851/2444/1805 1844/2445/1805 1746/2411/1773
f 1859/2446/1806 1862/2447/1807 1707/2355/1726 1705/2354/1725
f 1856/2448/1808 1704/2347/1718 1706/2346/1717 1861/2449/1809
f 1861/2450/1810 1706/2335/1708 1707/2334/1708 1862/2451/1810
f 1710/2326/1704 1763/2323/1702 1762/2322/1702 1708/2327/1704
f 1857/2452/1811 1860/2453/1812 1764/2292/1681 1762/2291/1680
f 1822/2454/1813 1865/2455/1814 1868/2456/1815 1829/2457/1816
f 1832/2458/1817 1829/2459/1817 1868/2460/1818 1870/2461/1819
f 1767/2462/1820 1771/2463/1821 1770/2464/1821 1766/2465/1820
f 1769/2466/1822 1773/2467/1823 1771/2468/1824 1767/2469/1825
f 1768/2470/1826 1772/2471/1827 1773/2472/1827 1769/2473/1826
f 1766/2474/1828 1770/2475/1829 1772/2476/1830 1768/2477/1831
f 1770/2475/1829 1774/2478/1832 1776/2479/1833 1772/2476/1830
f 1771/2463/1821 1775/2480/1834 1774/2481/1834 1770/2464/1821
f 1773/2467/1823 1777/2482/1835 1775/2483/1836 1771/2468/1824
f 1772/2471/1827 1776/2484/1837 1777/2485/1837 1773/2472/1827
f 1769/2473/1826 1781/2486/1838 1779/2487/1838 1768/2470/1826
f 1767/2469/1825 1780/2488/1839 1781/2489/1840 1769/2466/1822
f 1766/2465/1820 1778/2490/1841 1780/2491/1841 1767/2462/1820
f 1768/2477/1831 1779/2492/1842 1778/2493/1843 1766/2474/1828
f 1776/2484/1837 1784/2494/1844 1785/2495/1844 1777/2485/1837
f 1775/2480/1834 1783/2496/1845 1782/2497/1845 1774/2481/1834
f 1822/2498/1846 1825/2499/1846 1867/2500/1847 1865/2501/1847
f 1831/2502/1848 1826/2503/1849 1787/2504/1850 1789/2505/1851
f 1823/2506/1852 1828/2507/1853 1788/2508/1854 1786/2509/1855
f 1828/2510/1856 1831/2511/1856 1789/2512/1857 1788/2513/1857
f 1818/2514/1858 1820/2515/1858 1793/2516/1859 1792/2517/1859
f 1820/2518/1860 1817/2519/1861 1791/2520/1862 1793/2521/1863
f 1815/2522/1864 1818/2523/1865 1792/2524/1866 1790/2525/1867
f 1786/2509/1855 1788/2508/1854 1819/2526/1868 1814/2527/1869
f 1787/2528/1870 1786/2529/1870 1814/2530/1871 1816/2531/1872
f 1788/2513/1857 1789/2512/1857 1821/2532/1873 1819/2533/1873
f 1789/2505/1851 1787/2504/1850 1816/2534/1874 1821/2535/1874
f 1807/2536/1875 1810/2537/1876 1796/2538/1877 1794/2539/1878
f 1800/2540/1879 1805/2541/1880 1840/2542/1881 1837/2543/1882
f 1803/2544/1883 1798/2545/1884 1835/2546/1885 1838/2547/1886
f 1805/2548/1887 1803/2549/1887 1838/2550/1888 1840/2551/1888
f 1792/2517/1859 1793/2516/1859 1841/2552/1889 1839/2553/1889
f 1799/2554/1890 1802/2555/1891 1811/2556/1892 1806/2557/1893
f 1802/2558/1894 1804/2559/1894 1813/2560/1895 1811/2561/1895
f 1804/2562/1896 1801/2563/1897 1808/2564/1898 1813/2565/1899
f 1812/2566/1900 1809/2567/1901 1795/2568/1902 1797/2569/1903
f 1801/2570/1904 1799/2571/1904 1806/2572/1905 1808/2573/1905
f 1810/2574/1906 1812/2575/1906 1797/2576/1907 1796/2577/1908
f 1791/2578/1909 1790/2579/1909 1834/2580/1910 1836/2581/1910
f 1793/2521/1863 1791/2520/1862 1836/2582/1911 1841/2583/1912
f 1797/2569/1903 1795/2568/1902 1744/2413/1775 1742/2412/1774
f 1795/2584/1913 1794/2585/1913 1745/2409/1771 1744/2408/1770
f 1794/2539/1878 1796/2538/1877 1743/2417/1779 1745/2416/1778
f 1796/2577/1908 1797/2576/1907 1742/2431/1792 1743/2430/1791
f 1801/2563/1897 1804/2562/1896 1805/2541/1880 1800/2540/1879
f 1799/2571/1904 1801/2570/1904 1800/2586/1914 1798/2587/1914
f 1804/2559/1894 1802/2558/1894 1803/2549/1887 1805/2548/1887
f 1802/2555/1891 1799/2554/1890 1798/2545/1884 1803/2544/1883
f 1790/2525/1867 1792/2524/1866 1839/2588/1915 1834/2589/1916
f 1809/2567/1901 1812/2566/1900 1813/2565/1899 1808/2564/1898
f 1807/2590/1917 1809/2591/1917 1808/2573/1905 1806/2572/1905
f 1812/2575/1906 1810/2574/1906 1811/2561/1895 1813/2560/1895
f 1810/2537/1876 1807/2536/1875 1806/2557/1893 1811/2556/1892
f 1809/2591/1917 1807/2590/1917 1794/2585/1913 1795/2584/1913
f 1817/2519/1861 1820/2518/1860 1821/2535/1874 1816/2534/1874
f 1815/2592/1918 1817/2593/1918 1816/2531/1872 1814/2530/1871
f 1820/2515/1858 1818/2514/1858 1819/2533/1873 1821/2532/1873
f 1818/2523/1865 1815/2522/1864 1814/2527/1869 1819/2526/1868
f 1817/2593/1918 1815/2592/1918 1790/2579/1909 1791/2578/1909
f 1826/2503/1849 1831/2502/1848 1833/2594/1919 1827/2595/1920
f 1827/2595/1920 1833/2594/1919 1832/2596/1921 1825/2597/1922
f 1823/2598/1923 1826/2599/1923 1827/2600/1924 1824/2601/1924
f 1824/2601/1924 1827/2600/1924 1825/2499/1846 1822/2498/1846
f 1831/2511/1856 1828/2510/1856 1830/2602/1925 1833/2603/1925
f 1833/2603/1925 1830/2602/1925 1829/2459/1817 1832/2458/1817
f 1828/2507/1853 1823/2506/1852 1824/2604/1926 1830/2605/1927
f 1830/2605/1927 1824/2604/1926 1822/2454/1813 1829/2457/1816
f 1826/2599/1923 1823/2598/1923 1786/2529/1870 1787/2528/1870
f 1779/2492/1842 1866/2606/1928 1871/2607/1929 1778/2493/1843
f 1781/2486/1838 1864/2608/1930 1866/2609/1930 1779/2487/1838
f 1780/2491/1841 1778/2490/1841 1871/2610/1931 1869/2611/1932
f 1780/2488/1839 1869/2612/1933 1864/2613/1934 1781/2489/1840
f 1841/2583/1912 1836/2582/1911 1837/2543/1882 1840/2542/1881
f 1836/2581/1910 1834/2580/1910 1835/2614/1935 1837/2615/1935
f 1839/2553/1889 1841/2552/1889 1840/2551/1888 1838/2550/1888
f 1834/2589/1916 1839/2588/1915 1838/2547/1886 1835/2546/1885
f 1798/2587/1914 1800/2586/1914 1837/2615/1935 1835/2614/1935
f 1848/2616/1936 1747/2429/1790 1746/2428/1789 1844/2617/1937
f 1700/2312/1938 1701/2313/1938 1843/2618/1938 1842/2619/1938
f 1712/2620/1939 1713/2621/1939 1843/2622/1939 1842/2623/1939
f 1700/2311/1940 1842/2623/1940 1712/2620/1940 1702/2310/1940
f 1784/2624/1941 1776/2479/1833 1774/2478/1832 1782/2625/1942
f 1785/2626/1943 1784/2624/1941 1782/2625/1942 1783/2627/1944
f 1777/2482/1835 1785/2628/1943 1783/2629/1944 1775/2483/1836
f 1848/2616/1936 1844/2617/1937 1846/2630/1945 1849/2631/1946
f 1849/2631/1946 1846/2630/1945 1845/2632/1947 1847/2633/1948
f 1854/2423/1785 1850/2422/1784 1852/2634/1949 1855/2635/1950
f 1855/2635/1950 1852/2634/1949 1851/2419/1781 1853/2418/1780
f 1850/2425/1787 1845/2424/1786 1846/2636/1951 1852/2637/1952
f 1852/2637/1952 1846/2636/1951 1844/2445/1805 1851/2444/1805
f 1853/2421/1783 1848/2420/1782 1849/2638/1953 1855/2639/1954
f 1855/2639/1954 1849/2638/1953 1847/2427/1788 1854/2426/1788
f 1847/2633/1948 1845/2632/1947 1738/2443/1804 1739/2442/1803
f 1862/2451/1810 1863/2321/1701 1860/2320/1701 1861/2450/1810
f 1861/2449/1809 1860/2453/1812 1857/2452/1811 1856/2448/1808
f 1859/2446/1806 1858/2319/1700 1863/2318/1699 1862/2447/1807
f 1856/2640/1955 1859/2641/1955 1705/2642/1956 1704/2643/1956
f 1871/2607/1929 1866/2606/1928 1867/2644/1957 1870/2645/1958
f 1866/2609/1930 1864/2608/1930 1865/2501/1847 1867/2500/1847
f 1869/2611/1932 1871/2610/1931 1870/2461/1819 1868/2460/1818
f 1864/2613/1934 1869/2612/1933 1868/2456/1815 1865/2455/1814
f 1825/2597/1922 1832/2596/1921 1870/2645/1958 1867/2644/1957
f 1733/2393/1756 1731/2392/1756 1704/2643/1956 1705/2642/1956
f 1856/2640/1955 1857/2325/1703 1858/2324/1703 1859/2641/1955
f 1879/2646/1959 1928/2647/1960 1929/2648/1961 1880/2649/1962
f 1876/2650/1963 1925/2651/1964 1926/2652/1965 1877/2653/1966
f 1883/2654/1967 1932/2655/1968 1921/2656/1969 1872/2657/1970
f 1873/2658/1971 1922/2659/1972 1923/2660/1973 1874/2661/1974
f 1880/2649/1962 1929/2648/1961 1930/2662/1975 1881/2663/1976
f 1877/2653/1966 1926/2652/1965 1927/2664/1977 1878/2665/1978
f 1874/2661/1974 1923/2660/1973 1924/2666/1979 1875/2667/1980
f 1881/2663/1976 1930/2662/1975 1931/2668/1981 1882/2669/1982
f 1878/2670/1978 1927/2671/1977 1928/2647/1960 1879/2646/1959
f 1875/2667/1980 1924/2666/1979 1925/2651/1964 1876/2650/1963
f 1882/2669/1982 1931/2668/1981 1932/2655/1968 1883/2654/1967
f 1876/2672/1963 1877/2673/1966 1889/2674/1983 1888/2675/1984
f 1883/2676/1967 1872/2677/1970 1884/2678/1985 1895/2679/1986
f 1873/2680/1971 1874/2681/1974 1886/2682/1987 1885/2683/1988
f 1880/2684/1962 1881/2685/1976 1893/2686/1989 1892/2687/1990
f 1877/2673/1966 1878/2688/1978 1890/2689/1991 1889/2674/1983
f 1874/2681/1974 1875/2690/1980 1887/2691/1992 1886/2682/1987
f 1881/2685/1976 1882/2692/1982 1894/2693/1993 1893/2686/1989
f 1878/2688/1978 1879/2694/1959 1891/2695/1994 1890/2689/1991
f 1875/2690/1980 1876/2672/1963 1888/2675/1984 1887/2691/1992
f 1882/2692/1982 1883/2676/1967 1895/2679/1986 1894/2693/1993
f 1872/2677/1970 1873/2680/1971 1885/2683/1988 1884/2678/1985
f 1879/2694/1959 1880/2684/1962 1892/2687/1990 1891/2695/1994
f 1888/2675/1984 1889/2674/1983 1901/2696/1995 1900/2697/1996
f 1895/2679/1986 1884/2678/1985 1896/2698/1997 1907/2699/1998
f 1885/2683/1988 1886/2682/1987 1898/2700/1999 1897/2701/2000
f 1892/2687/1990 1893/2686/1989 1905/2702/2001 1904/2703/2002
f 1889/2674/1983 1890/2689/1991 1902/2704/2003 1901/2696/1995
f 1886/2682/1987 1887/2691/1992 1899/2705/2004 1898/2700/1999
f 1893/2686/1989 1894/2693/1993 1906/2706/2005 1905/2702/2001
f 1890/2689/1991 1891/2695/1994 1903/2707/2006 1902/2704/2003
f 1887/2691/1992 1888/2675/1984 1900/2697/1996 1899/2705/2004
f 1894/2693/1993 1895/2679/1986 1907/2699/1998 1906/2706/2005
f 1884/2678/1985 1885/2683/1988 1897/2701/2000 1896/2698/1997
f 1891/2695/1994 1892/2687/1990 1904/2703/2002 1903/2707/2006
f 1905/2702/2001 1917/2708/2007 1916/2709/2008 1904/2703/2002
f 1902/2704/2003 1914/2710/2009 1913/2711/2010 1901/2696/1995
f 1899/2705/2004 1911/2712/2011 1910/2713/2012 1898/2700/1999
f 1906/2706/2005 1918/2714/2013 1917/2708/2007 1905/2702/2001
f 1903/2707/2006 1915/2715/2014 1914/2710/2009 1902/2704/2003
f 1900/2697/1996 1912/2716/2015 1911/2712/2011 1899/2705/2004
f 1907/2699/1998 1919/2717/2016 1918/2714/2013 1906/2706/2005
f 1904/2703/2002 1916/2709/2008 1915/2715/2014 1903/2707/2006
f 1901/2696/1995 1913/2711/2010 1912/2716/2015 1900/2697/1996
f 1896/2698/1997 1908/2718/2017 1919/2717/2016 1907/2699/1998
f 1898/2700/1999 1910/2713/2012 1909/2719/2018 1897/2701/2000
f 1918/2714/2013 1919/2717/2016 1920/2720/2019
f 1908/2718/2017 1909/2719/2018 1920/2720/2019
f 1915/2715/2014 1916/2709/2008 1920/2720/2019
f 1912/2716/2015 1913/2711/2010 1920/2720/2019
f 1919/2717/2016 1908/2718/2017 1920/2720/2019
f 1909/2719/2018 1910/2713/2012 1920/2720/2019
f 1916/2709/2008 1917/2708/2007 1920/2720/2019
f 1913/2711/2010 1914/2710/2009 1920/2720/2019
f 1910/2713/2012 1911/2712/2011 1920/2720/2019
f 1917/2708/2007 1918/2714/2013 1920/2720/2019
f 1914/2710/2009 1915/2715/2014 1920/2720/2019
f 1911/2712/2011 1912/2716/2015 1920/2720/2019
f 1927/2664/1977 1926/2652/1965 1938/2721/2020 1939/2722/2021
f 1924/2666/1979 1923/2660/1973 1935/2723/2022 1936/2724/2023
f 1931/2668/1981 1930/2662/1975 1942/2725/2024 1943/2726/2025
f 1928/2647/1960 1927/2671/1977 1939/2727/2021 1940/2728/2026
f 1925/2651/1964 1924/2666/1979 1936/2724/2023 1937/2729/2027
f 1932/2655/1968 1931/2668/1981 1943/2726/2025 1944/2730/2028
f 1922/2659/1972 1921/2656/1969 1933/2731/2029 1934/2732/2030
f 1929/2648/1961 1928/2647/1960 1940/2728/2026 1941/2733/2031
f 1926/2652/1965 1925/2651/1964 1937/2729/2027 1938/2721/2020
f 1921/2656/1969 1932/2655/1968 1944/2730/2028 1933/2731/2029
f 1923/2660/1973 1922/2659/1972 1934/2732/2030 1935/2723/2022
f 1930/2662/1975 1929/2648/1961 1941/2733/2031 1942/2725/2024
f 1872/2657/1970 1921/2656/1969 1922/2659/1972 1873/2658/1971
f 1897/2701/2000 1909/2719/2018 1908/2718/2017 1896/2698/1997
f 1937/2734/2032 1936/2735/2032 1948/2736/2032 1949/2737/2032
f 1944/2738/2032 1943/2739/2032 1955/2740/2032 1956/2741/2032
f 1934/2742/2032 1933/2743/2032 1945/2744/2032 1946/2745/2032
f 1941/2746/2033 1940/2747/2033 1952/2748/2033 1953/2749/2033
f 1938/2750/2033 1937/2734/2032 1949/2737/2032 1950/2751/2033
f 1933/2743/2032 1944/2738/2032 1956/2741/2032 1945/2744/2032
f 1935/2752/2032 1934/2742/2032 1946/2745/2032 1947/2753/2032
f 1942/2754/2032 1941/2746/2033 1953/2749/2033 1954/2755/2032
f 1939/2756/2033 1938/2750/2033 1950/2751/2033 1951/2757/2033
f 1936/2735/2032 1935/2752/2032 1947/2753/2032 1948/2736/2032
f 1943/2739/2032 1942/2754/2032 1954/2755/2032 1955/2740/2032
f 1940/2747/2033 1939/2756/2033 1951/2757/2033 1952/2748/2033
f 1969/2758/2034 1972/2759/2035 1960/2760/2036 1961/2761/2037
f 1973/2762/2038 1976/2763/2039 1967/2764/2040 1968/2765/2041
f 1977/2766/2042 1980/2767/2043 1957/2768/2044 1958/2769/2045
f 1981/2770/2046 1984/2771/2047 1964/2772/2048 1965/2773/2049
f 1985/2774/2050 1969/2758/2034 1961/2761/2037 1962/2775/2051
f 1980/2767/2043 1973/2762/2038 1968/2765/2041 1957/2768/2044
f 1987/2776/2052 1977/2766/2042 1958/2769/2045 1959/2777/2053
f 1989/2778/2054 1981/2770/2046 1965/2773/2049 1966/2779/2055
f 1991/2780/2056 1985/2774/2050 1962/2775/2051 1963/2781/2057
f 1972/2759/2035 1987/2776/2052 1959/2777/2053 1960/2760/2036
f 1976/2763/2039 1989/2778/2054 1966/2779/2055 1967/2764/2040
f 1984/2771/2047 1991/2782/2056 1963/2783/2057 1964/2772/2048
f 1968/2784/2032 1967/2785/2032 2027/2786/2032 2028/2787/2032
f 1952/2788/2047 1951/2789/2056 1992/2790/2057 1983/2791/2048
f 1986/2792/2058 1970/2793/2059 1994/2794/2060 2010/2795/2061
f 1955/2796/2039 1954/2797/2054 1990/2798/2055 1975/2799/2062
f 1976/2800/2063 1973/2801/2064 1997/2802/2065 2000/2803/2066
f 1948/2804/2067 1947/2805/2052 1988/2806/2053 1971/2807/2036
f 1992/2808/2068 1986/2792/2058 2010/2795/2061 2016/2809/2069
f 1951/2810/2056 1950/2811/2050 1986/2812/2051 1992/2813/2057
f 1973/2801/2064 1980/2814/2070 2004/2815/2071 1997/2802/2065
f 1954/2797/2054 1953/2816/2046 1982/2817/2049 1990/2798/2055
f 1974/2818/2072 1975/2819/2073 1999/2820/2074 1998/2821/2075
f 1947/2805/2052 1946/2822/2042 1978/2823/2045 1988/2806/2053
f 1987/2824/2076 1972/2825/2077 1996/2826/2078 2011/2827/2079
f 1945/2828/2043 1956/2829/2038 1974/2830/2080 1979/2831/2044
f 1979/2832/2081 1974/2818/2072 1998/2821/2075 2003/2833/2082
f 1950/2811/2050 1949/2834/2034 1970/2835/2083 1986/2812/2051
f 1980/2814/2070 1977/2836/2084 2001/2837/2085 2004/2815/2071
f 1953/2816/2046 1952/2788/2047 1983/2791/2048 1982/2817/2049
f 1971/2838/2086 1988/2839/2087 2012/2840/2088 1995/2841/2089
f 1946/2822/2042 1945/2828/2043 1979/2831/2044 1978/2823/2045
f 1977/2836/2084 1987/2824/2076 2011/2827/2079 2001/2837/2085
f 1956/2829/2038 1955/2796/2039 1975/2799/2062 1974/2830/2080
f 1978/2842/2090 1979/2832/2081 2003/2833/2082 2002/2843/2091
f 1949/2834/2034 1948/2804/2067 1971/2807/2036 1970/2835/2083
f 1989/2844/2092 1976/2800/2063 2000/2803/2066 2013/2845/2093
f 2007/2846/2047 2016/2847/2056 2015/2848/2057 2008/2849/2094
f 1999/2850/2039 2014/2851/2054 2013/2852/2055 2000/2853/2062
f 1995/2854/2067 2012/2855/2052 2011/2856/2053 1996/2857/2036
f 2016/2858/2056 2010/2859/2050 2009/2860/2051 2015/2861/2057
f 2014/2851/2054 2006/2862/2046 2005/2863/2049 2013/2852/2055
f 2012/2855/2052 2002/2864/2042 2001/2865/2045 2011/2856/2053
f 2003/2866/2043 1998/2867/2038 1997/2868/2041 2004/2869/2044
f 2010/2859/2050 1994/2870/2034 1993/2871/2083 2009/2860/2051
f 2006/2862/2046 2007/2846/2047 2008/2849/2094 2005/2863/2049
f 2002/2864/2042 2003/2866/2043 2004/2869/2044 2001/2865/2045
f 1998/2867/2038 1999/2850/2039 2000/2853/2062 1997/2868/2041
f 1994/2870/2034 1995/2854/2067 1996/2857/2036 1993/2871/2083
f 1985/2872/2095 1991/2873/2096 2015/2874/2097 2009/2875/2098
f 1970/2793/2059 1971/2838/2086 1995/2841/2089 1994/2794/2060
f 1983/2876/2099 1992/2877/2068 2016/2878/2069 2007/2879/2100
f 1969/2880/2101 1985/2872/2095 2009/2875/2098 1993/2881/2102
f 1990/2882/2103 1982/2883/2104 2006/2884/2105 2014/2885/2106
f 1972/2825/2077 1969/2880/2101 1993/2881/2102 1996/2826/2078
f 1991/2873/2096 1984/2886/2107 2008/2887/2108 2015/2874/2097
f 1982/2883/2104 1983/2876/2099 2007/2879/2100 2006/2884/2105
f 1981/2888/2109 1989/2844/2092 2013/2845/2093 2005/2889/2110
f 1975/2819/2073 1990/2882/2103 2014/2885/2106 1999/2820/2074
f 1984/2886/2107 1981/2888/2109 2005/2889/2110 2008/2887/2108
f 1988/2839/2087 1978/2842/2090 2002/2843/2091 2012/2840/2088
f 2027/2890/2025 2026/2891/2111 2038/2892/2111 2039/2893/2025
f 1958/2894/2033 1957/2895/2032 2018/2896/2032 2017/2897/2033
f 1965/2898/2033 1964/2899/2033 2024/2900/2033 2025/2901/2033
f 1962/2902/2033 1961/2903/2032 2021/2904/2032 2022/2905/2033
f 1957/2895/2032 1968/2784/2032 2028/2787/2032 2018/2896/2032
f 1959/2906/2032 1958/2894/2033 2017/2897/2033 2019/2907/2032
f 1966/2908/2032 1965/2898/2033 2025/2901/2033 2026/2909/2032
f 1963/2910/2033 1962/2902/2033 2022/2905/2033 2023/2911/2033
f 1960/2912/2032 1959/2906/2032 2019/2907/2032 2020/2913/2032
f 1967/2785/2032 1966/2908/2032 2026/2909/2032 2027/2786/2032
f 1964/2899/2033 1963/2910/2033 2023/2911/2033 2024/2900/2033
f 1961/2903/2032 1960/2912/2032 2020/2913/2032 2021/2904/2032
f 2032/2914/2033 2031/2915/2032 2041/2916/2032
f 2024/2917/2026 2023/2918/2021 2035/2919/2021 2036/2920/2026
f 2021/2921/2027 2020/2922/2023 2032/2923/2023 2033/2924/2027
f 2028/2925/2028 2027/2890/2025 2039/2893/2025 2040/2926/2028
f 2017/2927/2112 2018/2928/2029 2030/2929/2029 2029/2930/2030
f 2025/2931/2031 2024/2917/2026 2036/2920/2026 2037/2932/2031
f 2022/2933/2020 2021/2921/2027 2033/2924/2027 2034/2934/2020
f 2018/2928/2029 2028/2925/2028 2040/2926/2028 2030/2929/2029
f 2019/2935/2113 2017/2927/2112 2029/2930/2030 2031/2936/2113
f 2026/2891/2111 2025/2931/2031 2037/2932/2031 2038/2892/2111
f 2023/2937/2021 2022/2933/2020 2034/2934/2020 2035/2938/2021
f 2020/2922/2023 2019/2935/2113 2031/2936/2113 2032/2923/2023
f 2039/2939/2032 2038/2940/2032 2041/2916/2032
f 2036/2941/2033 2035/2942/2033 2041/2916/2032
f 2033/2943/2033 2032/2914/2033 2041/2916/2032
f 2040/2944/2032 2039/2939/2032 2041/2916/2032
f 2029/2945/2032 2030/2946/2032 2041/2916/2032
f 2037/2947/2033 2036/2941/2033 2041/2916/2032
f 2034/2948/2033 2033/2943/2033 2041/2916/2032
f 2030/2946/2032 2040/2944/2032 2041/2916/2032
f 2031/2915/2032 2029/2945/2032 2041/2916/2032
f 2038/2940/2032 2037/2947/2033 2041/2916/2032
f 2035/2942/2033 2034/2948/2033 2041/2916/2032
f 2049/2949/2114 2050/2950/2115 2099/2951/2116 2098/2952/2117
f 2046/2953/2118 2047/2954/2119 2096/2955/2120 2095/2956/2121
f 2053/2957/2122 2042/2958/2123 2091/2959/2124 2102/2960/2125
f 2043/2961/2126 2044/2962/2127 2093/2963/2128 2092/2964/2129
f 2050/2950/2115 2051/2965/2130 2100/2966/2131 2099/2951/2116
f 2047/2954/2119 2048/2967/2132 2097/2968/2133 2096/2955/2120
f 2044/2962/2127 2045/2969/2134 2094/2970/2135 2093/2963/2128
f 2051/2965/2130 2052/2971/2136 2101/2972/2137 2100/2966/2131
f 2048/2973/2132 2049/2949/2114 2098/2952/2117 2097/2974/2133
f 2045/2969/2134 2046/2953/2118 2095/2956/2121 2094/2970/2135
f 2052/2971/2136 2053/2957/2122 2102/2960/2125 2101/2972/2137
f 2046/2975/2118 2058/2976/2138 2059/2977/2139 2047/2978/2119
f 2053/2979/2122 2065/2980/2140 2054/2981/2141 2042/2982/2123
f 2043/2983/2126 2055/2984/2142 2056/2985/2143 2044/2986/2127
f 2050/2987/2115 2062/2988/2144 2063/2989/2145 2051/2990/2130
f 2047/2978/2119 2059/2977/2139 2060/2991/2146 2048/2992/2132
f 2044/2986/2127 2056/2985/2143 2057/2993/2147 2045/2994/2134
f 2051/2990/2130 2063/2989/2145 2064/2995/2148 2052/2996/2136
f 2048/2992/2132 2060/2991/2146 2061/2997/2149 2049/2998/2114
f 2045/2994/2134 2057/2993/2147 2058/2976/2138 2046/2975/2118
f 2052/2996/2136 2064/2995/2148 2065/2980/2140 2053/2979/2122
f 2042/2982/2123 2054/2981/2141 2055/2984/2142 2043/2983/2126
f 2049/2998/2114 2061/2997/2149 2062/2988/2144 2050/2987/2115
f 2058/2976/2138 2070/2999/2150 2071/3000/2151 2059/2977/2139
f 2065/2980/2140 2077/3001/2152 2066/3002/2153 2054/2981/2141
f 2055/2984/2142 2067/3003/2154 2068/3004/2155 2056/2985/2143
f 2062/2988/2144 2074/3005/2156 2075/3006/2157 2063/2989/2145
f 2059/2977/2139 2071/3000/2151 2072/3007/2158 2060/2991/2146
f 2056/2985/2143 2068/3004/2155 2069/3008/2159 2057/2993/2147
f 2063/2989/2145 2075/3006/2157 2076/3009/2160 2064/2995/2148
f 2060/2991/2146 2072/3007/2158 2073/3010/2161 2061/2997/2149
f 2057/2993/2147 2069/3008/2159 2070/2999/2150 2058/2976/2138
f 2064/2995/2148 2076/3009/2160 2077/3001/2152 2065/2980/2140
f 2054/2981/2141 2066/3002/2153 2067/3003/2154 2055/2984/2142
f 2061/2997/2149 2073/3010/2161 2074/3005/2156 2062/2988/2144
f 2075/3006/2157 2074/3005/2156 2086/3011/2162 2087/3012/2163
f 2072/3007/2158 2071/3000/2151 2083/3013/2164 2084/3014/2165
f 2069/3008/2159 2068/3004/2155 2080/3015/2166 2081/3016/2167
f 2076/3009/2160 2075/3006/2157 2087/3012/2163 2088/3017/2168
f 2073/3010/2161 2072/3007/2158 2084/3014/2165 2085/3018/2169
f 2070/2999/2150 2069/3008/2159 2081/3016/2167 2082/3019/2170
f 2077/3001/2152 2076/3009/2160 2088/3017/2168 2089/3020/2171
f 2074/3005/2156 2073/3010/2161 2085/3018/2169 2086/3011/2162
f 2071/3000/2151 2070/2999/2150 2082/3019/2170 2083/3013/2164
f 2066/3002/2153 2077/3001/2152 2089/3020/2171 2078/3021/2172
f 2068/3004/2155 2067/3003/2154 2079/3022/2173 2080/3015/2166
f 2088/3017/2168 2090/3023/2174 2089/3020/2171
f 2078/3021/2172 2090/3023/2174 2079/3022/2173
f 2085/3018/2169 2090/3023/2174 2086/3011/2162
f 2082/3019/2170 2090/3023/2174 2083/3013/2164
f 2089/3020/2171 2090/3023/2174 2078/3021/2172
f 2079/3022/2173 2090/3023/2174 2080/3015/2166
f 2086/3011/2162 2090/3023/2174 2087/3012/2163
f 2083/3013/2164 2090/3023/2174 2084/3014/2165
f 2080/3015/2166 2090/3023/2174 2081/3016/2167
f 2087/3012/2163 2090/3023/2174 2088/3017/2168
f 2084/3014/2165 2090/3023/2174 2085/3018/2169
f 2081/3016/2167 2090/3023/2174 2082/3019/2170
f 2097/2968/2133 2109/3024/2175 2108/3025/2176 2096/2955/2120
f 2094/2970/2135 2106/3026/2177 2105/3027/2178 2093/2963/2128
f 2101/2972/2137 2113/3028/2179 2112/3029/2180 2100/2966/2131
f 2098/2952/2117 2110/3030/2181 2109/3031/2175 2097/2974/2133
f 2095/2956/2121 2107/3032/2182 2106/3026/2177 2094/2970/2135
f 2102/2960/2125 2114/3033/2183 2113/3028/2179 2101/2972/2137
f 2092/2964/2129 2104/3034/2184 2103/3035/2185 2091/2959/2124
f 2099/2951/2116 2111/3036/2186 2110/3030/2181 2098/2952/2117
f 2096/2955/2120 2108/3025/2176 2107/3032/2182 2095/2956/2121
f 2091/2959/2124 2103/3035/2185 2114/3033/2183 2102/2960/2125
f 2093/2963/2128 2105/3027/2178 2104/3034/2184 2092/2964/2129
f 2100/2966/2131 2112/3029/2180 2111/3036/2186 2099/2951/2116
f 2042/2958/2123 2043/2961/2126 2092/2964/2129 2091/2959/2124
f 2067/3003/2154 2066/3002/2153 2078/3021/2172 2079/3022/2173
f 2107/3037/2187 2119/3038/2187 2118/3039/2188 2106/3040/2188
f 2114/3041/2188 2126/3042/2188 2125/3043/2188 2113/3044/2188
f 2104/3045/2188 2116/3046/2188 2115/3047/2188 2103/3048/2188
f 2111/3049/2187 2123/3050/2187 2122/3051/2187 2110/3052/2187
f 2108/3053/2187 2120/3054/2187 2119/3038/2187 2107/3037/2187
f 2103/3048/2188 2115/3047/2188 2126/3042/2188 2114/3041/2188
f 2105/3055/2188 2117/3056/2188 2116/3046/2188 2104/3045/2188
f 2112/3057/2188 2124/3058/2188 2123/3050/2187 2111/3049/2187
f 2109/3059/2187 2121/3060/2187 2120/3054/2187 2108/3053/2187
f 2106/3040/2188 2118/3039/2188 2117/3056/2188 2105/3055/2188
f 2113/3044/2188 2125/3043/2188 2124/3058/2188 2112/3057/2188
f 2110/3052/2187 2122/3051/2187 2121/3060/2187 2109/3059/2187
f 2139/3061/2189 2131/3062/2190 2130/3063/2191 2142/3064/2192
f 2143/3065/2193 2138/3066/2194 2137/3067/2195 2146/3068/2196
f 2147/3069/2197 2128/3070/2198 2127/3071/2199 2150/3072/2200
f 2151/3073/2201 2135/3074/2202 2134/3075/2203 2154/3076/2204
f 2155/3077/2205 2132/3078/2206 2131/3062/2190 2139/3061/2189
f 2150/3072/2200 2127/3071/2199 2138/3066/2194 2143/3065/2193
f 2157/3079/2207 2129/3080/2208 2128/3070/2198 2147/3069/2197
f 2159/3081/2209 2136/3082/2210 2135/3074/2202 2151/3073/2201
f 2161/3083/2211 2133/3084/2212 2132/3078/2206 2155/3077/2205
f 2142/3064/2192 2130/3063/2191 2129/3080/2208 2157/3079/2207
f 2146/3068/2196 2137/3067/2195 2136/3082/2210 2159/3081/2209
f 2154/3076/2204 2134/3075/2203 2133/3085/2212 2161/3086/2211
f 2138/3087/2188 2198/3088/2188 2197/3089/2188 2137/3090/2188
f 2122/3091/2204 2153/3092/2203 2162/3093/2212 2121/3094/2211
f 2156/3095/2213 2180/3096/2214 2164/3097/2215 2140/3098/2216
f 2125/3099/2196 2145/3100/2217 2160/3101/2210 2124/3102/2209
f 2146/3103/2218 2170/3104/2219 2167/3105/2220 2143/3106/2221
f 2118/3107/2192 2141/3108/2191 2158/3109/2208 2117/3110/2207
f 2162/3111/2222 2186/3112/2223 2180/3096/2214 2156/3095/2213
f 2121/3113/2211 2162/3114/2212 2156/3115/2206 2120/3116/2205
f 2143/3106/2221 2167/3105/2220 2174/3117/2224 2150/3118/2225
f 2124/3102/2209 2160/3101/2210 2152/3119/2202 2123/3120/2201
f 2144/3121/2226 2168/3122/2227 2169/3123/2228 2145/3124/2229
f 2117/3110/2207 2158/3109/2208 2148/3125/2198 2116/3126/2230
f 2157/3127/2231 2181/3128/2232 2166/3129/2233 2142/3130/2234
f 2115/3131/2200 2149/3132/2199 2144/3133/2194 2126/3134/2193
f 2149/3135/2235 2173/3136/2236 2168/3122/2227 2144/3121/2226
f 2120/3116/2205 2156/3115/2206 2140/3137/2190 2119/3138/2189
f 2150/3118/2225 2174/3117/2224 2171/3139/2237 2147/3140/2238
f 2123/3120/2201 2152/3119/2202 2153/3092/2203 2122/3091/2204
f 2141/3141/2239 2165/3142/2240 2182/3143/2241 2158/3144/2242
f 2116/3126/2230 2148/3125/2198 2149/3132/2199 2115/3131/2200
f 2147/3140/2238 2171/3139/2237 2181/3128/2232 2157/3127/2231
f 2126/3134/2193 2144/3133/2194 2145/3100/2217 2125/3099/2196
f 2148/3145/2243 2172/3146/2244 2173/3136/2236 2149/3135/2235
f 2119/3138/2189 2140/3137/2190 2141/3108/2191 2118/3107/2192
f 2159/3147/2245 2183/3148/2246 2170/3104/2219 2146/3103/2218
f 2177/3149/2204 2178/3150/2247 2185/3151/2212 2186/3152/2211
f 2169/3153/2196 2170/3154/2217 2183/3155/2210 2184/3156/2209
f 2165/3157/2248 2166/3158/2191 2181/3159/2208 2182/3160/2207
f 2186/3161/2211 2185/3162/2212 2179/3163/2206 2180/3164/2205
f 2184/3156/2209 2183/3155/2210 2175/3165/2202 2176/3166/2201
f 2182/3160/2207 2181/3159/2208 2171/3167/2198 2172/3168/2230
f 2173/3169/2200 2174/3170/2199 2167/3171/2249 2168/3172/2193
f 2180/3164/2205 2179/3163/2206 2163/3173/2250 2164/3174/2189
f 2176/3166/2201 2175/3165/2202 2178/3150/2247 2177/3149/2204
f 2172/3168/2230 2171/3167/2198 2174/3170/2199 2173/3169/2200
f 2168/3172/2193 2167/3171/2249 2170/3154/2217 2169/3153/2196
f 2164/3174/2189 2163/3173/2250 2166/3158/2191 2165/3157/2248
f 2155/3175/2251 2179/3176/2252 2185/3177/2253 2161/3178/2254
f 2140/3098/2216 2164/3097/2215 2165/3142/2240 2141/3141/2239
f 2153/3179/2255 2177/3180/2256 2186/3181/2223 2162/3182/2222
f 2139/3183/2257 2163/3184/2258 2179/3176/2252 2155/3175/2251
f 2160/3185/2259 2184/3186/2260 2176/3187/2261 2152/3188/2262
f 2142/3130/2234 2166/3129/2233 2163/3184/2258 2139/3183/2257
f 2161/3178/2254 2185/3177/2253 2178/3189/2263 2154/3190/2264
f 2152/3188/2262 2176/3187/2261 2177/3180/2256 2153/3179/2255
f 2151/3191/2265 2175/3192/2266 2183/3148/2246 2159/3147/2245
f 2145/3124/2229 2169/3123/2228 2184/3186/2260 2160/3185/2259
f 2154/3190/2264 2178/3189/2263 2175/3192/2266 2151/3191/2265
f 2158/3144/2242 2182/3143/2241 2172/3146/2244 2148/3145/2243
f 2197/3193/2179 2209/3194/2179 2208/3195/2180 2196/3196/2180
f 2128/3197/2187 2187/3198/2187 2188/3199/2188 2127/3200/2188
f 2135/3201/2187 2195/3202/2187 2194/3203/2187 2134/3204/2187
f 2132/3205/2187 2192/3206/2187 2191/3207/2188 2131/3208/2188
f 2127/3200/2188 2188/3199/2188 2198/3088/2188 2138/3087/2188
f 2129/3209/2188 2189/3210/2188 2187/3198/2187 2128/3197/2187
f 2136/3211/2188 2196/3212/2188 2195/3202/2187 2135/3201/2187
f 2133/3213/2187 2193/3214/2187 2192/3206/2187 2132/3205/2187
f 2130/3215/2188 2190/3216/2188 2189/3210/2188 2129/3209/2188
f 2137/3090/2188 2197/3089/2188 2196/3212/2188 2136/3211/2188
f 2134/3204/2187 2194/3203/2187 2193/3214/2187 2133/3213/2187
f 2131/3208/2188 2191/3207/2188 2190/3216/2188 2130/3215/2188
f 2202/3217/2187 2211/3218/2188 2201/3219/2188
f 2194/3220/2181 2206/3221/2181 2205/3222/2175 2193/3223/2175
f 2191/3224/2182 2203/3225/2182 2202/3226/2177 2190/3227/2177
f 2198/3228/2183 2210/3229/2183 2209/3194/2179 2197/3193/2179
f 2187/3230/2267 2199/3231/2267 2200/3232/2185 2188/3233/2185
f 2195/3234/2186 2207/3235/2186 2206/3221/2181 2194/3220/2181
f 2192/3236/2176 2204/3237/2176 2203/3225/2182 2191/3224/2182
f 2188/3233/2185 2200/3232/2185 2210/3229/2183 2198/3228/2183
f 2189/3238/2268 2201/3239/2268 2199/3231/2267 2187/3230/2267
f 2196/3196/2180 2208/3195/2180 2207/3235/2186 2195/3234/2186
f 2193/3240/2175 2205/3241/2175 2204/3237/2176 2192/3236/2176
f 2190/3227/2177 2202/3226/2177 2201/3239/2268 2189/3238/2268
f 2209/3242/2188 2211/3218/2188 2208/3243/2188
f 2206/3244/2187 2211/3218/2188 2205/3245/2187
f 2203/3246/2187 2211/3218/2188 2202/3217/2187
f 2210/3247/2188 2211/3218/2188 2209/3242/2188
f 2199/3248/2188 2211/3218/2188 2200/3249/2188
f 2207/3250/2187 2211/3218/2188 2206/3244/2187
f 2204/3251/2187 2211/3218/2188 2203/3246/2187
f 2200/3249/2188 2211/3218/2188 2210/3247/2188
f 2201/3219/2188 2211/3218/2188 2199/3248/2188
f 2208/3243/2188 2211/3218/2188 2207/3250/2187
f 2205/3245/2187 2211/3218/2188 2204/3251/2187
f 2213/614/407 2214/592/385 2215/508/303 2212/354/154
f 2214/592/385 2216/591/384 2217/509/304 2215/508/303
f 2216/591/384 2218/600/393 2219/512/307 2217/509/304
f 2218/600/393 2220/606/399 2221/470/267 2219/512/307
f 2220/606/399 2222/612/405 2223/471/268 2221/470/267
f 2222/612/405 2224/618/411 2225/488/285 2223/471/268
f 2224/618/411 2226/622/415 2227/502/299 2225/488/285
f 2226/622/415 2228/626/419 2229/458/255 2227/502/299
f 2228/626/419 2230/630/423 2231/459/256 2229/458/255
f 2230/630/423 2232/634/427 2233/482/279 2231/459/256
f 2232/634/427 2234/638/431 2235/496/293 2233/482/279
f 2234/638/431 2236/644/435 2237/514/309 2235/496/293
f 2236/644/435 2238/648/439 2239/474/271 2237/514/309
f 2238/648/439 2240/493/290 2241/475/272 2239/474/271
f 2240/493/290 2242/492/289 2243/425/223 2241/475/272
f 2242/492/289 2244/598/391 2245/426/224 2243/425/223
f 2244/598/391 2246/604/397 2247/462/259 2245/426/224
f 2246/604/397 2248/610/403 2249/463/260 2247/462/259
f 2248/610/403 2250/616/409 2251/484/281 2249/463/260
f 2250/616/409 2252/620/413 2253/498/295 2251/484/281
f 2252/620/413 2254/624/417 2255/516/311 2253/498/295
f 2254/624/417 2256/628/421 2257/478/275 2255/516/311
f 2256/628/421 2258/632/425 2259/479/276 2257/478/275
f 2258/632/425 2260/636/429 2261/494/291 2259/479/276
f 2260/642/429 2262/641/433 2263/505/301 2261/504/291
f 2262/641/433 2264/646/437 2265/466/263 2263/505/301
f 2264/646/437 2266/650/441 2267/467/264 2265/466/263
f 2266/650/441 2268/596/389 2269/486/283 2267/467/264
f 2268/596/389 2270/595/388 2271/500/297 2269/486/283
f 2270/595/388 2272/602/395 2273/518/313 2271/500/297
f 2272/602/395 2274/608/401 2275/353/153 2273/518/313
f 2274/608/401 2213/614/407 2212/354/154 2275/353/153
f 2212/354/154 2215/508/303 390/511/306 389/355/155
